INSERT INTO [Departments] VALUES
(1,'Department no. 119 in Balingueo','Balingueo','Philippines'),
(2,'Department no. 97 in Boyle','Boyle','Ireland'),
(3,'Department no. 30 in Ribeiro','Ribeiro','Portugal'),
(4,'Department no. 96 in Manicaragua','Manicaragua','Cuba'),
(5,'Department no. 83 in Sulang Tengah','Sulang Tengah','Indonesia'),
(6,'Department no. 265 in Hidalgo','Hidalgo','Mexico'),
(7,'Department no. 297 in Jhumra','Jhumra','Pakistan'),
(8,'Department no. 259 in Kraków','Kraków','Poland'),
(9,'Department no. 193 in Tsiombe','Tsiombe','Madagascar'),
(10,'Department no. 292 in Baranowo','Baranowo','Poland'),
(11,'Department no. 220 in Weekombaka','Weekombaka','Indonesia'),
(12,'Department no. 258 in Gryfino','Gryfino','Poland'),
(13,'Department no. 54 in Sigetec','Sigetec','Croatia'),
(14,'Department no. 263 in Kelaniya','Kelaniya','Sri Lanka'),
(15,'Department no. 113 in Farrokh Shahr','Farrokh Shahr','Iran'),
(16,'Department no. 62 in Aleksandrovka','Aleksandrovka','Ukraine'),
(17,'Department no. 69 in Sinchao','Sinchao','Peru'),
(18,'Department no. 78 in Grodków','Grodków','Poland'),
(19,'Department no. 271 in Rēzekne','Rēzekne','Latvia'),
(20,'Department no. 29 in Parintins','Parintins','Brazil'),
(21,'Department no. 61 in Santana do Paraíso','Santana do Paraíso','Brazil'),
(22,'Department no. 216 in San Julian','San Julian','Philippines'),
(23,'Department no. 161 in Saint-Quentin-en-Yvelines','Saint-Quentin-en-Yvelines','France'),
(24,'Department no. 304 in Warszawa','Warszawa','Poland'),
(25,'Department no. 47 in Hamakita','Hamakita','Japan')

INSERT INTO [Employees] VALUES
(1,'Iolanthe Widdocks',CONVERT(DATE,'17.02.2007',105),22),
(2,'Gus Benitti',CONVERT(DATE,'03.03.2006',105),15),
(3,'Thedric Rawood',CONVERT(DATE,'19.09.2011',105),23),
(4,'Xenia Balassa',CONVERT(DATE,'07.04.2019',105),11),
(5,'Corinna Caldaro',CONVERT(DATE,'05.01.2003',105),23),
(6,'Hilton Titmuss',CONVERT(DATE,'02.05.2005',105),4),
(7,'Gibb Gert',CONVERT(DATE,'01.09.2013',105),22),
(8,'Abigael Garside',CONVERT(DATE,'09.01.2005',105),5),
(9,'Rosalinde Ganniclifft',CONVERT(DATE,'07.12.2022',105),16),
(10,'Maurita Ogger',CONVERT(DATE,'14.09.2017',105),11),
(11,'Eldridge Knaggs',CONVERT(DATE,'19.09.2014',105),8),
(12,'Lucina Lettsom',CONVERT(DATE,'15.11.2008',105),3),
(13,'Gui Harsnep',CONVERT(DATE,'12.09.2016',105),20),
(14,'Debora Dicky',CONVERT(DATE,'12.09.2004',105),12),
(15,'Gideon Fritchley',CONVERT(DATE,'27.11.2019',105),2),
(16,'Anatol Billings',CONVERT(DATE,'01.09.2013',105),25),
(17,'Gal Bordman',CONVERT(DATE,'21.08.2019',105),25),
(18,'Walton Dilworth',CONVERT(DATE,'21.03.2001',105),12),
(19,'Kylie Arrigo',CONVERT(DATE,'10.12.2012',105),21),
(20,'Dawn Josipovitz',CONVERT(DATE,'08.01.2008',105),12),
(21,'Carena McGragh',CONVERT(DATE,'18.05.2017',105),5),
(22,'Federica Michelmore',CONVERT(DATE,'10.08.2011',105),9),
(23,'Carlee Kirsop',CONVERT(DATE,'12.01.2015',105),15),
(24,'Erich Batram',CONVERT(DATE,'31.03.2008',105),6),
(25,'Germana Bibbie',CONVERT(DATE,'04.05.2020',105),1),
(26,'Julina Paggitt',CONVERT(DATE,'10.12.2004',105),13),
(27,'Forbes Antunez',CONVERT(DATE,'14.07.2019',105),19),
(28,'Ansley Hellmer',CONVERT(DATE,'28.11.2008',105),12),
(29,'Thomasa Redfearn',CONVERT(DATE,'07.03.2012',105),25),
(30,'Merci Clatworthy',CONVERT(DATE,'06.12.2010',105),16),
(31,'Melina Turner',CONVERT(DATE,'20.10.2014',105),20),
(32,'Torrin Daverin',CONVERT(DATE,'03.11.2002',105),13),
(33,'Kat Nichol',CONVERT(DATE,'22.10.2010',105),2),
(34,'Marti MacAvddy',CONVERT(DATE,'09.06.2006',105),5),
(35,'Tamarah Bulteel',CONVERT(DATE,'07.03.2007',105),7),
(36,'Joey Tyson',CONVERT(DATE,'15.10.2012',105),25),
(37,'Lezlie Dowsey',CONVERT(DATE,'07.08.2019',105),10),
(38,'Chicky Edser',CONVERT(DATE,'08.07.2015',105),7),
(39,'Cookie Wederell',CONVERT(DATE,'17.12.2010',105),6),
(40,'Pincas Dayce',CONVERT(DATE,'17.01.2001',105),6),
(41,'Papagena Filliskirk',CONVERT(DATE,'30.05.2014',105),2),
(42,'Carny Trevarthen',CONVERT(DATE,'06.05.2018',105),15),
(43,'Bev Quibell',CONVERT(DATE,'23.06.2015',105),16),
(44,'Joye Oliveras',CONVERT(DATE,'30.12.2001',105),7),
(45,'Yancy Taye',CONVERT(DATE,'14.03.2009',105),18),
(46,'Liliane Gable',CONVERT(DATE,'08.04.2016',105),13),
(47,'Gannie Nornable',CONVERT(DATE,'27.02.2011',105),11),
(48,'Idell Thorrington',CONVERT(DATE,'17.09.2010',105),23),
(49,'Diandra Rivilis',CONVERT(DATE,'13.05.2010',105),5),
(50,'Cristian Habbergham',CONVERT(DATE,'27.07.2020',105),9),
(51,'Lyndel Verduin',CONVERT(DATE,'11.03.2016',105),15),
(52,'Gerti Wieprecht',CONVERT(DATE,'17.09.2018',105),22),
(53,'Sacha Heathcott',CONVERT(DATE,'28.09.2019',105),19),
(54,'Gustav Stocker',CONVERT(DATE,'05.02.2017',105),2),
(55,'Florri Winspare',CONVERT(DATE,'18.07.2014',105),13),
(56,'Corbin Tratton',CONVERT(DATE,'02.11.2019',105),12),
(57,'Clementia Erridge',CONVERT(DATE,'28.01.2003',105),20),
(58,'Gherardo Hullock',CONVERT(DATE,'27.03.2014',105),12),
(59,'Mikey Tosspell',CONVERT(DATE,'30.07.2021',105),25),
(60,'Michelina Lapworth',CONVERT(DATE,'24.08.2002',105),4),
(61,'Joana Cubbinelli',CONVERT(DATE,'12.08.2022',105),16),
(62,'Georgia Chastang',CONVERT(DATE,'18.10.2007',105),14),
(63,'Nealon De Benedetti',CONVERT(DATE,'14.09.2013',105),8),
(64,'Chariot Enterlein',CONVERT(DATE,'10.03.2019',105),1),
(65,'Osbert Lombardo',CONVERT(DATE,'17.11.2007',105),9),
(66,'Otis Havenhand',CONVERT(DATE,'16.02.2003',105),23),
(67,'Bail Maciejak',CONVERT(DATE,'28.08.2016',105),24),
(68,'Newton Jina',CONVERT(DATE,'05.12.2009',105),17),
(69,'Fons Sant',CONVERT(DATE,'13.06.2016',105),21),
(70,'Matty Henrot',CONVERT(DATE,'16.05.2010',105),8),
(71,'Christophorus Woolmer',CONVERT(DATE,'12.11.2011',105),23),
(72,'Ernie Fish',CONVERT(DATE,'26.06.2002',105),25),
(73,'Scarface Salack',CONVERT(DATE,'22.01.2006',105),21),
(74,'Lamar Topaz',CONVERT(DATE,'24.06.2004',105),6),
(75,'Brook Anderer',CONVERT(DATE,'04.04.2017',105),3),
(76,'Clare Joysey',CONVERT(DATE,'19.05.2007',105),24),
(77,'Roddy Castells',CONVERT(DATE,'06.01.2016',105),3),
(78,'Penny Gabb',CONVERT(DATE,'27.09.2010',105),4),
(79,'Ashton Tedman',CONVERT(DATE,'21.06.2005',105),15),
(80,'Vernon Nassau',CONVERT(DATE,'06.08.2022',105),18),
(81,'Elsy Halliberton',CONVERT(DATE,'10.06.2010',105),6),
(82,'Marrilee de Quesne',CONVERT(DATE,'05.08.2018',105),14),
(83,'Cecil Pinkerton',CONVERT(DATE,'31.10.2013',105),21),
(84,'Allyce Alelsandrovich',CONVERT(DATE,'19.08.2019',105),24),
(85,'Saree Meysham',CONVERT(DATE,'27.01.2008',105),14),
(86,'Shandeigh Benedtti',CONVERT(DATE,'16.06.2012',105),17),
(87,'Ezra Antat',CONVERT(DATE,'14.12.2004',105),23),
(88,'Malachi Coultard',CONVERT(DATE,'25.07.2006',105),9),
(89,'Geralda Rosier',CONVERT(DATE,'24.04.2020',105),3),
(90,'Remus Ormshaw',CONVERT(DATE,'09.12.2016',105),13),
(91,'Dorothea Gershom',CONVERT(DATE,'20.10.2003',105),4),
(92,'Miltie Musslewhite',CONVERT(DATE,'07.08.2012',105),21),
(93,'Cicily Bathowe',CONVERT(DATE,'23.08.2004',105),5),
(94,'Cristen Carruth',CONVERT(DATE,'15.07.2001',105),16),
(95,'Gunter Coon',CONVERT(DATE,'26.03.2004',105),16),
(96,'Blanche Messum',CONVERT(DATE,'21.06.2017',105),19),
(97,'Barbaraanne Hebbes',CONVERT(DATE,'06.04.2020',105),10),
(98,'Donalt McMurty',CONVERT(DATE,'02.01.2017',105),19),
(99,'Ave Rodrig',CONVERT(DATE,'25.04.2015',105),25),
(100,'Barney Derr',CONVERT(DATE,'02.05.2014',105),10),
(101,'Cort Sterman',CONVERT(DATE,'02.11.2018',105),15),
(102,'Jewelle Mander',CONVERT(DATE,'11.09.2005',105),9),
(103,'Kylynn Merredy',CONVERT(DATE,'11.06.2021',105),17),
(104,'Cleve MacKnocker',CONVERT(DATE,'23.08.2013',105),8),
(105,'Phaedra Tybalt',CONVERT(DATE,'15.08.2007',105),1),
(106,'Dorena Mathevet',CONVERT(DATE,'25.06.2010',105),9),
(107,'Yves Towsey',CONVERT(DATE,'30.03.2018',105),14),
(108,'Ina Springthorp',CONVERT(DATE,'09.12.2017',105),25),
(109,'Quintin Casine',CONVERT(DATE,'11.02.2021',105),19),
(110,'Mitchel Merredy',CONVERT(DATE,'06.05.2020',105),11),
(111,'Lamar Lupson',CONVERT(DATE,'12.11.2003',105),14),
(112,'Oren Beach',CONVERT(DATE,'16.03.2007',105),6)

INSERT INTO [ATMs] VALUES
(1,5691,5,'Kalipare'),
(2,4546,2,'Cobh'),
(3,7575,11,'Curahpacul Satu'),
(4,11833,3,'Castainço'),
(5,1933,5,'Kuniran'),
(6,4472,21,'Itapemirim'),
(7,6400,23,'La Rochelle'),
(8,9694,11,'Cimara'),
(9,8927,22,'Baylo'),
(10,2672,5,'Muesanaik'),
(11,14997,23,'La Garde'),
(12,7088,22,'Muladbucad'),
(13,4048,11,'Sendang'),
(14,17109,23,'Paris 15'),
(15,12544,5,'Bungkal'),
(16,11449,23,'Roissy Charles-de-Gaulle'),
(17,16417,17,'Velille'),
(18,14750,23,'Paris 12'),
(19,10584,25,'Numazu'),
(20,4333,22,'Lopez Jaena'),
(21,10830,5,'Parenggan'),
(22,1117,5,'Simpanganduwet'),
(23,13001,1,'Cortez'),
(24,5495,23,'Toulouse'),
(25,16449,22,'Monching'),
(26,7280,5,'Gunung Sugih'),
(27,6939,23,'Massy'),
(28,3834,3,'Póvoa do Valado'),
(29,10114,16,'Krynychky'),
(30,3818,3,'Costa de Rios Frios'),
(31,12967,11,'Jambesari'),
(32,3238,25,'Kumagaya'),
(33,15462,21,'Soledade'),
(34,2345,11,'Ciherang'),
(35,2369,1,'Malabag'),
(36,2802,17,'Tibillo'),
(37,8455,3,'Arcena'),
(38,8339,17,'Paucar'),
(39,6170,11,'Pendawanbaru'),
(40,14379,25,'Obita'),
(41,17812,23,'Toulouse'),
(42,8989,11,'Garisul'),
(43,10596,2,'Mullagh'),
(44,18676,20,'Ilhabela'),
(45,14962,1,'New Agutaya'),
(46,7452,1,'Tapas'),
(47,8723,5,'Luti'),
(48,11148,7,'Tānk'),
(49,4131,11,'Banjar Wates Tengah'),
(50,12476,22,'Pulo'),
(51,9379,4,'Holguín'),
(52,6606,17,'Saposoa'),
(53,4035,23,'Aix-en-Provence'),
(54,15530,1,'Banawang'),
(55,1772,2,'Sandymount'),
(56,10224,11,'Ritaebang'),
(57,3596,22,'Guimbal'),
(58,17569,20,'Rio das Pedras'),
(59,17187,23,'Noyon'),
(60,16546,20,'Peruíbe'),
(61,2990,22,'Kayapa'),
(62,1337,22,'Saguing'),
(63,17499,3,'Santo Amador'),
(64,3190,3,'Finzes'),
(65,17782,11,'Nakajah'),
(66,17717,19,'Rucava'),
(67,2979,11,'Rimba Sekampung'),
(68,17446,12,'Pysznica'),
(69,16452,12,'Pniewy'),
(70,8900,24,'Purda'),
(71,4049,24,'Sawin'),
(72,18220,24,'Nekla'),
(73,11120,8,'Jasionów'),
(74,16311,8,'Piotrków Kujawski'),
(75,1699,10,'Świdwin'),
(76,706,10,'Józefów'),
(77,16631,12,'Józefosław'),
(78,9819,18,'Niedzica'),
(79,18038,18,'Krzemieniewo'),
(80,10062,18,'Zbrosławice'),
(81,5108,12,'Polkowice'),
(82,1762,12,'Góra Kalwaria'),
(83,7307,8,'Czeremcha'),
(84,15556,12,'Biecz'),
(85,13112,18,'Bąków'),
(86,11130,10,'Ostrzeszów'),
(87,2014,12,'Czerniewice')

INSERT INTO [ATMsMalfunctions] VALUES
(1,86,'Faulty dispenser',CONVERT(DATE,'08-09-2013',105),97),
(2,40,'Faulty dispenser',CONVERT(DATE,'03-11-2013',105),59),
(3,75,'Worn out card reader',CONVERT(DATE,'04-09-2018',105),97),
(4,43,'Faulty dispenser',CONVERT(DATE,'08-12-2021',105),41),
(5,23,'Software glitch',CONVERT(DATE,'13-10-2022',105),105),
(6,48,'Broken keypad',CONVERT(DATE,'21-11-2012',105),38),
(7,43,'Faulty dispenser',CONVERT(DATE,'07-04-2012',105),33),
(8,63,'Receipt malfunctions',CONVERT(DATE,'01-01-2012',105),12),
(9,81,'Worn out card reader',CONVERT(DATE,'18-04-2007',105),14),
(10,60,'Broken keypad',CONVERT(DATE,'16-10-2015',105),13),
(11,10,'Software glitch',CONVERT(DATE,'07-11-2011',105),21),
(12,75,'Receipt malfunctions',CONVERT(DATE,'26-05-2018',105),100),
(13,87,'Faulty dispenser',CONVERT(DATE,'06-09-2020',105),56),
(14,87,'Receipt malfunctions',CONVERT(DATE,'23-05-2002',105),56),
(15,75,'Receipt malfunctions',CONVERT(DATE,'06-04-2021',105),97),
(16,27,'Worn out card reader',CONVERT(DATE,'18-07-2013',105),71),
(17,60,'Software glitch',CONVERT(DATE,'16-02-2003',105),13),
(18,62,'Worn out card reader',CONVERT(DATE,'28-03-2007',105),1),
(19,23,'Faulty dispenser',CONVERT(DATE,'31-12-2014',105),64),
(20,66,'Software glitch',CONVERT(DATE,'01-03-2009',105),109),
(21,24,'Worn out card reader',CONVERT(DATE,'26-11-2018',105),48),
(22,32,'Worn out card reader',CONVERT(DATE,'31-10-2005',105),99),
(23,73,'Software glitch',CONVERT(DATE,'12-11-2020',105),104),
(24,28,'Broken keypad',CONVERT(DATE,'12-04-2007',105),89),
(25,29,'Worn out card reader',CONVERT(DATE,'18-01-2007',105),61),
(26,16,'Software glitch',CONVERT(DATE,'11-10-2011',105),5),
(27,40,'Software glitch',CONVERT(DATE,'22-07-2014',105),29),
(28,11,'Software glitch',CONVERT(DATE,'27-02-2007',105),48),
(29,17,'Software glitch',CONVERT(DATE,'01-07-2022',105),86),
(30,72,'Broken keypad',CONVERT(DATE,'29-03-2017',105),67),
(31,51,'Broken keypad',CONVERT(DATE,'04-06-2014',105),60),
(32,67,'Broken keypad',CONVERT(DATE,'15-04-2002',105),47),
(33,33,'Worn out card reader',CONVERT(DATE,'01-09-2019',105),73),
(34,55,'Worn out card reader',CONVERT(DATE,'06-02-2005',105),54),
(35,46,'Receipt malfunctions',CONVERT(DATE,'21-08-2001',105),105),
(36,48,'Faulty dispenser',CONVERT(DATE,'14-03-2013',105),44),
(37,40,'Software glitch',CONVERT(DATE,'21-11-2004',105),99),
(38,35,'Worn out card reader',CONVERT(DATE,'06-07-2012',105),25),
(39,77,'Faulty dispenser',CONVERT(DATE,'11-12-2007',105),20),
(40,34,'Faulty dispenser',CONVERT(DATE,'23-05-2022',105),4),
(41,33,'Receipt malfunctions',CONVERT(DATE,'09-08-2002',105),92),
(42,55,'Receipt malfunctions',CONVERT(DATE,'05-07-2012',105),54),
(43,87,'Worn out card reader',CONVERT(DATE,'22-05-2001',105),28),
(44,52,'Broken keypad',CONVERT(DATE,'13-05-2022',105),68),
(45,47,'Software glitch',CONVERT(DATE,'29-05-2013',105),93),
(46,18,'Faulty dispenser',CONVERT(DATE,'30-03-2022',105),66),
(47,57,'Receipt malfunctions',CONVERT(DATE,'14-03-2004',105),1),
(48,77,'Receipt malfunctions',CONVERT(DATE,'15-07-2007',105),18),
(49,48,'Worn out card reader',CONVERT(DATE,'13-07-2012',105),35),
(50,43,'Faulty dispenser',CONVERT(DATE,'03-04-2010',105),33),
(51,29,'Receipt malfunctions',CONVERT(DATE,'08-01-2014',105),95),
(52,38,'Software glitch',CONVERT(DATE,'17-07-2014',105),103),
(53,11,'Broken keypad',CONVERT(DATE,'18-02-2003',105),3),
(54,19,'Faulty dispenser',CONVERT(DATE,'07-10-2006',105),29),
(55,40,'Worn out card reader',CONVERT(DATE,'31-01-2014',105),16),
(56,40,'Receipt malfunctions',CONVERT(DATE,'03-02-2022',105),72),
(57,55,'Faulty dispenser',CONVERT(DATE,'12-04-2008',105),54),
(58,72,'Faulty dispenser',CONVERT(DATE,'13-09-2003',105),67),
(59,58,'Broken keypad',CONVERT(DATE,'03-03-2016',105),31),
(60,75,'Faulty dispenser',CONVERT(DATE,'29-09-2004',105),37),
(61,33,'Broken keypad',CONVERT(DATE,'22-04-2007',105),69),
(62,86,'Receipt malfunctions',CONVERT(DATE,'25-12-2008',105),37),
(63,35,'Worn out card reader',CONVERT(DATE,'09-07-2020',105),105),
(64,52,'Broken keypad',CONVERT(DATE,'19-02-2015',105),68),
(65,37,'Faulty dispenser',CONVERT(DATE,'16-07-2020',105),77),
(66,57,'Worn out card reader',CONVERT(DATE,'22-09-2022',105),1),
(67,33,'Receipt malfunctions',CONVERT(DATE,'03-09-2005',105),83),
(68,19,'Receipt malfunctions',CONVERT(DATE,'30-09-2011',105),29),
(69,29,'Software glitch',CONVERT(DATE,'10-08-2012',105),94),
(70,69,'Faulty dispenser',CONVERT(DATE,'28-03-2003',105),18),
(71,48,'Receipt malfunctions',CONVERT(DATE,'10-02-2019',105),44),
(72,87,'Receipt malfunctions',CONVERT(DATE,'08-02-2004',105),58),
(73,62,'Worn out card reader',CONVERT(DATE,'09-05-2010',105),7),
(74,59,'Broken keypad',CONVERT(DATE,'06-02-2018',105),3),
(75,32,'Worn out card reader',CONVERT(DATE,'10-02-2005',105),29),
(76,71,'Worn out card reader',CONVERT(DATE,'03-11-2018',105),76),
(77,16,'Software glitch',CONVERT(DATE,'18-04-2018',105),5),
(78,52,'Broken keypad',CONVERT(DATE,'02-02-2004',105),86),
(79,87,'Faulty dispenser',CONVERT(DATE,'28-02-2014',105),20),
(80,71,'Worn out card reader',CONVERT(DATE,'11-03-2014',105),84),
(81,36,'Faulty dispenser',CONVERT(DATE,'05-04-2013',105),103),
(82,66,'Worn out card reader',CONVERT(DATE,'25-06-2018',105),27),
(83,51,'Faulty dispenser',CONVERT(DATE,'26-09-2015',105),6),
(84,10,'Software glitch',CONVERT(DATE,'11-12-2001',105),8),
(85,66,'Broken keypad',CONVERT(DATE,'04-03-2002',105),109),
(86,29,'Worn out card reader',CONVERT(DATE,'27-08-2019',105),94),
(87,33,'Receipt malfunctions',CONVERT(DATE,'18-05-2013',105),92),
(88,4,'Receipt malfunctions',CONVERT(DATE,'15-02-2008',105),77),
(89,32,'Receipt malfunctions',CONVERT(DATE,'20-10-2011',105),16),
(90,62,'Software glitch',CONVERT(DATE,'24-04-2007',105),1),
(91,66,'Broken keypad',CONVERT(DATE,'05-02-2008',105),27),
(92,10,'Broken keypad',CONVERT(DATE,'23-10-2012',105),49),
(93,55,'Worn out card reader',CONVERT(DATE,'27-01-2001',105),15),
(94,82,'Software glitch',CONVERT(DATE,'23-06-2002',105),58),
(95,82,'Faulty dispenser',CONVERT(DATE,'28-05-2017',105),58),
(96,14,'Worn out card reader',CONVERT(DATE,'14-12-2009',105),71),
(97,60,'Software glitch',CONVERT(DATE,'11-09-2020',105),13)

INSERT INTO [Clients] VALUES
(1,'Phil Lofting',CONVERT(DATE,'30-03-1995',105),'Krajan Dua Putukrejo','Indonesia','+62697945465'),
(2,'Filbert Bassingham',CONVERT(DATE,'21-01-1988',105),'Esperanza','Dominican Republic','+1614187413'),
(3,'Osmond Culkin',CONVERT(DATE,'08-06-1977',105),'Tacoma','United States','+1253714047'),
(4,'Trina Ivanyushin',CONVERT(DATE,'26-10-2006',105),'Remas','Albania','+355363144224'),
(5,'Sukey Jack',CONVERT(DATE,'24-08-1967',105),'Raszowa','Poland','+48156764940'),
(6,'Diahann Broz',CONVERT(DATE,'09-05-2000',105),'Zhukovskiy','Russia','+7354293872'),
(7,'Gualterio Castagnaro',CONVERT(DATE,'06-09-1977',105),'Huoqiu Chengguanzhen','China','+86775132185'),
(8,'Jorey Chumley',CONVERT(DATE,'02-12-2003',105),'Xiaohe','China','+86229326632'),
(9,'Chlo Donnett',CONVERT(DATE,'25-11-1973',105),'Hongshan','China','+86368625073'),
(10,'Laryssa Roebottom',CONVERT(DATE,'15-02-1969',105),'Smedjebacken','Sweden','+46600402366'),
(11,'Ginger Brownjohn',CONVERT(DATE,'25-10-2003',105),'Bayuwan','Indonesia','+62977252507'),
(12,'Nikkie Blancowe',CONVERT(DATE,'15-11-1970',105),'Cluny','Mauritius','+230947811187'),
(13,'Richie Kubala',CONVERT(DATE,'16-10-1980',105),'Žleby','Czech Republic','+420145477570'),
(14,'Charlot Sygroves',CONVERT(DATE,'17-09-1967',105),'Jamalteca','Honduras','+504748907859'),
(15,'Gage Clue',CONVERT(DATE,'07-09-1974',105),'São Francisco','Brazil','+55865473714'),
(16,'Jessee Stanyer',CONVERT(DATE,'02-09-1973',105),'Mayuan','China','+86325804533'),
(17,'Pete Sprosson',CONVERT(DATE,'08-03-2005',105),'Mata','Portugal','+351503945954'),
(18,'Didi Hubbold',CONVERT(DATE,'18-10-1995',105),'Miaoshi','China','+86203907565'),
(19,'Chrisse OCarmody',CONVERT(DATE,'09-01-1979',105),'Karangagung Timur','Indonesia','+62232276762'),
(20,'Aloysia Ryburn',CONVERT(DATE,'06-08-1977',105),'Hengpi','China','+86963886634'),
(21,'Zachary Dyball',CONVERT(DATE,'18-08-1999',105),'Stepanovićevo','Serbia','+381704676772'),
(22,'Ermentrude Strongitharm',CONVERT(DATE,'31-05-1995',105),'Mēga','Ethiopia','+251595469263'),
(23,'Cody Arnholz',CONVERT(DATE,'04-06-1969',105),'Yefremov','Russia','+7712613785'),
(24,'Lyn Dax',CONVERT(DATE,'18-08-2005',105),'Bangeran','Indonesia','+62984258573'),
(25,'Abbi Ragbourn',CONVERT(DATE,'18-09-1973',105),'Cigalontang','Indonesia','+62559632457'),
(26,'Allyce Headrick',CONVERT(DATE,'25-01-2004',105),'Kladanj','Bosnia and Herzegovina','+387557570404'),
(27,'Louise Killelay',CONVERT(DATE,'06-09-1999',105),'Mir','Belarus','+375406582221'),
(28,'Belia Seagood',CONVERT(DATE,'29-01-1974',105),'Ystad','Sweden','+46993287170'),
(29,'Gretel Gansbuhler',CONVERT(DATE,'07-09-2006',105),'Bundoc','Philippines','+63602609579'),
(30,'Selia Burkill',CONVERT(DATE,'17-08-1969',105),'Huangchuan','China','+86597808144'),
(31,'Quillan Nice',CONVERT(DATE,'24-08-1971',105),'Palompon','Philippines','+63732117663'),
(32,'Annemarie Blankau',CONVERT(DATE,'21-10-1997',105),'Wendo','Ethiopia','+251706252365'),
(33,'Elnore Blacket',CONVERT(DATE,'19-04-2002',105),'Gornji Petrovci','Slovenia','+386306882333'),
(34,'Sallyanne Gentil',CONVERT(DATE,'24-05-1968',105),'Luoshan','China','+86951558807'),
(35,'Anallise Spurret',CONVERT(DATE,'27-07-1987',105),'Santo Domingo','Philippines','+63208838517'),
(36,'Kerr McCreagh',CONVERT(DATE,'21-06-1984',105),'Líbeznice','Czech Republic','+420241544669'),
(37,'Arabella Curtis',CONVERT(DATE,'18-08-1990',105),'Pontevedra','Spain','+34189306648'),
(38,'Bernhard Giacopello',CONVERT(DATE,'14-11-1967',105),'Vetluzhskiy','Russia','+7951251321'),
(39,'Fanchon De Hailes',CONVERT(DATE,'15-07-1998',105),'Uenohara','Japan','+81170280150'),
(40,'Nellie Westoff',CONVERT(DATE,'14-10-1974',105),'Lyon','France','+33864839197'),
(41,'Vassily Fairlam',CONVERT(DATE,'03-04-1984',105),'Katrineholm','Sweden','+46560441717'),
(42,'Mortie Sadgrove',CONVERT(DATE,'07-10-1998',105),'Paragominas','Brazil','+55150644226'),
(43,'Dorey Cantrell',CONVERT(DATE,'02-07-1990',105),'Pamedilan','Indonesia','+62977734861'),
(44,'Fayina Logie',CONVERT(DATE,'23-06-1996',105),'Huangcun','China','+86844222433'),
(45,'Valina Loakes',CONVERT(DATE,'30-06-1973',105),'Tapera','Brazil','+55200596687'),
(46,'Humfried Delagua',CONVERT(DATE,'27-03-2004',105),'Quyangqiao','China','+86669902671'),
(47,'Arleyne Nyssen',CONVERT(DATE,'16-10-1986',105),'Mississauga','Canada','+1676660306'),
(48,'Doug Pitcock',CONVERT(DATE,'16-07-1997',105),'Montluçon','France','+33466720357'),
(49,'Leona Hardcastle',CONVERT(DATE,'25-08-2005',105),'Dugu','China','+86744316569'),
(50,'Christabella Schinetti',CONVERT(DATE,'21-10-1972',105),'Sanrao','China','+86371887730'),
(51,'Joeann Monkman',CONVERT(DATE,'25-01-1991',105),'Heicheng','China','+86917890545'),
(52,'Oberon Apdell',CONVERT(DATE,'05-10-2001',105),'Shcherbinka','Russia','+7699849654'),
(53,'Tiffanie Garmon',CONVERT(DATE,'09-12-1969',105),'Pinayagan Norte','Philippines','+63735780766'),
(54,'Thomasa Januszkiewicz',CONVERT(DATE,'01-01-1968',105),'Tanudan','Philippines','+63640896472'),
(55,'Moria Lawrance',CONVERT(DATE,'17-02-1995',105),'Impendle','South Africa','+27310363287'),
(56,'Benita Bockin',CONVERT(DATE,'22-05-2004',105),'Popova','Russia','+7623232605'),
(57,'Harriette Punshon',CONVERT(DATE,'09-05-1983',105),'Karnice','Poland','+48999197762'),
(58,'Bartholomew Hedger',CONVERT(DATE,'02-03-1973',105),'Tobi Village','Palau','+680180249344'),
(59,'Merilee Mcasparan',CONVERT(DATE,'29-04-1989',105),'Alicante/Alacant','Spain','+34828915419'),
(60,'Giovanni Caddies',CONVERT(DATE,'19-07-1985',105),'Krzanowice','Poland','+48415605100'),
(61,'Leodora Shoulder',CONVERT(DATE,'04-07-1978',105),'Ouidah','Benin','+229421888242'),
(62,'Sibel Smallcomb',CONVERT(DATE,'04-11-1980',105),'Battle Creek','United States','+1269819738'),
(63,'Addie Klaffs',CONVERT(DATE,'20-06-1983',105),'Saint-Denis','Reunion','+262989564498'),
(64,'Ardelis Goatman',CONVERT(DATE,'16-08-2001',105),'Gogosuket','Indonesia','+62957321338'),
(65,'Adey Mangon',CONVERT(DATE,'26-07-1987',105),'Hroznětín','Czech Republic','+420618842775'),
(66,'Vergil Ralestone',CONVERT(DATE,'06-12-1975',105),'Gniechowice','Poland','+48712407558'),
(67,'Renault Bartolomeo',CONVERT(DATE,'03-12-1990',105),'Pandangan Kulon','Indonesia','+62342261629'),
(68,'Harwilll Damiral',CONVERT(DATE,'30-09-2006',105),'Panadtaban','Philippines','+63119146720'),
(69,'Rupert Chadderton',CONVERT(DATE,'15-10-1975',105),'Beutong Ateuh','Indonesia','+62322887303'),
(70,'Noel Deverill',CONVERT(DATE,'31-05-1991',105),'København','Denmark','+45980120886'),
(71,'Winnah Merrick',CONVERT(DATE,'05-05-1974',105),'Bapska','Croatia','+385950817415'),
(72,'Caron Cannan',CONVERT(DATE,'09-01-1968',105),'Calamba','Philippines','+63854909810'),
(73,'Karlotte Frarey',CONVERT(DATE,'05-08-1986',105),'Villa Dolores','Argentina','+54717944579'),
(74,'Peria Carlozzi',CONVERT(DATE,'04-03-1978',105),'Hongtian','China','+86632895706'),
(75,'Arch Grundwater',CONVERT(DATE,'07-12-1973',105),'Sechelt','Canada','+1981535764'),
(76,'Karlyn Common',CONVERT(DATE,'24-01-1989',105),'Shuangtang','China','+86820120517'),
(77,'Tami Winterflood',CONVERT(DATE,'19-05-1983',105),'Dungloe','Ireland','+353611976129'),
(78,'Ellissa Tadgell',CONVERT(DATE,'14-09-2004',105),'Avignon','France','+33453775381'),
(79,'Eliot Moden',CONVERT(DATE,'15-06-2006',105),'Nam Phong','Thailand','+66258975945'),
(80,'Nevins Doget',CONVERT(DATE,'15-07-1967',105),'Rājbirāj','Nepal','+977600398614'),
(81,'Stephanus Topliss',CONVERT(DATE,'25-05-1999',105),'Valence','France','+33592126224'),
(82,'Orion Tipler',CONVERT(DATE,'25-07-1989',105),'Al ‘Aqabah','Yemen','+967507351165'),
(83,'Joey Vawton',CONVERT(DATE,'07-12-2006',105),'Koroyo','Indonesia','+62143725848'),
(84,'Benny Embery',CONVERT(DATE,'20-10-2000',105),'Badai','China','+86831938040'),
(85,'Julissa Cordeux',CONVERT(DATE,'10-08-1984',105),'Tapilon','Philippines','+63585849283'),
(86,'Stacie Rolfini',CONVERT(DATE,'19-03-1980',105),'Néa Kíos','Greece','+30819752246'),
(87,'Audra Hanselman',CONVERT(DATE,'24-05-1972',105),'Vila Verde','Portugal','+351280591908'),
(88,'Mick Bode',CONVERT(DATE,'25-07-1976',105),'Ribeira das Taínhas','Portugal','+351735299901'),
(89,'Arny Glaister',CONVERT(DATE,'16-10-1982',105),'Conroe','United States','+1936301841'),
(90,'Derrik Clark',CONVERT(DATE,'04-11-1980',105),'Laoxingchang','China','+86825102907'),
(91,'Randi Kliner',CONVERT(DATE,'13-08-1967',105),'Rambatan','Indonesia','+62383327754'),
(92,'Brandise Raddan',CONVERT(DATE,'26-04-1978',105),'Yangsan','South Korea','+82972598207'),
(93,'Aguie McCague',CONVERT(DATE,'31-05-1981',105),'Sal’sk','Russia','+7992994041'),
(94,'Nichole Leyzell',CONVERT(DATE,'26-07-2001',105),'Poitiers','France','+33330126133'),
(95,'Tommie Growden',CONVERT(DATE,'27-05-1984',105),'Ngeni','Indonesia','+62173565366'),
(96,'Ambrose Bougen',CONVERT(DATE,'26-05-1979',105),'Pasirmalang','Indonesia','+62950452357'),
(97,'Ebenezer Gogin',CONVERT(DATE,'14-06-2006',105),'Ikata-chō','Japan','+81509432607'),
(98,'Neall Pearmain',CONVERT(DATE,'23-09-1982',105),'Los Dos Caminos','Venezuela','+58351464046'),
(99,'Caryl Phelipeaux',CONVERT(DATE,'16-05-1993',105),'Suchedniów','Poland','+48367560572'),
(100,'Thatch Cottel',CONVERT(DATE,'23-04-1972',105),'Marly','France','+33926476161'),
(101,'Henrie OLoughane',CONVERT(DATE,'24-11-1967',105),'Rubirizi','Uganda','+256627243316'),
(102,'Wendel Enderby',CONVERT(DATE,'12-07-1972',105),'Pledo','Indonesia','+62743298887'),
(103,'Editha Hartles',CONVERT(DATE,'06-09-2000',105),'Barrī ash Sharqī','Syria','+963829418752'),
(104,'El Layborn',CONVERT(DATE,'24-10-1988',105),'Feilaixia','China','+86470459601'),
(105,'Howie Conaboy',CONVERT(DATE,'24-06-1969',105),'Mosrentgen','Russia','+7121813198'),
(106,'Meggi Canto',CONVERT(DATE,'05-01-1973',105),'Komsomolsk-on-Amur','Russia','+7373771592'),
(107,'Vinny Ivers',CONVERT(DATE,'22-02-1987',105),'Tengqiao','China','+86311454257'),
(108,'Catherine Delahunty',CONVERT(DATE,'22-08-1968',105),'Jianggang','China','+86943677325'),
(109,'Laure Tzarkov',CONVERT(DATE,'17-09-1995',105),'Erfurt','Germany','+49976428080'),
(110,'Valentia Dolman',CONVERT(DATE,'21-09-1995',105),'Lasehao','Indonesia','+62576760299'),
(111,'Tiphani Capner',CONVERT(DATE,'06-06-2001',105),'Mirsíni','Greece','+30553990652'),
(112,'Kelcey Shuttlewood',CONVERT(DATE,'06-01-2002',105),'Sápes','Greece','+30650257523'),
(113,'Mitch Fosse',CONVERT(DATE,'14-02-1988',105),'Usevia','Tanzania','+255459276653'),
(114,'Asia Hanselmann',CONVERT(DATE,'29-07-1978',105),'Livingstone','Zambia','+260423834705'),
(115,'Torrance Piggins',CONVERT(DATE,'29-09-1971',105),'Majur','Serbia','+381435926508'),
(116,'Gates Potier',CONVERT(DATE,'23-07-1973',105),'Masina','Democratic Republic of the Congo','+242927178817'),
(117,'Elsie Mulholland',CONVERT(DATE,'13-11-1995',105),'Buy','Russia','+7682713586'),
(118,'Kathrine Jakubowicz',CONVERT(DATE,'05-01-1968',105),'Hengxi','China','+86478157603'),
(119,'Candra Barnaby',CONVERT(DATE,'19-03-1985',105),'Svitlovods’k','Ukraine','+380697464943'),
(120,'Marena Tarney',CONVERT(DATE,'05-03-1998',105),'Natal','Brazil','+55880306456'),
(121,'Neille Cheal',CONVERT(DATE,'14-12-1983',105),'Xiaotang','China','+86636562184'),
(122,'Mersey Rediers',CONVERT(DATE,'29-06-1994',105),'Sofádes','Greece','+30716659653'),
(123,'Jozef Brigman',CONVERT(DATE,'07-08-1994',105),'Liushan','China','+86923111730'),
(124,'Nady Dootson',CONVERT(DATE,'16-12-1996',105),'Baishuitan','China','+86858312577'),
(125,'Alayne Howselee',CONVERT(DATE,'31-03-1998',105),'Chelbasskaya','Russia','+7654153183'),
(126,'Cooper Olenchenko',CONVERT(DATE,'15-08-2000',105),'Ptení','Czech Republic','+420651404424'),
(127,'Boyd Kretchmer',CONVERT(DATE,'23-12-2006',105),'Pancas','Brazil','+55766704671'),
(128,'Eduardo Bonas',CONVERT(DATE,'06-12-2002',105),'North Perth','Canada','+1341655692'),
(129,'Lacy Rosenfield',CONVERT(DATE,'16-08-1980',105),'Saint-Maurice','France','+33903778140'),
(130,'Constancia Finlayson',CONVERT(DATE,'21-06-1970',105),'Nahura','Indonesia','+62188895034'),
(131,'Gabbey Silverman',CONVERT(DATE,'01-09-1998',105),'Moluo','China','+86163783592'),
(132,'Park Bim',CONVERT(DATE,'23-07-1987',105),'Sumberagung','Indonesia','+62270954982'),
(133,'Maddy Kleyn',CONVERT(DATE,'23-09-1987',105),'Estreito Câmara de Lobos','Portugal','+351818166039'),
(134,'Rand Tarburn',CONVERT(DATE,'22-07-1975',105),'Əhmədbəyli','Azerbaijan','+994246253051'),
(135,'Hetty Cossins',CONVERT(DATE,'13-09-1971',105),'Apartadó','Colombia','+57517467082'),
(136,'Sherman Caseri',CONVERT(DATE,'26-01-1983',105),'Bandeirantes','Brazil','+55920649617'),
(137,'Brett Bohlin',CONVERT(DATE,'18-01-1983',105),'Jiangdianzi','China','+86373390113'),
(138,'Nathanael Catling',CONVERT(DATE,'27-06-1982',105),'Sumberpandan','Indonesia','+62302716489'),
(139,'Dru Curnick',CONVERT(DATE,'02-02-1989',105),'Capela','Portugal','+351304729098'),
(140,'Agnella Hanna',CONVERT(DATE,'05-06-2002',105),'Břeclav','Czech Republic','+420763235017'),
(141,'Sibyl Count',CONVERT(DATE,'23-10-1992',105),'Kitob','Uzbekistan','+998679555254'),
(142,'Hillary Cicero',CONVERT(DATE,'18-01-1972',105),'Jilin','China','+86160153206'),
(143,'Mose Saing',CONVERT(DATE,'25-10-1989',105),'Ōtsuki','Japan','+81119520694'),
(144,'Constantin Virgoe',CONVERT(DATE,'08-03-1989',105),'Bilqās','Egypt','+20901533526'),
(145,'Siobhan Shermore',CONVERT(DATE,'30-06-1990',105),'Kishi','Nigeria','+234159349718'),
(146,'Taite Clubbe',CONVERT(DATE,'15-07-1975',105),'Wenchang','China','+86797408241'),
(147,'Angie Sullivan',CONVERT(DATE,'10-01-1993',105),'Salamá','Honduras','+504576408122'),
(148,'Casar Langstone',CONVERT(DATE,'20-02-1992',105),'Vuka','Croatia','+385891814023'),
(149,'Gabbi Egger',CONVERT(DATE,'31-01-1979',105),'Poligny','France','+33501614782'),
(150,'Weston Bugdale',CONVERT(DATE,'21-08-1980',105),'Aş Şanamayn','Syria','+963438178950'),
(151,'Penni Ableson',CONVERT(DATE,'26-02-1977',105),'Sainte-Geneviève-des-Bois','France','+33710818637'),
(152,'Isak Feldon',CONVERT(DATE,'17-10-2005',105),'Innoshima','Japan','+81388309971'),
(153,'Jean Djekic',CONVERT(DATE,'22-11-1970',105),'Titiakar','Indonesia','+62124282896'),
(154,'Hannis Danigel',CONVERT(DATE,'08-04-1983',105),'Kangar','Malaysia','+60363470416'),
(155,'Ellyn Lardeux',CONVERT(DATE,'22-04-1995',105),'Zhongtai','China','+86230220922'),
(156,'Emmaline Perocci',CONVERT(DATE,'23-12-1982',105),'Nangong','China','+86247969462'),
(157,'Dorian Housbie',CONVERT(DATE,'15-08-1983',105),'Shar','Kazakhstan','+7510456563'),
(158,'Kimberly Chell',CONVERT(DATE,'03-10-1974',105),'Sá','Portugal','+351741434882'),
(159,'Jessalyn Hovenden',CONVERT(DATE,'27-01-1979',105),'Albuera','Philippines','+63141500517'),
(160,'Erich Pietersma',CONVERT(DATE,'14-06-1976',105),'Rato','Indonesia','+62478307271'),
(161,'Artemus Craigmyle',CONVERT(DATE,'21-03-1990',105),'Shuangjie','China','+86735505159'),
(162,'Amabelle Turle',CONVERT(DATE,'22-03-1970',105),'Quintas','Portugal','+351993280752'),
(163,'Roz Mewrcik',CONVERT(DATE,'28-11-1974',105),'Dalamdesa Kalapadua','Indonesia','+62992175280'),
(164,'Francisco Tomson',CONVERT(DATE,'27-01-1995',105),'Benito Juarez','Mexico','+52530462260'),
(165,'Silvio Trimmill',CONVERT(DATE,'04-05-1988',105),'Zili','China','+86488986722'),
(166,'Jeanna Fulop',CONVERT(DATE,'07-09-1975',105),'Manakara','Madagascar','+261972212399'),
(167,'Harald McHugh',CONVERT(DATE,'05-06-1974',105),'Valerianovsk','Russia','+7326601434'),
(168,'Francesco Linneman',CONVERT(DATE,'23-01-2000',105),'Rancapanjang','Indonesia','+62809866556'),
(169,'Dennie Blackledge',CONVERT(DATE,'25-04-1969',105),'Kadurahayu','Indonesia','+62588984030'),
(170,'Katrina Gligoraci',CONVERT(DATE,'06-02-1979',105),'Hongshan','China','+86170742330'),
(171,'Fancy Coit',CONVERT(DATE,'17-10-1990',105),'Sungaiduri','Indonesia','+62179678143'),
(172,'Xerxes Kivelhan',CONVERT(DATE,'21-06-1989',105),'Shahe','China','+86992997375'),
(173,'Cecilius Tremellan',CONVERT(DATE,'24-08-1985',105),'Rossosh’','Russia','+7542922911'),
(174,'Vernen Lopez',CONVERT(DATE,'27-12-1975',105),'Astromil','Portugal','+351943860770'),
(175,'Ritchie Crate',CONVERT(DATE,'03-05-1995',105),'Longjiang','China','+86489453162'),
(176,'Janene Urpeth',CONVERT(DATE,'15-08-1988',105),'Itapira','Brazil','+55830177040'),
(177,'Peggie Patsall',CONVERT(DATE,'11-09-1992',105),'Liantan','China','+86682692512'),
(178,'Aloysia Bilbie',CONVERT(DATE,'12-12-1979',105),'Karabudakhkent','Russia','+7943494051'),
(179,'Eileen Lody',CONVERT(DATE,'05-09-1982',105),'Benito Juarez','Mexico','+52197160608'),
(180,'Catie Giabucci',CONVERT(DATE,'05-02-2006',105),'Neuilly-sur-Seine','France','+33609289929'),
(181,'Saidee Androsik',CONVERT(DATE,'14-12-1996',105),'Thị Trấn Na Hang','Vietnam','+84697674381'),
(182,'Arte Grundwater',CONVERT(DATE,'18-02-1991',105),'Heshi','China','+86804847704'),
(183,'Sella Padilla',CONVERT(DATE,'27-07-2005',105),'Xiangshan','China','+86533770949'),
(184,'Ynes Grinin',CONVERT(DATE,'01-08-1981',105),'Casais Baleal','Portugal','+351888588829'),
(185,'Donnie Fidian',CONVERT(DATE,'01-11-1973',105),'Krajan Langenharjo','Indonesia','+62574900553'),
(186,'Tommy Hender',CONVERT(DATE,'21-11-1968',105),'Santo Niño','Philippines','+63602267287'),
(187,'Dimitry Readings',CONVERT(DATE,'13-07-1990',105),'Carmen','Philippines','+63646186195'),
(188,'Forbes Sloan',CONVERT(DATE,'24-02-1998',105),'Ratíškovice','Czech Republic','+420730609388'),
(189,'Yule Hyman',CONVERT(DATE,'01-11-1976',105),'Roslavl’','Russia','+7586777818'),
(190,'Cindie Shewan',CONVERT(DATE,'31-07-1983',105),'Strzyżowice','Poland','+48232879749'),
(191,'Gina Aberkirder',CONVERT(DATE,'19-03-1979',105),'Honglu','China','+86546827363'),
(192,'Marika De Beneditti',CONVERT(DATE,'06-08-1991',105),'Huolu','China','+86912263165'),
(193,'Cornell Begg',CONVERT(DATE,'09-01-1997',105),'Miasteczko Śląskie','Poland','+48534507255'),
(194,'Rooney Linger',CONVERT(DATE,'12-09-1977',105),'Itapemirim','Brazil','+55467267532'),
(195,'Lettie Terren',CONVERT(DATE,'17-10-1969',105),'Kalepasan','Indonesia','+62156195537'),
(196,'Boris Olivie',CONVERT(DATE,'31-07-1973',105),'Linfen','China','+86317398694'),
(197,'Louis Zmitruk',CONVERT(DATE,'29-07-1969',105),'La Cañada','Mexico','+52303509604'),
(198,'Hanna Frisdick',CONVERT(DATE,'08-03-2006',105),'Jezerce','Croatia','+385247974946'),
(199,'Carmita Trustie',CONVERT(DATE,'10-07-1988',105),'Jianshe','China','+86160784360'),
(200,'Heddie Caulket',CONVERT(DATE,'08-03-1972',105),'Ternovka','Russia','+7510828431'),
(201,'Skipper Derington',CONVERT(DATE,'19-04-1993',105),'Ewarton','Jamaica','+1255264315'),
(202,'Sheree Byneth',CONVERT(DATE,'17-05-1994',105),'Briey','France','+33983124844'),
(203,'Ariadne Shoebridge',CONVERT(DATE,'15-12-1992',105),'Iquipi','Peru','+51272410570'),
(204,'Tedda Wiltshear',CONVERT(DATE,'16-03-1979',105),'Pittsburgh','United States','+1110430'),
(205,'Aurlie Horley',CONVERT(DATE,'20-12-1970',105),'Vuokatti','Finland','+358766715803'),
(206,'Polly Littler',CONVERT(DATE,'27-09-2000',105),'Humpolec','Czech Republic','+420177651224'),
(207,'Fransisco Alexsandrov',CONVERT(DATE,'11-05-1993',105),'Calumpang','Philippines','+63470868442'),
(208,'Benjamen Duffus',CONVERT(DATE,'21-04-1975',105),'Klumpit','Indonesia','+62367623861'),
(209,'Benedick Dennidge',CONVERT(DATE,'11-08-2001',105),'Komsomol’skiy','Russia','+7178860597'),
(210,'Cindi Sliman',CONVERT(DATE,'12-01-1983',105),'Santa Rita','Venezuela','+58301906375'),
(211,'Nevins Strother',CONVERT(DATE,'19-11-2005',105),'San Agustín','El Salvador','+503446706572'),
(212,'Hasty Schwandermann',CONVERT(DATE,'02-07-1968',105),'Lop','China','+86747715034'),
(213,'Brita MacLaverty',CONVERT(DATE,'26-07-2005',105),'Saltsjö-Boo','Sweden','+46299943705'),
(214,'Emlyn Lowery',CONVERT(DATE,'15-07-1990',105),'Atalhada','Portugal','+351741258569'),
(215,'Byram Lobb',CONVERT(DATE,'23-07-1975',105),'Gobabis','Namibia','+264343441963'),
(216,'Eula Heaffey',CONVERT(DATE,'18-10-2006',105),'Bilar','Philippines','+63280751319'),
(217,'Sheena Badrock',CONVERT(DATE,'15-02-2000',105),'Xingdian','China','+86815519754'),
(218,'Benn Moulsdall',CONVERT(DATE,'17-06-2001',105),'Fyllingsdalen','Norway','+47624463848'),
(219,'Fiann Songest',CONVERT(DATE,'19-03-1995',105),'Kunčice pod Ondřejníkem','Czech Republic','+420265609440'),
(220,'Jim Guion',CONVERT(DATE,'13-11-1982',105),'Devin','Bulgaria','+359295816922'),
(221,'Debi Heinrich',CONVERT(DATE,'02-12-1999',105),'Blimbing','Indonesia','+62939120415'),
(222,'Darwin DAmbrogi',CONVERT(DATE,'25-05-1974',105),'Áthyra','Greece','+30382841472'),
(223,'Celka Sidwick',CONVERT(DATE,'11-09-2001',105),'Vale Covo','Portugal','+351635245534'),
(224,'Cleve Brodhead',CONVERT(DATE,'17-08-1969',105),'Lokoja','Nigeria','+234983178188'),
(225,'Ajay Morefield',CONVERT(DATE,'04-07-1989',105),'Lantian','China','+86175470335'),
(226,'Julio Humphries',CONVERT(DATE,'02-03-1976',105),'Liuche','China','+86972977227'),
(227,'Libby Ruddiman',CONVERT(DATE,'03-09-1993',105),'Papakura','New Zealand','+64517847391'),
(228,'Jakob Pullin',CONVERT(DATE,'11-12-1993',105),'Oslo','Norway','+47994178946'),
(229,'Miguela Menichino',CONVERT(DATE,'14-03-1990',105),'Enhtal','Mongolia','+976185289272'),
(230,'Amery Baseley',CONVERT(DATE,'21-11-1982',105),'Taohuajiang','China','+86242536696'),
(231,'Rivi Lardier',CONVERT(DATE,'26-10-1995',105),'Undurkhaan','Mongolia','+976519385905'),
(232,'Roosevelt Brettle',CONVERT(DATE,'21-09-1976',105),'Sacramento','United States','+1916166972'),
(233,'Morgan Pignon',CONVERT(DATE,'05-09-1981',105),'Shijie','China','+86965300625'),
(234,'Anastassia Donativo',CONVERT(DATE,'21-03-1975',105),'Ourtzagh','Morocco','+212505116115'),
(235,'Gabie Dovydenas',CONVERT(DATE,'30-08-1968',105),'Soca','Uruguay','+598356485598'),
(236,'Christyna Escolme',CONVERT(DATE,'30-05-1990',105),'Järna','Sweden','+46679191707'),
(237,'Rob Buncom',CONVERT(DATE,'19-10-1990',105),'Sanchahe','China','+86459893311'),
(238,'Drucie Ranklin',CONVERT(DATE,'01-04-1993',105),'Świętajno','Poland','+48725873946'),
(239,'Nonie Drinkall',CONVERT(DATE,'14-04-2006',105),'Solna','Sweden','+46656659453'),
(240,'Hugh Heineking',CONVERT(DATE,'24-06-1990',105),'Bang Mun Nak','Thailand','+66828961309'),
(241,'Randy Murcott',CONVERT(DATE,'23-08-1992',105),'Libu','China','+86939697780'),
(242,'Killian Burhouse',CONVERT(DATE,'30-06-1995',105),'Nabire','Indonesia','+62964115952'),
(243,'Nollie Yacob',CONVERT(DATE,'23-01-2002',105),'Fengjiang','China','+86533742427'),
(244,'Philip Slane',CONVERT(DATE,'10-07-1988',105),'Vyborg','Russia','+7747639422'),
(245,'Roth Messier',CONVERT(DATE,'21-01-1976',105),'Batarasa','Philippines','+63820742955'),
(246,'Eduard Towne',CONVERT(DATE,'15-12-1976',105),'El Coco','Panama','+507912939504'),
(247,'Decca Commander',CONVERT(DATE,'01-01-1973',105),'Cibinong Satu','Indonesia','+62413961092'),
(248,'Angelia Betancourt',CONVERT(DATE,'30-08-1999',105),'Rayevskaya','Russia','+7751713194'),
(249,'Malynda Carlett',CONVERT(DATE,'22-05-1967',105),'Oceanside','United States','+1858381995'),
(250,'Bobbie Rosenthal',CONVERT(DATE,'21-01-1988',105),'Kętrzyn','Poland','+48736787227')

INSERT INTO [AccountTypes] VALUES
(1,'personal'),
(2,'for minors'),
(3,'saving'),
(4,'business')

INSERT INTO [Accounts] VALUES
('AD9413090105NCMC3VM1EDKD',1,'Cardguard',1,0,CONVERT(DATE,'22-11-2021',105),CONVERT(DATE,'21-08-2022',105)),
('CY9215826814N5WF0EAUVLRJNYEP',2,'Wrapsafe',4,0,CONVERT(DATE,'01-09-2021',105),NULL),
('IS467634787117169699889043',3,'Hatity',4,0,CONVERT(DATE,'28-06-2021',105),CONVERT(DATE,'17-11-2021',105)),
('CY12037553938HANCACNARCJXUQ2',4,'Span',3,0,CONVERT(DATE,'15-07-2021',105),NULL),
('PT07106690676316508649610',4,'Wrapsafe',1,0,CONVERT(DATE,'21-10-2021',105),NULL),
('FR45266161274652TMVIVPQ5L01',5,'Bitwolf',1,0,CONVERT(DATE,'03-08-2021',105),CONVERT(DATE,'30-03-2022',105)),
('LT696654847411372478',6,'Bitchip',1,0,CONVERT(DATE,'16-06-2021',105),NULL),
('SI97275105530910376',7,'Lotstring',3,0,CONVERT(DATE,'05-08-2021',105),NULL),
('ES3876567973341776820457',8,'Rank',1,0,CONVERT(DATE,'10-05-2022',105),NULL),
('PT29499781625205195427425',9,'Zontrax',3,0,CONVERT(DATE,'12-07-2021',105),NULL),
('SM79Q3694121719TOU8ASQA0WSB',9,'Kanlam',3,0,CONVERT(DATE,'26-09-2021',105),NULL),
('AE953455736311284747558',10,'Transcof',3,0,CONVERT(DATE,'18-01-2022',105),NULL),
('FR1502944963172WZYK2TOUP756',11,'Greenlam',1,0,CONVERT(DATE,'26-02-2022',105),NULL),
('FR219161520100MAECISS28QI76',11,'Tin',3,0,CONVERT(DATE,'09-02-2022',105),CONVERT(DATE,'27-11-2022',105)),
('FI2219198455116224',11,'It',1,0,CONVERT(DATE,'25-02-2021',105),NULL),
('BH80CEBOTKLJM2BUKX42VF',12,'Overhold',1,0,CONVERT(DATE,'15-11-2021',105),NULL),
('FR980228933378SS3VLX9UACU28',12,'Tempsoft',1,0,CONVERT(DATE,'01-03-2021',105),NULL),
('FR815550418281TQ84CJY8Q0X83',13,'Job',1,0,CONVERT(DATE,'22-02-2022',105),NULL),
('SM83P90892886318JNTNUYDHWF0',14,'Tres-Zap',1,0,CONVERT(DATE,'12-07-2021',105),NULL),
('GL5255650205989485',15,'Stronghold',1,0,CONVERT(DATE,'19-05-2021',105),NULL),
('KW85AYMHPBVBCVXTBEXRORUCADITVV',15,'Y-Solowarm',1,0,CONVERT(DATE,'31-08-2021',105),NULL),
('LV27TOASEFYALHPH5RNMJ',15,'Matsoft',1,0,CONVERT(DATE,'17-06-2021',105),CONVERT(DATE,'19-07-2021',105)),
('AL8021214616W9VCCKPNSEDHIGBK',16,'Flowdesk',2,0,CONVERT(DATE,'27-06-2021',105),NULL),
('IL757842282767511621870',17,'Span',4,0,CONVERT(DATE,'07-03-2021',105),CONVERT(DATE,'15-09-2021',105)),
('CR5710841972545014452',17,'Treeflex',1,0,CONVERT(DATE,'29-12-2021',105),NULL),
('KZ10710KAXRKBV4ETOSD',17,'Zoolab',1,0,CONVERT(DATE,'17-02-2022',105),NULL),
('FR023968166162QFMI9LTRFYP13',18,'Trippledex',1,0,CONVERT(DATE,'10-01-2021',105),CONVERT(DATE,'06-05-2022',105)),
('ME70575675621862483580',19,'Sonsing',1,0,CONVERT(DATE,'16-05-2021',105),CONVERT(DATE,'13-07-2022',105)),
('HU78408361769375686963905817',20,'Tempsoft',1,0,CONVERT(DATE,'26-01-2021',105),CONVERT(DATE,'16-05-2021',105)),
('FR866323816569TBEYXL0UTTS96',21,'Tres-Zap',4,0,CONVERT(DATE,'27-02-2022',105),NULL),
('BG38CTRP707888CHJO8ZXK',21,'Sonsing',1,0,CONVERT(DATE,'31-01-2022',105),NULL),
('SI14540525320707650',21,'Job',3,0,CONVERT(DATE,'25-01-2022',105),NULL),
('PK06PYDX9IKDYX2W6BCBMLX1',22,'Lotstring',1,0,CONVERT(DATE,'07-10-2021',105),NULL),
('MC252479540832T14TYUTCAJX17',22,'Bamity',1,0,CONVERT(DATE,'30-11-2021',105),NULL),
('IS928892874631938551679674',22,'Matsoft',1,0,CONVERT(DATE,'26-07-2021',105),NULL),
('PL43281800397501597971052578',23,'Stringtough',1,0,CONVERT(DATE,'28-08-2021',105),CONVERT(DATE,'25-04-2022',105)),
('AE208442104089089423018',23,'Zontrax',1,0,CONVERT(DATE,'09-10-2021',105),NULL),
('FR794576365824OBDHH9XQU3Z48',24,'Kanlam',1,0,CONVERT(DATE,'17-11-2021',105),NULL),
('MD02BZL3BAJBVBOSVTVUCZLH',25,'Sonair',1,0,CONVERT(DATE,'30-03-2022',105),NULL),
('DE42771744757544870860',25,'Latlux',1,0,CONVERT(DATE,'26-05-2021',105),NULL),
('MK76101XO6RF8MT6N44',26,'Domainer',1,0,CONVERT(DATE,'15-01-2022',105),NULL),
('FR8885856433902PFBER7MY9W00',26,'Trippledex',1,0,CONVERT(DATE,'06-03-2021',105),NULL),
('PL48063123299606189735634665',27,'Home Ing',1,0,CONVERT(DATE,'30-05-2022',105),CONVERT(DATE,'09-07-2022',105)),
('LI94577706TCILDNRABOC',28,'Namfix',2,0,CONVERT(DATE,'29-03-2021',105),NULL),
('ES7295078258162113141744',29,'Temp',1,0,CONVERT(DATE,'30-09-2021',105),CONVERT(DATE,'17-12-2021',105)),
('MD730CGGIQL7X7HD8J48NWXZ',30,'Bytecard',1,0,CONVERT(DATE,'10-08-2021',105),CONVERT(DATE,'30-09-2022',105)),
('BG13JEIC509423NAXUKOLW',30,'Cookley',3,0,CONVERT(DATE,'04-07-2021',105),NULL),
('NO8650701288944',31,'Bitchip',1,0,CONVERT(DATE,'04-02-2022',105),NULL),
('ME06010270545643065544',32,'Lotlux',3,0,CONVERT(DATE,'27-10-2021',105),NULL),
('MK885706QX8UYFKTF20',33,'Bitchip',3,0,CONVERT(DATE,'24-05-2022',105),NULL),
('NO2855437598422',33,'Regrant',3,0,CONVERT(DATE,'29-03-2021',105),NULL),
('LI2033561S5WMFJ5ZBQZX',34,'Veribet',1,0,CONVERT(DATE,'28-05-2021',105),NULL),
('FR6770020963208J1UCIEIWYZ93',35,'Duobam',1,0,CONVERT(DATE,'10-03-2022',105),NULL),
('FR664530848066PZS7RTSBPDX82',36,'Sonair',3,0,CONVERT(DATE,'30-07-2021',105),CONVERT(DATE,'27-09-2021',105)),
('RO38TDIXDHGRSSBIIEBSAHNZ',36,'Bytecard',3,0,CONVERT(DATE,'17-11-2021',105),NULL),
('FR666537258783X8OMC04VFTC42',37,'Zoolab',4,0,CONVERT(DATE,'28-11-2021',105),NULL),
('KW60GHNXNSHUOVNJSBVP2SQ00JCM0P',37,'Domainer',1,0,CONVERT(DATE,'20-11-2021',105),CONVERT(DATE,'15-08-2022',105)),
('HR2750206937399363641',38,'Voltsillam',1,0,CONVERT(DATE,'12-11-2021',105),NULL),
('LI6447144YSY4Z7BZZZRK',39,'Job',1,0,CONVERT(DATE,'02-04-2022',105),NULL),
('FR9782327987451AYUC37U0EF51',40,'Tresom',3,0,CONVERT(DATE,'21-03-2022',105),NULL),
('LU51482S5LB0GJSVOYPP',40,'Overhold',1,0,CONVERT(DATE,'29-10-2021',105),NULL),
('SI74825760997584571',41,'Sub-Ex',1,0,CONVERT(DATE,'11-01-2021',105),NULL),
('MC574513984017FXNQQKOYBLQ33',42,'Bytecard',1,0,CONVERT(DATE,'20-07-2021',105),NULL),
('BA038977631439091374',42,'Stringtough',2,0,CONVERT(DATE,'29-10-2021',105),NULL),
('PL11799872834331665811266572',43,'Bigtax',4,0,CONVERT(DATE,'20-12-2021',105),CONVERT(DATE,'05-05-2022',105)),
('CH584827884PGVRUBCRFO',43,'Sonsing',3,0,CONVERT(DATE,'03-01-2021',105),NULL),
('SI16655849116473450',44,'Mat Lam Tam',4,0,CONVERT(DATE,'25-11-2021',105),NULL),
('FR415369337789HNEDLEYCLTX34',44,'Tampflex',1,0,CONVERT(DATE,'05-08-2021',105),NULL),
('FR262813619748PNCVTCELAXG12',45,'Redhold',3,0,CONVERT(DATE,'20-09-2021',105),CONVERT(DATE,'08-08-2022',105)),
('PT32784241761371374262171',45,'Gembucket',1,0,CONVERT(DATE,'05-09-2021',105),NULL),
('ME97661623675960265882',45,'Matsoft',3,0,CONVERT(DATE,'26-04-2021',105),NULL),
('FR555370117262M8MHCS4TW0778',46,'Alphazap',1,0,CONVERT(DATE,'12-04-2021',105),NULL),
('TN5478612701002964205356',47,'Regrant',1,0,CONVERT(DATE,'22-12-2021',105),NULL),
('KW82KSFYM4YY93ESZGLAMCNATMMBIG',48,'Bitchip',3,0,CONVERT(DATE,'22-03-2021',105),NULL),
('PL89877171017396818184443026',49,'Sonair',3,0,CONVERT(DATE,'14-02-2022',105),NULL),
('GR560395974CG6TT9ZR8OFADHFE',49,'Bytecard',2,0,CONVERT(DATE,'16-01-2021',105),NULL),
('FR695430719047MSWFWEIHCAO18',50,'Daltfresh',1,0,CONVERT(DATE,'24-09-2021',105),NULL),
('GL4455269002179975',50,'Treeflex',1,0,CONVERT(DATE,'02-09-2021',105),NULL),
('SM04O2872816220NX2CRTU1F91Z',51,'Stronghold',1,0,CONVERT(DATE,'11-03-2022',105),CONVERT(DATE,'19-08-2022',105)),
('FR2505908882660FTQILUB4R861',52,'Tempsoft',1,0,CONVERT(DATE,'17-03-2021',105),CONVERT(DATE,'25-07-2022',105)),
('CY8714298070SW8FV1GLHBWSTKYO',53,'Quo Lux',3,0,CONVERT(DATE,'24-02-2021',105),NULL),
('FR433271943275Q7IKGEEUQOE62',54,'Holdlamis',2,0,CONVERT(DATE,'11-12-2021',105),NULL),
('KZ57817DZXUEGJAWDPRF',55,'Zontrax',3,0,CONVERT(DATE,'27-08-2021',105),CONVERT(DATE,'27-01-2022',105)),
('NL78SXNX5876067470',56,'Zaam-Dox',1,0,CONVERT(DATE,'09-05-2022',105),NULL),
('PT76725017952203419820774',56,'Tin',1,0,CONVERT(DATE,'06-03-2022',105),NULL),
('SA4941E7VC2BUJG8DVLMIUB9',56,'Sub-Ex',3,0,CONVERT(DATE,'09-02-2021',105),NULL),
('MK88922HU8SSC0WM810',57,'Sonair',1,0,CONVERT(DATE,'25-09-2021',105),NULL),
('CH1618474PWEBI8QAGREI',58,'Fixflex',3,0,CONVERT(DATE,'30-10-2021',105),CONVERT(DATE,'28-05-2022',105)),
('HU87667080640745192379770387',59,'Cardguard',1,0,CONVERT(DATE,'01-05-2021',105),CONVERT(DATE,'21-01-2022',105)),
('SE0410756440958840317925',59,'Bamity',1,0,CONVERT(DATE,'15-10-2021',105),CONVERT(DATE,'04-11-2021',105)),
('RO18EUJTUIXL9GMIVTAD47EI',60,'Duobam',3,0,CONVERT(DATE,'19-01-2021',105),NULL),
('FR1549583566069TR1N2XWOYX34',60,'Cardify',1,0,CONVERT(DATE,'26-05-2022',105),NULL),
('FR3481428835649QEVERDZJYP38',61,'Asoka',1,0,CONVERT(DATE,'19-02-2021',105),NULL),
('DK6058517087729622',61,'Bytecard',1,0,CONVERT(DATE,'28-05-2021',105),NULL),
('LI9457531A6YJLWIJKNSQ',62,'Cookley',2,0,CONVERT(DATE,'26-06-2021',105),NULL),
('NL76JNXX1868440926',62,'Matsoft',1,0,CONVERT(DATE,'23-06-2021',105),CONVERT(DATE,'08-07-2022',105)),
('GI83NEWZEVPW4UU7XMWZ0HZ',63,'Ventosanzap',3,0,CONVERT(DATE,'19-12-2021',105),NULL),
('MD45BCMPTO0A8JEWCMIMULCR',64,'Alpha',1,0,CONVERT(DATE,'27-11-2021',105),NULL),
('IE51AAOQ21828404077999',64,'Job',3,0,CONVERT(DATE,'08-01-2021',105),NULL),
('BE14175804407331',65,'Rank',1,0,CONVERT(DATE,'06-02-2021',105),NULL),
('AL5959600739QLBVKSV5UR8L5MCU',66,'Home Ing',1,0,CONVERT(DATE,'30-01-2022',105),NULL),
('TR0759790QLUOZUYZBIF6LUMC0',66,'Kanlam',1,0,CONVERT(DATE,'11-06-2021',105),NULL),
('IE42UTTQ67174907923500',66,'Sonsing',1,0,CONVERT(DATE,'24-05-2021',105),CONVERT(DATE,'18-02-2022',105)),
('LB112232GXFEIRUSUKN8WRUCRGQM',67,'Mat Lam Tam',1,0,CONVERT(DATE,'08-09-2021',105),CONVERT(DATE,'10-03-2022',105)),
('LB64197862DLT0DLQ7H8HKJHW7CI',68,'Solarbreeze',3,0,CONVERT(DATE,'19-05-2022',105),NULL),
('PS08YUQBD0QXSCE7LOYO3WEIIFHOA',69,'Zontrax',1,0,CONVERT(DATE,'19-09-2021',105),NULL),
('BG96DUOA015893RAOVD5AK',69,'Matsoft',2,0,CONVERT(DATE,'20-11-2021',105),NULL),
('EE386688945979336861',69,'Fintone',1,0,CONVERT(DATE,'15-02-2021',105),NULL),
('GT83QMU2BFPVMOYQBSZ9SLMMIWW3',70,'Zaam-Dox',1,0,CONVERT(DATE,'07-09-2021',105),NULL),
('FR5041164036327DMV1CRBHOK58',71,'Cookley',3,0,CONVERT(DATE,'21-01-2022',105),NULL),
('FR836087418377IWU8PVEGDVU13',71,'Bamity',1,0,CONVERT(DATE,'06-09-2021',105),CONVERT(DATE,'17-09-2021',105)),
('BH54PCIVYK9ZY4NPXRS8O3',71,'Latlux',3,0,CONVERT(DATE,'30-04-2022',105),CONVERT(DATE,'22-08-2022',105)),
('GR665961948ADBSX9QJRLACNGCS',72,'Cardguard',1,0,CONVERT(DATE,'26-03-2021',105),NULL),
('BA930876333848218316',73,'Duobam',1,0,CONVERT(DATE,'08-07-2021',105),NULL),
('AL0870006466BDDYHJJGOUMQB7A6',73,'Holdlamis',1,0,CONVERT(DATE,'23-04-2022',105),CONVERT(DATE,'06-05-2022',105)),
('LU70851H7LSUB3GSRLFG',73,'Prodder',1,0,CONVERT(DATE,'25-05-2021',105),NULL),
('FR5013365821287GQMMDD6OLU83',74,'Gembucket',1,0,CONVERT(DATE,'01-08-2021',105),NULL),
('IT95C5136669136DOMHUVNPWXL1',75,'Tin',4,0,CONVERT(DATE,'15-02-2021',105),NULL),
('BH67DBGDTWOO98T1IIB1GE',76,'Fintone',1,0,CONVERT(DATE,'13-05-2022',105),NULL),
('AT226036253155779986',76,'Daltfresh',3,0,CONVERT(DATE,'21-04-2022',105),NULL),
('DO65YOCL31275685388452922839',77,'Zaam-Dox',1,0,CONVERT(DATE,'18-12-2021',105),NULL),
('KW59IMZAU6XRJDDOMKHUQXXXQNGYBX',78,'Zathin',3,0,CONVERT(DATE,'24-01-2022',105),NULL),
('DO39GE7C12482803957849368595',78,'Bytecard',2,0,CONVERT(DATE,'30-12-2021',105),CONVERT(DATE,'06-11-2022',105)),
('PL02388355872187260826304548',79,'Ronstring',1,0,CONVERT(DATE,'24-03-2021',105),NULL),
('LI9802427CPUSD02PMERA',80,'Konklux',1,0,CONVERT(DATE,'20-08-2021',105),NULL),
('GR522354528C95EVZDAXCLHWO6W',80,'Opela',3,0,CONVERT(DATE,'27-10-2021',105),NULL),
('GI02OSMLZCVPC3LI6P7EZUF',80,'Zoolab',1,0,CONVERT(DATE,'28-01-2022',105),NULL),
('MR2368945812321419374551561',81,'Cookley',3,0,CONVERT(DATE,'06-04-2021',105),NULL),
('MU38SPRZ6561085529865602003KQY',81,'Regrant',1,0,CONVERT(DATE,'10-02-2021',105),NULL),
('GL5292163970877711',82,'Toughjoyfax',1,0,CONVERT(DATE,'28-12-2021',105),NULL),
('BG10EWTB1413962P6E6CZJ',83,'Asoka',1,0,CONVERT(DATE,'27-08-2021',105),NULL),
('LI9151289N8ADOGNRY7JJ',84,'Subin',1,0,CONVERT(DATE,'09-05-2021',105),NULL),
('FR044345369650K70UZEP1PLB38',85,'Y-find',3,0,CONVERT(DATE,'29-04-2022',105),NULL),
('AE791992291992682614433',85,'Bigtax',2,0,CONVERT(DATE,'06-04-2021',105),NULL),
('AZ32WDFXIMHARYKZEWVKS5QG5GQ7',86,'Solarbreeze',3,0,CONVERT(DATE,'04-03-2022',105),NULL),
('KW22OLNPISJDMT4SNHFR0DSPN5ANKQ',87,'Quo Lux',1,0,CONVERT(DATE,'24-08-2021',105),NULL),
('IT92R5558006844U0FADCFZP08W',87,'Ventosanzap',3,0,CONVERT(DATE,'24-05-2022',105),CONVERT(DATE,'04-08-2022',105)),
('TR0242141JKJFDPUYFQ4BG1CHR',88,'Job',3,0,CONVERT(DATE,'29-03-2022',105),NULL),
('PS04VYBCQPFJWHXPFFNWDRHMH7Z9E',89,'Subin',1,0,CONVERT(DATE,'22-10-2021',105),NULL),
('KZ08583RLSRYBXSZMLZ4',90,'Biodex',3,0,CONVERT(DATE,'28-05-2021',105),NULL),
('FR654459310157FSFJXHSE1FU24',90,'Treeflex',1,0,CONVERT(DATE,'13-12-2021',105),NULL),
('BR1205660151330024495652954UY',90,'Kanlam',3,0,CONVERT(DATE,'09-02-2022',105),NULL),
('FR8531903426929BVM9A1DXCW93',91,'Mat Lam Tam',1,0,CONVERT(DATE,'17-03-2021',105),NULL),
('IL864925811367077730271',91,'Duobam',1,0,CONVERT(DATE,'30-03-2022',105),NULL),
('LV72XXYBH0G42VAO1QZAS',91,'Y-Solowarm',1,0,CONVERT(DATE,'06-10-2021',105),NULL),
('GB48ENOZ97260071015756',92,'Zamit',2,0,CONVERT(DATE,'01-04-2021',105),NULL),
('LT686535476410631841',93,'Redhold',1,0,CONVERT(DATE,'05-03-2021',105),NULL),
('MU79EOTT8963977338902634213BSU',93,'Overhold',2,0,CONVERT(DATE,'30-12-2021',105),NULL),
('FR241647887802ACKVGEEEQZM87',94,'Tresom',3,0,CONVERT(DATE,'30-08-2021',105),NULL),
('DE87413056918276489411',95,'Holdlamis',3,0,CONVERT(DATE,'25-04-2022',105),CONVERT(DATE,'15-08-2022',105)),
('DO692LOA24615275459286419733',95,'Tampflex',3,0,CONVERT(DATE,'21-06-2021',105),NULL),
('TN9828137049969786960962',96,'Stronghold',3,0,CONVERT(DATE,'19-11-2021',105),NULL),
('SK9128096539431151563108',97,'Veribet',3,0,CONVERT(DATE,'28-04-2021',105),NULL),
('AL33908744009C521XY5QXTPUATG',98,'Ronstring',1,0,CONVERT(DATE,'19-05-2021',105),NULL),
('AE236837503028130721519',99,'Tresom',3,0,CONVERT(DATE,'26-01-2021',105),NULL),
('ME30014423925934878853',99,'Zamit',1,0,CONVERT(DATE,'06-03-2021',105),NULL),
('CZ7501037659587135778487',100,'Kanlam',3,0,CONVERT(DATE,'15-01-2021',105),CONVERT(DATE,'27-07-2022',105)),
('IL786557961952878739199',101,'Duobam',1,0,CONVERT(DATE,'20-07-2021',105),NULL),
('CH6793171T2FIYUY16UEY',102,'Cardify',3,0,CONVERT(DATE,'16-10-2021',105),NULL),
('AL7735553150TGPITLB0SYRDI9PS',102,'Voyatouch',1,0,CONVERT(DATE,'09-03-2021',105),NULL),
('HR2046564264198251845',103,'Quo Lux',1,0,CONVERT(DATE,'22-01-2021',105),NULL),
('LU67780AHKNQAGUVIQCQ',103,'Subin',1,0,CONVERT(DATE,'02-12-2021',105),NULL),
('DE26201314004591017445',103,'Bitwolf',1,0,CONVERT(DATE,'21-03-2022',105),NULL),
('FR618914331395Y2P7V6AEBDG70',104,'Pannier',4,0,CONVERT(DATE,'13-08-2021',105),NULL),
('FR880802642577SKWA7FFSOSY93',105,'Konklab',1,0,CONVERT(DATE,'06-01-2022',105),CONVERT(DATE,'26-09-2022',105)),
('CH40257354COC2G42ATEJ',105,'Zaam-Dox',1,0,CONVERT(DATE,'07-01-2021',105),NULL),
('LB3423188JABVMUC6GSTMJQWP8DR',106,'It',1,0,CONVERT(DATE,'12-05-2021',105),NULL),
('IL930759747392977098228',107,'Sonair',3,0,CONVERT(DATE,'22-10-2021',105),NULL),
('SM21J8226711495E7QWVSFSIA8R',108,'Voyatouch',3,0,CONVERT(DATE,'24-10-2021',105),NULL),
('AE669617962979556956338',109,'Bamity',1,0,CONVERT(DATE,'23-05-2021',105),CONVERT(DATE,'09-08-2021',105)),
('CR5054394223774342612',109,'Latlux',1,0,CONVERT(DATE,'19-12-2021',105),CONVERT(DATE,'23-10-2022',105)),
('CZ4978198580333176676814',110,'Zamit',1,0,CONVERT(DATE,'04-02-2021',105),CONVERT(DATE,'12-03-2022',105)),
('KZ79698SAMINRDWP0SU3',110,'Holdlamis',1,0,CONVERT(DATE,'01-03-2022',105),NULL),
('IE51HMAU92310220433666',110,'Tin',3,0,CONVERT(DATE,'31-05-2022',105),NULL),
('LB020531YBRENLULG71HLYYHAJFW',111,'Latlux',1,0,CONVERT(DATE,'16-10-2021',105),NULL),
('BE73412981269660',111,'Stringtough',2,0,CONVERT(DATE,'09-03-2021',105),NULL),
('BH89XBHG5UNJQVF7DMBYNQ',112,'Zoolab',1,0,CONVERT(DATE,'05-02-2021',105),CONVERT(DATE,'23-10-2022',105)),
('FR852149528972WKYPXKZBV9783',113,'Domainer',1,0,CONVERT(DATE,'15-10-2021',105),NULL),
('MD127KRR5IDXVHDKKSBDCYLZ',114,'Quo Lux',3,0,CONVERT(DATE,'18-05-2022',105),NULL),
('IL240866025059159431398',115,'Pannier',1,0,CONVERT(DATE,'14-05-2022',105),CONVERT(DATE,'14-11-2022',105)),
('AD3436784333NJ8STCMDIPRF',116,'Hatity',1,0,CONVERT(DATE,'17-03-2022',105),NULL),
('FR355719122719UPWYHQHCWEX12',116,'Stringtough',4,0,CONVERT(DATE,'11-10-2021',105),NULL),
('CY9873342199LFMKFAYXM2EDQHLW',116,'Cardify',2,0,CONVERT(DATE,'07-03-2022',105),NULL),
('IL954780099934615738624',117,'Domainer',3,0,CONVERT(DATE,'13-04-2021',105),NULL),
('PT79958979704247087374884',118,'Home Ing',1,0,CONVERT(DATE,'31-12-2021',105),NULL),
('SM78N7809963212KRCYTRDYPGBA',118,'Tampflex',4,0,CONVERT(DATE,'24-01-2022',105),NULL),
('HU68784313704422979806045343',119,'Cardguard',1,0,CONVERT(DATE,'27-04-2022',105),NULL),
('FR545626506435USBYMLJZW4T92',119,'Bitwolf',1,0,CONVERT(DATE,'25-09-2021',105),NULL),
('LT020042583090022848',120,'Span',1,0,CONVERT(DATE,'18-06-2021',105),NULL),
('IT12D7367339631MYHBUZNQDQFH',121,'Zoolab',1,0,CONVERT(DATE,'16-11-2021',105),NULL),
('IT13H2361404392D7MFDQT0IDVL',121,'Wrapsafe',1,0,CONVERT(DATE,'26-11-2021',105),NULL),
('DE24606440803858670949',122,'Zaam-Dox',3,0,CONVERT(DATE,'18-03-2022',105),NULL),
('CR6208159620834962189',122,'Alpha',1,0,CONVERT(DATE,'24-02-2021',105),NULL),
('PL66688800934580256377748627',122,'Lotlux',1,0,CONVERT(DATE,'21-11-2021',105),NULL),
('SM15Z7626700133IYW0DGUTCR6Q',123,'Biodex',1,0,CONVERT(DATE,'05-10-2021',105),CONVERT(DATE,'01-09-2022',105)),
('CR4377281577857817397',124,'Treeflex',1,0,CONVERT(DATE,'20-03-2022',105),NULL),
('MK41477DOYFWAI1W659',125,'Zoolab',1,0,CONVERT(DATE,'16-10-2021',105),NULL),
('MT29TBTL85012OVGSQ22YFNLREHDKPT',126,'Stringtough',1,0,CONVERT(DATE,'10-02-2022',105),NULL),
('BR7237078533304381976578605ED',127,'Vagram',3,0,CONVERT(DATE,'10-03-2021',105),NULL),
('SI24995381014793617',127,'Kanlam',1,0,CONVERT(DATE,'10-05-2021',105),CONVERT(DATE,'02-08-2021',105)),
('DK5795947186416720',128,'Ronstring',1,0,CONVERT(DATE,'19-10-2021',105),NULL),
('AT081187867286884882',128,'Konklux',1,0,CONVERT(DATE,'26-01-2022',105),NULL),
('AT419337944819836915',128,'Bamity',4,0,CONVERT(DATE,'01-03-2022',105),NULL),
('LT072751014736594693',129,'Bytecard',1,0,CONVERT(DATE,'30-08-2021',105),CONVERT(DATE,'09-10-2022',105)),
('MR3684476395740706147116764',130,'Hatity',1,0,CONVERT(DATE,'03-06-2021',105),NULL),
('FR5894022872945ACYX887VOH23',131,'Kanlam',3,0,CONVERT(DATE,'04-04-2021',105),NULL),
('PT13236191257141033561499',132,'Trippledex',1,0,CONVERT(DATE,'05-04-2021',105),NULL),
('PK16OVGG5TABA3XNX7GFS7OG',132,'Bitwolf',1,0,CONVERT(DATE,'25-03-2021',105),NULL),
('BG80BGKW2232103ST3GTY6',132,'Kanlam',3,0,CONVERT(DATE,'28-08-2021',105),NULL),
('GB40XYTB95618940277915',133,'Voyatouch',1,0,CONVERT(DATE,'10-06-2021',105),NULL),
('GB72MTCS12171466615466',133,'Konklux',1,0,CONVERT(DATE,'24-10-2021',105),NULL),
('FR828083090168ET6ILTDQURN59',134,'Zoolab',3,0,CONVERT(DATE,'01-02-2022',105),NULL),
('GE75WE8521088818461588',134,'Latlux',1,0,CONVERT(DATE,'25-05-2022',105),NULL),
('FO5917849755420235',135,'Prodder',2,0,CONVERT(DATE,'11-06-2021',105),CONVERT(DATE,'06-11-2021',105)),
('GR861288206OLQH2DAHVAN1RZMH',135,'Ventosanzap',3,0,CONVERT(DATE,'20-09-2021',105),NULL),
('RO30KCWCK6YFATZUPK1JDJSU',136,'Span',3,0,CONVERT(DATE,'11-08-2021',105),NULL),
('RO13UPSSRHMVA84JH0TPPTVX',137,'Lotlux',1,0,CONVERT(DATE,'01-01-2021',105),NULL),
('LI4086518PKMEK1TNNUIG',137,'Regrant',1,0,CONVERT(DATE,'23-11-2021',105),NULL),
('NO5707298372619',137,'Keylex',1,0,CONVERT(DATE,'28-10-2021',105),NULL),
('TR7857618UXWCWBI4V4IUMMBD5',138,'Holdlamis',1,0,CONVERT(DATE,'06-12-2021',105),NULL),
('BH28EQZSLZB0CFICEYOZHW',139,'Ventosanzap',3,0,CONVERT(DATE,'12-03-2021',105),NULL),
('IS854519170803540031159058',140,'Lotlux',1,0,CONVERT(DATE,'08-08-2021',105),NULL),
('FR768052907885WGR8C1JBYOU54',140,'Sonsing',1,0,CONVERT(DATE,'01-07-2021',105),NULL),
('IL706407341573205473112',140,'Vagram',1,0,CONVERT(DATE,'25-06-2021',105),NULL),
('MD62NVLXRWUOQ1BVDGBQ1HOW',141,'Fintone',1,0,CONVERT(DATE,'11-05-2022',105),CONVERT(DATE,'08-11-2022',105)),
('CH0777012CHPF0RNYLH5D',142,'Veribet',1,0,CONVERT(DATE,'05-08-2021',105),NULL),
('FR614281571412VPU8P4TMHZR26',143,'Andalax',1,0,CONVERT(DATE,'20-05-2022',105),NULL),
('SA95663L8AYYQFUGNYDUDYGY',143,'Transcof',3,0,CONVERT(DATE,'10-08-2021',105),NULL),
('FR718643467428HIJYLT8CYGQ82',144,'Toughjoyfax',1,0,CONVERT(DATE,'30-01-2022',105),NULL),
('LI7115490UEKKHC5HEOMC',144,'Keylex',3,0,CONVERT(DATE,'07-04-2022',105),NULL),
('PK52YQMIKKNXKJTPECSBKECZ',145,'Konklux',2,0,CONVERT(DATE,'08-12-2021',105),NULL),
('RO24FUJYCNJEVRWWMVTOBVYT',146,'Regrant',1,0,CONVERT(DATE,'31-01-2022',105),NULL),
('HU58313167784880213722880914',147,'Redhold',1,0,CONVERT(DATE,'11-01-2022',105),NULL),
('FR823591936920GRRQXKU19RZ41',148,'Konklab',1,0,CONVERT(DATE,'04-10-2021',105),NULL),
('GR468571309BMGLC5BMOONSZWQT',148,'Zamit',1,0,CONVERT(DATE,'27-05-2021',105),NULL),
('NO7274412447600',148,'Bitwolf',3,0,CONVERT(DATE,'03-11-2021',105),NULL),
('LV70QKFNXIINGQFGQWTS8',149,'Temp',1,0,CONVERT(DATE,'12-07-2021',105),NULL),
('AT656820572156158682',150,'Regrant',1,0,CONVERT(DATE,'24-05-2021',105),NULL),
('DO09YBQL07479057498667250098',151,'Sub-Ex',1,0,CONVERT(DATE,'25-05-2021',105),NULL),
('MD352HZKLXD7BFBSGKEAUTNZ',151,'Cookley',1,0,CONVERT(DATE,'04-02-2022',105),NULL),
('MK2390315VYRI0CKX34',152,'Sub-Ex',2,0,CONVERT(DATE,'31-05-2021',105),CONVERT(DATE,'28-11-2022',105)),
('LI9371923OXAYHIGPTSWF',152,'Zoolab',1,0,CONVERT(DATE,'13-08-2021',105),NULL),
('FR919332503670XLIEN3EAJAP79',153,'Home Ing',1,0,CONVERT(DATE,'26-03-2022',105),CONVERT(DATE,'25-06-2022',105)),
('CH9064317NC6X7QUDMO5B',153,'Zontrax',1,0,CONVERT(DATE,'15-07-2021',105),CONVERT(DATE,'27-09-2021',105)),
('AZ66GLLCMWGFFSKTDRD2WLKPHLEU',154,'Opela',1,0,CONVERT(DATE,'04-07-2021',105),NULL),
('PT49707589011545865450544',155,'Trippledex',1,0,CONVERT(DATE,'20-05-2021',105),NULL),
('DK2320762204856596',156,'Cookley',1,0,CONVERT(DATE,'19-12-2021',105),CONVERT(DATE,'25-04-2022',105)),
('CY95098509140KUMVLON9VLJIQD8',157,'Home Ing',1,0,CONVERT(DATE,'15-07-2021',105),NULL),
('IS720835397310571562917668',157,'Fintone',1,0,CONVERT(DATE,'26-05-2021',105),CONVERT(DATE,'13-02-2022',105)),
('KZ5999506HVXYZY3JUJI',158,'Bigtax',1,0,CONVERT(DATE,'06-05-2021',105),NULL),
('DE88503433710437310817',159,'Biodex',1,0,CONVERT(DATE,'28-04-2021',105),NULL),
('AT678813955725840852',159,'Prodder',3,0,CONVERT(DATE,'24-10-2021',105),NULL),
('MU31ZXVS5616427840984886555RWZ',160,'Voyatouch',3,0,CONVERT(DATE,'11-02-2021',105),NULL),
('AZ64HEGTJCSUZBLP4MODQD5TXA2Y',161,'Cookley',3,0,CONVERT(DATE,'25-07-2021',105),NULL),
('SA82871FSUT7YMRSB9HYZFRQ',162,'Solarbreeze',1,0,CONVERT(DATE,'28-03-2022',105),NULL),
('BH58MVVMELSVPCFDSZUQT8',163,'Zathin',3,0,CONVERT(DATE,'19-02-2021',105),NULL),
('FR3141806374742YTJQIW8M8V61',163,'Zathin',3,0,CONVERT(DATE,'10-04-2021',105),NULL),
('HU15831059445261419254720391',163,'Daltfresh',1,0,CONVERT(DATE,'27-10-2021',105),NULL),
('FR236631003080GIYTWDCWVFH78',164,'Prodder',1,0,CONVERT(DATE,'25-02-2021',105),NULL),
('BE55191200578333',164,'Greenlam',1,0,CONVERT(DATE,'27-05-2021',105),CONVERT(DATE,'02-05-2022',105)),
('SA3362YUBLXWH0QPSXXHHUFK',165,'Mat Lam Tam',3,0,CONVERT(DATE,'15-11-2021',105),NULL),
('ES4028147503081363996112',166,'Tres-Zap',3,0,CONVERT(DATE,'05-10-2021',105),NULL),
('KZ64703VA9TXWV1O4CUM',167,'Redhold',3,0,CONVERT(DATE,'03-03-2021',105),NULL),
('LV98EVGAVWCBKYEZOLKU9',167,'Voltsillam',1,0,CONVERT(DATE,'20-03-2021',105),NULL),
('LV55XFBII6FKFXSK3PXAU',168,'Tampflex',3,0,CONVERT(DATE,'10-03-2022',105),NULL),
('FR390919493726CUBB0X2AUQD94',168,'Ronstring',1,0,CONVERT(DATE,'01-06-2021',105),NULL),
('ME65998433026079128554',169,'Biodex',3,0,CONVERT(DATE,'31-03-2022',105),NULL),
('FR938173448585BAIZQZ14X8G91',170,'Gembucket',4,0,CONVERT(DATE,'19-11-2021',105),NULL),
('BH97ABMEE8WLEVCLROPPPE',171,'Span',1,0,CONVERT(DATE,'28-03-2021',105),NULL),
('SI14376102936075049',172,'Sonair',3,0,CONVERT(DATE,'27-07-2021',105),NULL),
('CZ7345444139802983588544',172,'Zontrax',3,0,CONVERT(DATE,'10-04-2022',105),NULL),
('HU90888651622857489620287790',173,'It',3,0,CONVERT(DATE,'28-03-2022',105),NULL),
('CR3363379287437459602',174,'Prodder',1,0,CONVERT(DATE,'30-06-2021',105),NULL),
('SA7921PAVZLGBPQUVNDYCZNY',174,'Toughjoyfax',1,0,CONVERT(DATE,'21-04-2022',105),NULL),
('FR9031821508967Z4A0EKZ0F802',175,'Prodder',3,0,CONVERT(DATE,'14-02-2022',105),CONVERT(DATE,'22-02-2022',105)),
('ME17166678628475535698',176,'Span',1,0,CONVERT(DATE,'05-09-2021',105),NULL),
('AZ82SJGCNRR6QR1HB8PBWOX5UT7D',176,'Hatity',1,0,CONVERT(DATE,'15-02-2022',105),NULL),
('FR263097337494WTJNN9YCWBB79',177,'Quo Lux',3,0,CONVERT(DATE,'23-05-2021',105),CONVERT(DATE,'17-02-2022',105)),
('FR554239335295BIZEUWV3CFF55',177,'Andalax',1,0,CONVERT(DATE,'13-12-2021',105),NULL),
('ME47023169616824130549',178,'Aerified',1,0,CONVERT(DATE,'20-10-2021',105),NULL),
('FR984154852590FLGU1CSXJNA08',178,'Redhold',1,0,CONVERT(DATE,'10-11-2021',105),NULL),
('MK607269Y52K7L4HG42',179,'Bitwolf',1,0,CONVERT(DATE,'07-05-2022',105),NULL),
('DK1296358774419108',179,'Voyatouch',1,0,CONVERT(DATE,'01-01-2021',105),NULL),
('MT96UJMO84351ISUKDQAC1BVUSET7YZ',179,'Stim',3,0,CONVERT(DATE,'14-02-2021',105),NULL),
('FR067220098632VIHYMPBGS8E97',180,'It',1,0,CONVERT(DATE,'23-06-2021',105),CONVERT(DATE,'16-09-2022',105)),
('DK2114195689978254',180,'Sub-Ex',4,0,CONVERT(DATE,'22-04-2022',105),NULL),
('DE14729572230611752366',180,'Home Ing',1,0,CONVERT(DATE,'09-12-2021',105),NULL),
('LI2942803QDOD3E000JXV',181,'Tempsoft',1,0,CONVERT(DATE,'03-11-2021',105),CONVERT(DATE,'28-02-2022',105)),
('FR746574562519JBFAYYCZ5KX70',181,'Pannier',3,0,CONVERT(DATE,'05-08-2021',105),NULL),
('FR553701618541DD6XFVKOG0J19',182,'Bytecard',1,0,CONVERT(DATE,'24-08-2021',105),NULL),
('LB941675UDL4DF8O5J2L71XJLEFK',183,'Prodder',3,0,CONVERT(DATE,'20-05-2022',105),NULL),
('GI75AYZZSTSK4O602XYWK5Y',184,'Bytecard',1,0,CONVERT(DATE,'13-05-2022',105),NULL),
('BG40TPDR774015VYLUI0BM',184,'Trippledex',4,0,CONVERT(DATE,'11-08-2021',105),CONVERT(DATE,'04-12-2021',105)),
('GR610161458JIHV88MPLUUKPWJ5',185,'Zathin',4,0,CONVERT(DATE,'13-12-2021',105),NULL),
('SK8004144805657907594151',185,'Bitchip',1,0,CONVERT(DATE,'06-05-2022',105),NULL),
('NL16YIIT3067429023',186,'Y-Solowarm',1,0,CONVERT(DATE,'19-05-2021',105),NULL),
('FR303288991256XXMQKCMLZAD26',187,'Job',3,0,CONVERT(DATE,'15-03-2022',105),CONVERT(DATE,'05-10-2022',105)),
('HR2684646346109894181',188,'Sonair',3,0,CONVERT(DATE,'16-05-2021',105),NULL),
('ME29934419048456282390',189,'Veribet',3,0,CONVERT(DATE,'11-02-2022',105),NULL),
('ES6345491053851602647405',189,'Sonsing',4,0,CONVERT(DATE,'12-08-2021',105),CONVERT(DATE,'22-03-2022',105)),
('FO0906938323937245',189,'Alphazap',3,0,CONVERT(DATE,'16-11-2021',105),NULL),
('ES1439225274313147027314',190,'Sonsing',3,0,CONVERT(DATE,'30-10-2021',105),NULL),
('AT671585863609047907',190,'Alphazap',1,0,CONVERT(DATE,'14-03-2022',105),NULL),
('SA5545H45I8QO6OZPKC1AJ1H',190,'Tin',1,0,CONVERT(DATE,'23-03-2021',105),NULL),
('BG60XTTX845800OI22AMHG',191,'Bigtax',1,0,CONVERT(DATE,'03-12-2021',105),CONVERT(DATE,'03-03-2022',105)),
('PS73OBEGHFSEYBLYFMH8L3QPGVQC9',192,'Regrant',1,0,CONVERT(DATE,'02-09-2021',105),NULL),
('MK238558E9MGV3EF749',192,'Zontrax',1,0,CONVERT(DATE,'11-02-2021',105),NULL),
('IT56S7325864523V7YMRWOSUY1J',192,'Trippledex',1,0,CONVERT(DATE,'27-04-2021',105),NULL),
('KW34WPWJBK15F3I0MTKUOEIJI89LLT',193,'Keylex',1,0,CONVERT(DATE,'28-04-2021',105),NULL),
('SK4311453993730578618418',193,'Bamity',1,0,CONVERT(DATE,'22-05-2022',105),NULL),
('CY5122402135SHM0H4LXR6ZNAKUI',194,'Y-find',2,0,CONVERT(DATE,'12-02-2021',105),NULL),
('GE05PJ4309768640882233',194,'It',1,0,CONVERT(DATE,'12-03-2022',105),NULL),
('PS81ZQCHDLD7M5SDZUWZNKSYSTCMO',195,'Alpha',3,0,CONVERT(DATE,'18-06-2021',105),NULL),
('AD0357942949XKSMVLBOOIBA',195,'Alpha',1,0,CONVERT(DATE,'23-08-2021',105),NULL),
('SE4479248889724865310316',196,'Span',3,0,CONVERT(DATE,'04-03-2022',105),NULL),
('SA6793YOGHIU7ALTAZLFWAKU',197,'Aerified',3,0,CONVERT(DATE,'18-01-2021',105),NULL),
('AD6546708196DCNFM1FYRYWR',197,'Konklab',1,0,CONVERT(DATE,'12-05-2021',105),NULL),
('PK96UAFUYAA6NVVXOQDYXM6R',198,'Holdlamis',3,0,CONVERT(DATE,'15-11-2021',105),NULL),
('AT406845176291948939',199,'Bitchip',2,0,CONVERT(DATE,'05-03-2021',105),CONVERT(DATE,'05-08-2022',105)),
('BH72VEUO4WGT154P1GOGKD',199,'Matsoft',1,0,CONVERT(DATE,'09-12-2021',105),NULL),
('BE78314242337572',200,'Hatity',1,0,CONVERT(DATE,'23-06-2021',105),NULL),
('SE2575710596688421800564',200,'Asoka',3,0,CONVERT(DATE,'26-07-2021',105),NULL),
('RS34859514741464869106',200,'Lotlux',1,0,CONVERT(DATE,'20-03-2021',105),NULL),
('MT81YCZR60394SJQRWKMUNVEAIDXKPA',201,'Tampflex',3,0,CONVERT(DATE,'12-02-2021',105),CONVERT(DATE,'02-07-2021',105)),
('FR1543277896585ZIK0CSQLQV29',202,'Stim',1,0,CONVERT(DATE,'23-03-2022',105),NULL),
('FR521761738278VD4WOODAQLA67',203,'Stronghold',3,0,CONVERT(DATE,'08-12-2021',105),NULL),
('AZ73BFASXO7TAC1SDXQLYB2RTNGJ',204,'Keylex',3,0,CONVERT(DATE,'16-11-2021',105),NULL),
('SI27477425351749407',204,'Biodex',2,0,CONVERT(DATE,'04-03-2021',105),NULL),
('FR162511973191FEJLUSCLSYA55',205,'Fintone',1,0,CONVERT(DATE,'13-12-2021',105),CONVERT(DATE,'12-09-2022',105)),
('AT312563855247280428',205,'Tres-Zap',3,0,CONVERT(DATE,'22-03-2021',105),NULL),
('FR0871364849612TYD80JXEME62',205,'Prodder',1,0,CONVERT(DATE,'14-05-2021',105),NULL),
('FR936121328389LQQGOASLWT796',206,'Temp',1,0,CONVERT(DATE,'08-04-2022',105),NULL),
('NL57TYWJ4684226641',207,'Mat Lam Tam',3,0,CONVERT(DATE,'27-10-2021',105),CONVERT(DATE,'07-08-2022',105)),
('NO1086289381692',208,'Biodex',4,0,CONVERT(DATE,'22-10-2021',105),NULL),
('IL489787960417879635203',209,'Fixflex',1,0,CONVERT(DATE,'11-05-2021',105),CONVERT(DATE,'12-02-2022',105)),
('AD9785172221O1G3LAZ3EHAY',210,'Job',1,0,CONVERT(DATE,'26-03-2022',105),NULL),
('EE853716562864970222',211,'Bigtax',2,0,CONVERT(DATE,'28-07-2021',105),NULL),
('FR957095196666WZCFKX7UIOC49',211,'Greenlam',4,0,CONVERT(DATE,'21-02-2021',105),NULL),
('MT69HUPA88465GU9WRY2OMXLZEBAK28',212,'Tampflex',3,0,CONVERT(DATE,'17-03-2021',105),NULL),
('FR1177144071868EIO0XBPAQH30',212,'Home Ing',3,0,CONVERT(DATE,'23-11-2021',105),NULL),
('DE02655198100986171775',213,'Transcof',1,0,CONVERT(DATE,'05-05-2022',105),NULL),
('SA3042VLBFLEND4YGUQOFAGX',214,'Ventosanzap',1,0,CONVERT(DATE,'02-10-2021',105),NULL),
('LT515349342197999350',214,'Daltfresh',3,0,CONVERT(DATE,'13-12-2021',105),NULL),
('GB76IQCB97160799774998',215,'Y-find',1,0,CONVERT(DATE,'21-08-2021',105),CONVERT(DATE,'27-11-2022',105)),
('PS02JZSFMNUORGS30HF7NQVLWYEHP',216,'Keylex',1,0,CONVERT(DATE,'05-05-2021',105),CONVERT(DATE,'10-06-2022',105)),
('PK16JVLT9WUDT2GTNRJXDCWX',217,'Job',3,0,CONVERT(DATE,'09-07-2021',105),NULL),
('BR6719619074764247260759846PC',217,'Konklux',4,0,CONVERT(DATE,'05-06-2021',105),NULL),
('IE64VVRQ32687269365888',217,'Overhold',1,0,CONVERT(DATE,'26-03-2021',105),NULL),
('PT96360701922156082244556',218,'Aerified',3,0,CONVERT(DATE,'12-05-2021',105),CONVERT(DATE,'09-02-2022',105)),
('SA8805TF9YHK68JRJYE64GMK',219,'Job',1,0,CONVERT(DATE,'23-04-2022',105),NULL),
('BR0310713915481509546647092WZ',219,'Sonair',2,0,CONVERT(DATE,'03-12-2021',105),NULL),
('IL563665854804309369837',220,'Overhold',3,0,CONVERT(DATE,'02-03-2021',105),NULL),
('PT54876113908975191283835',221,'Zathin',1,0,CONVERT(DATE,'03-05-2021',105),NULL),
('MK34727GCD89ZBFDW30',222,'Trippledex',1,0,CONVERT(DATE,'21-03-2022',105),NULL),
('FR052117707973ENFZR7TSHFB68',223,'Voltsillam',1,0,CONVERT(DATE,'14-09-2021',105),NULL),
('FR266343225064PCVUZ6NADSB73',224,'Greenlam',4,0,CONVERT(DATE,'12-10-2021',105),NULL),
('TN2192558651311039733353',225,'Solarbreeze',3,0,CONVERT(DATE,'29-01-2022',105),NULL),
('CZ4646558313350058759499',226,'Gembucket',1,0,CONVERT(DATE,'22-12-2021',105),NULL),
('BA975439577438062611',227,'Pannier',1,0,CONVERT(DATE,'03-12-2021',105),NULL),
('FR972388823743M5JPHUZ8VN953',227,'Lotlux',1,0,CONVERT(DATE,'06-10-2021',105),NULL),
('VG31PSVD3306916511040551',228,'Greenlam',3,0,CONVERT(DATE,'30-09-2021',105),NULL),
('CY32592408595KQLQUM1CG60C779',229,'Fintone',3,0,CONVERT(DATE,'15-04-2021',105),NULL),
('AL0632649694SYHHMSPXSYAET4R2',230,'Stim',1,0,CONVERT(DATE,'19-01-2022',105),NULL),
('LU40354T9JDUQ2D13TJD',231,'Tres-Zap',1,0,CONVERT(DATE,'16-04-2021',105),NULL),
('IE72QVSZ87136645799851',232,'Solarbreeze',3,0,CONVERT(DATE,'10-09-2021',105),NULL),
('FR380744423606NAPDXC8TKRV13',233,'Bamity',3,0,CONVERT(DATE,'16-04-2021',105),NULL),
('MU31UEWC1168158191908027236MKS',233,'Voltsillam',3,0,CONVERT(DATE,'24-04-2021',105),CONVERT(DATE,'02-05-2022',105)),
('CH6569821IBPATSHZIOIH',234,'Stronghold',1,0,CONVERT(DATE,'16-03-2022',105),NULL),
('FR273037025062NQTUZGL8HIC68',235,'Y-Solowarm',3,0,CONVERT(DATE,'02-10-2021',105),NULL),
('AD9218574272NDERR6HYZMER',235,'Gembucket',1,0,CONVERT(DATE,'16-05-2021',105),NULL),
('DE40064213356819991051',236,'Pannier',1,0,CONVERT(DATE,'12-05-2021',105),NULL),
('FR637609456526U9RDEVHO5CB69',237,'Vagram',1,0,CONVERT(DATE,'02-05-2021',105),NULL),
('AE595235723883635853522',238,'Subin',1,0,CONVERT(DATE,'07-02-2022',105),NULL),
('RS23635468475653514503',238,'Transcof',3,0,CONVERT(DATE,'12-11-2021',105),NULL),
('BH68VDGEO3AQYIO5773CF6',239,'Tresom',1,0,CONVERT(DATE,'12-02-2021',105),NULL),
('GR398289153L5EKN5JL8GVUGQ9D',240,'Veribet',1,0,CONVERT(DATE,'06-02-2022',105),NULL),
('FR912313790044NAWFTQTOP3742',241,'Bamity',1,0,CONVERT(DATE,'27-05-2021',105),NULL),
('DE77222806807739559532',242,'Alpha',1,0,CONVERT(DATE,'20-01-2022',105),NULL),
('FR569310056713SC8KZOLNQYJ12',242,'Pannier',3,0,CONVERT(DATE,'03-10-2021',105),NULL),
('FR8950951953808OSTKJGGULZ02',243,'Bytecard',1,0,CONVERT(DATE,'18-11-2021',105),NULL),
('FR269578997927ZXUFJFD0UIZ87',243,'Stronghold',1,0,CONVERT(DATE,'04-09-2021',105),NULL),
('SM67I59744507953ATHJ7DUIE9D',244,'Bamity',1,0,CONVERT(DATE,'03-07-2021',105),CONVERT(DATE,'27-11-2021',105)),
('LV85LQVR5CYMZNTJEAENO',245,'Domainer',1,0,CONVERT(DATE,'09-03-2022',105),NULL),
('FR9236728895752YBZZQ60JCF08',245,'Flowdesk',4,0,CONVERT(DATE,'06-05-2022',105),NULL),
('VG35WZDA4882933705963825',246,'Otcom',3,0,CONVERT(DATE,'16-01-2021',105),NULL),
('FI5111950414945047',246,'Tempsoft',3,0,CONVERT(DATE,'14-05-2022',105),NULL),
('FR156859604172LTRQ0ETNXXL69',247,'Fintone',3,0,CONVERT(DATE,'07-02-2022',105),CONVERT(DATE,'29-11-2022',105)),
('FR980951897243NIURNICRP1L79',247,'Home Ing',1,0,CONVERT(DATE,'26-07-2021',105),NULL),
('CZ5240340767680109789049',247,'Temp',1,0,CONVERT(DATE,'20-08-2021',105),CONVERT(DATE,'18-08-2022',105)),
('RS27535419511289380411',248,'Transcof',3,0,CONVERT(DATE,'17-05-2022',105),NULL),
('KZ22464M1ORDJRMKIJGA',249,'Kanlam',3,0,CONVERT(DATE,'22-12-2021',105),NULL),
('PK91LXHIO89K2LVOSOZPAQWO',249,'Tampflex',1,0,CONVERT(DATE,'26-03-2022',105),NULL),
('MR2233184551320834197541398',249,'Subin',3,0,CONVERT(DATE,'08-07-2021',105),NULL),
('SI90561448213410524',250,'Alphazap',3,0,CONVERT(DATE,'22-02-2021',105),CONVERT(DATE,'24-08-2021',105))

INSERT INTO [Preferences] VALUES
(1,'AD9413090105NCMC3VM1EDKD',0),
(2,'CY9215826814N5WF0EAUVLRJNYEP',0),
(3,'IS467634787117169699889043',1),
(4,'PT07106690676316508649610',1),
(5,'FR45266161274652TMVIVPQ5L01',1),
(6,'LT696654847411372478',1),
(7,'SI97275105530910376',1),
(8,'ES3876567973341776820457',1),
(9,'SM79Q3694121719TOU8ASQA0WSB',1),
(10,'AE953455736311284747558',1),
(11,'FR219161520100MAECISS28QI76',1),
(12,'BH80CEBOTKLJM2BUKX42VF',0),
(13,'FR815550418281TQ84CJY8Q0X83',1),
(14,'SM83P90892886318JNTNUYDHWF0',1),
(15,'LV27TOASEFYALHPH5RNMJ',1),
(16,'AL8021214616W9VCCKPNSEDHIGBK',1),
(17,'IL757842282767511621870',1),
(18,'FR023968166162QFMI9LTRFYP13',1),
(19,'ME70575675621862483580',0),
(20,'HU78408361769375686963905817',1),
(21,'SI14540525320707650',1),
(22,'IS928892874631938551679674',1),
(23,'AE208442104089089423018',1),
(24,'FR794576365824OBDHH9XQU3Z48',1),
(25,'MD02BZL3BAJBVBOSVTVUCZLH',1),
(26,'MK76101XO6RF8MT6N44',1),
(27,'PL48063123299606189735634665',1),
(28,'LI94577706TCILDNRABOC',1),
(29,'ES7295078258162113141744',1),
(30,'BG13JEIC509423NAXUKOLW',1),
(31,'NO8650701288944',0),
(32,'ME06010270545643065544',1),
(33,'NO2855437598422',1),
(34,'LI2033561S5WMFJ5ZBQZX',1),
(35,'FR6770020963208J1UCIEIWYZ93',1),
(36,'RO38TDIXDHGRSSBIIEBSAHNZ',1),
(37,'KW60GHNXNSHUOVNJSBVP2SQ00JCM0P',1),
(38,'HR2750206937399363641',1),
(39,'LI6447144YSY4Z7BZZZRK',1),
(40,'FR9782327987451AYUC37U0EF51',0),
(41,'SI74825760997584571',1),
(42,'MC574513984017FXNQQKOYBLQ33',1),
(43,'CH584827884PGVRUBCRFO',1),
(44,'FR415369337789HNEDLEYCLTX34',0),
(45,'PT32784241761371374262171',1),
(46,'FR555370117262M8MHCS4TW0778',1),
(47,'TN5478612701002964205356',1),
(48,'KW82KSFYM4YY93ESZGLAMCNATMMBIG',1),
(49,'PL89877171017396818184443026',0),
(50,'FR695430719047MSWFWEIHCAO18',1),
(51,'SM04O2872816220NX2CRTU1F91Z',1),
(52,'FR2505908882660FTQILUB4R861',1),
(53,'CY8714298070SW8FV1GLHBWSTKYO',0),
(54,'FR433271943275Q7IKGEEUQOE62',0),
(55,'KZ57817DZXUEGJAWDPRF',1),
(56,'PT76725017952203419820774',1),
(57,'MK88922HU8SSC0WM810',1),
(58,'CH1618474PWEBI8QAGREI',1),
(59,'SE0410756440958840317925',0),
(60,'FR1549583566069TR1N2XWOYX34',1),
(61,'FR3481428835649QEVERDZJYP38',0),
(62,'LI9457531A6YJLWIJKNSQ',1),
(63,'GI83NEWZEVPW4UU7XMWZ0HZ',0),
(64,'IE51AAOQ21828404077999',1),
(65,'BE14175804407331',0),
(66,'TR0759790QLUOZUYZBIF6LUMC0',1),
(67,'LB112232GXFEIRUSUKN8WRUCRGQM',1),
(68,'LB64197862DLT0DLQ7H8HKJHW7CI',1),
(69,'EE386688945979336861',1),
(70,'GT83QMU2BFPVMOYQBSZ9SLMMIWW3',1),
(71,'FR5041164036327DMV1CRBHOK58',1),
(72,'GR665961948ADBSX9QJRLACNGCS',1),
(73,'BA930876333848218316',0),
(74,'FR5013365821287GQMMDD6OLU83',1),
(75,'IT95C5136669136DOMHUVNPWXL1',1),
(76,'AT226036253155779986',1),
(77,'DO65YOCL31275685388452922839',1),
(78,'KW59IMZAU6XRJDDOMKHUQXXXQNGYBX',1),
(79,'PL02388355872187260826304548',1),
(80,'LI9802427CPUSD02PMERA',1),
(81,'MR2368945812321419374551561',1),
(82,'GL5292163970877711',1),
(83,'BG10EWTB1413962P6E6CZJ',1),
(84,'LI9151289N8ADOGNRY7JJ',1),
(85,'FR044345369650K70UZEP1PLB38',0),
(86,'AZ32WDFXIMHARYKZEWVKS5QG5GQ7',1),
(87,'IT92R5558006844U0FADCFZP08W',1),
(88,'TR0242141JKJFDPUYFQ4BG1CHR',1),
(89,'PS04VYBCQPFJWHXPFFNWDRHMH7Z9E',1),
(90,'BR1205660151330024495652954UY',1),
(91,'FR8531903426929BVM9A1DXCW93',1),
(92,'GB48ENOZ97260071015756',1),
(93,'LT686535476410631841',1),
(94,'FR241647887802ACKVGEEEQZM87',0),
(95,'DO692LOA24615275459286419733',1),
(96,'TN9828137049969786960962',1),
(97,'SK9128096539431151563108',1),
(98,'AL33908744009C521XY5QXTPUATG',1),
(99,'ME30014423925934878853',1),
(100,'CZ7501037659587135778487',1),
(101,'IL786557961952878739199',1),
(102,'CH6793171T2FIYUY16UEY',1),
(103,'HR2046564264198251845',1),
(104,'FR618914331395Y2P7V6AEBDG70',1),
(105,'CH40257354COC2G42ATEJ',1),
(106,'LB3423188JABVMUC6GSTMJQWP8DR',0),
(107,'IL930759747392977098228',1),
(108,'SM21J8226711495E7QWVSFSIA8R',1),
(109,'CR5054394223774342612',1),
(110,'IE51HMAU92310220433666',1),
(111,'LB020531YBRENLULG71HLYYHAJFW',1),
(112,'BH89XBHG5UNJQVF7DMBYNQ',1),
(113,'FR852149528972WKYPXKZBV9783',1),
(114,'MD127KRR5IDXVHDKKSBDCYLZ',0),
(115,'IL240866025059159431398',1),
(116,'CY9873342199LFMKFAYXM2EDQHLW',0),
(117,'IL954780099934615738624',1),
(118,'PT79958979704247087374884',1),
(119,'HU68784313704422979806045343',1),
(120,'LT020042583090022848',1),
(121,'IT13H2361404392D7MFDQT0IDVL',1),
(122,'DE24606440803858670949',1),
(123,'SM15Z7626700133IYW0DGUTCR6Q',1),
(124,'CR4377281577857817397',1),
(125,'MK41477DOYFWAI1W659',0),
(126,'MT29TBTL85012OVGSQ22YFNLREHDKPT',1),
(127,'SI24995381014793617',1),
(128,'DK5795947186416720',0),
(129,'LT072751014736594693',1),
(130,'MR3684476395740706147116764',0),
(131,'FR5894022872945ACYX887VOH23',1),
(132,'PT13236191257141033561499',1),
(133,'GB40XYTB95618940277915',1),
(134,'FR828083090168ET6ILTDQURN59',0),
(135,'FO5917849755420235',0),
(136,'RO30KCWCK6YFATZUPK1JDJSU',1),
(137,'RO13UPSSRHMVA84JH0TPPTVX',1),
(138,'TR7857618UXWCWBI4V4IUMMBD5',1),
(139,'BH28EQZSLZB0CFICEYOZHW',1),
(140,'IL706407341573205473112',1),
(141,'MD62NVLXRWUOQ1BVDGBQ1HOW',1),
(142,'CH0777012CHPF0RNYLH5D',1),
(143,'SA95663L8AYYQFUGNYDUDYGY',1),
(144,'FR718643467428HIJYLT8CYGQ82',0),
(145,'PK52YQMIKKNXKJTPECSBKECZ',1),
(146,'RO24FUJYCNJEVRWWMVTOBVYT',1),
(147,'HU58313167784880213722880914',1),
(148,'FR823591936920GRRQXKU19RZ41',0),
(149,'LV70QKFNXIINGQFGQWTS8',1),
(150,'AT656820572156158682',1),
(151,'DO09YBQL07479057498667250098',1),
(152,'LI9371923OXAYHIGPTSWF',1),
(153,'CH9064317NC6X7QUDMO5B',1),
(154,'AZ66GLLCMWGFFSKTDRD2WLKPHLEU',1),
(155,'PT49707589011545865450544',0),
(156,'DK2320762204856596',1),
(157,'CY95098509140KUMVLON9VLJIQD8',1),
(158,'KZ5999506HVXYZY3JUJI',1),
(159,'AT678813955725840852',1),
(160,'MU31ZXVS5616427840984886555RWZ',1),
(161,'AZ64HEGTJCSUZBLP4MODQD5TXA2Y',1),
(162,'SA82871FSUT7YMRSB9HYZFRQ',1),
(163,'HU15831059445261419254720391',1),
(164,'FR236631003080GIYTWDCWVFH78',1),
(165,'SA3362YUBLXWH0QPSXXHHUFK',1),
(166,'ES4028147503081363996112',1),
(167,'LV98EVGAVWCBKYEZOLKU9',0),
(168,'LV55XFBII6FKFXSK3PXAU',0),
(169,'ME65998433026079128554',1),
(170,'FR938173448585BAIZQZ14X8G91',1),
(171,'BH97ABMEE8WLEVCLROPPPE',1),
(172,'SI14376102936075049',1),
(173,'HU90888651622857489620287790',1),
(174,'CR3363379287437459602',1),
(175,'FR9031821508967Z4A0EKZ0F802',1),
(176,'AZ82SJGCNRR6QR1HB8PBWOX5UT7D',1),
(177,'FR263097337494WTJNN9YCWBB79',1),
(178,'FR984154852590FLGU1CSXJNA08',1),
(179,'DK1296358774419108',1),
(180,'DE14729572230611752366',1),
(181,'LI2942803QDOD3E000JXV',1),
(182,'FR553701618541DD6XFVKOG0J19',1),
(183,'LB941675UDL4DF8O5J2L71XJLEFK',1),
(184,'GI75AYZZSTSK4O602XYWK5Y',1),
(185,'GR610161458JIHV88MPLUUKPWJ5',1),
(186,'NL16YIIT3067429023',1),
(187,'FR303288991256XXMQKCMLZAD26',1),
(188,'HR2684646346109894181',1),
(189,'FO0906938323937245',1),
(190,'ES1439225274313147027314',1),
(191,'BG60XTTX845800OI22AMHG',0),
(192,'PS73OBEGHFSEYBLYFMH8L3QPGVQC9',1),
(193,'SK4311453993730578618418',1),
(194,'GE05PJ4309768640882233',1),
(195,'PS81ZQCHDLD7M5SDZUWZNKSYSTCMO',0),
(196,'SE4479248889724865310316',0),
(197,'SA6793YOGHIU7ALTAZLFWAKU',1),
(198,'PK96UAFUYAA6NVVXOQDYXM6R',0),
(199,'AT406845176291948939',1),
(200,'SE2575710596688421800564',1),
(201,'MT81YCZR60394SJQRWKMUNVEAIDXKPA',1),
(202,'FR1543277896585ZIK0CSQLQV29',0),
(203,'FR521761738278VD4WOODAQLA67',0),
(204,'SI27477425351749407',1),
(205,'AT312563855247280428',1),
(206,'FR936121328389LQQGOASLWT796',1),
(207,'NL57TYWJ4684226641',1),
(208,'NO1086289381692',1),
(209,'IL489787960417879635203',1),
(210,'AD9785172221O1G3LAZ3EHAY',1),
(211,'FR957095196666WZCFKX7UIOC49',1),
(212,'FR1177144071868EIO0XBPAQH30',1),
(213,'DE02655198100986171775',0),
(214,'SA3042VLBFLEND4YGUQOFAGX',1),
(215,'GB76IQCB97160799774998',1),
(216,'PS02JZSFMNUORGS30HF7NQVLWYEHP',1),
(217,'IE64VVRQ32687269365888',1),
(218,'PT96360701922156082244556',1),
(219,'SA8805TF9YHK68JRJYE64GMK',1),
(220,'IL563665854804309369837',1),
(221,'PT54876113908975191283835',0),
(222,'MK34727GCD89ZBFDW30',1),
(223,'FR052117707973ENFZR7TSHFB68',1),
(224,'FR266343225064PCVUZ6NADSB73',1),
(225,'TN2192558651311039733353',1),
(226,'CZ4646558313350058759499',1),
(227,'BA975439577438062611',1),
(228,'VG31PSVD3306916511040551',1),
(229,'CY32592408595KQLQUM1CG60C779',1),
(230,'AL0632649694SYHHMSPXSYAET4R2',1),
(231,'LU40354T9JDUQ2D13TJD',1),
(232,'IE72QVSZ87136645799851',1),
(233,'MU31UEWC1168158191908027236MKS',1),
(234,'CH6569821IBPATSHZIOIH',1),
(235,'FR273037025062NQTUZGL8HIC68',1),
(236,'DE40064213356819991051',1),
(237,'FR637609456526U9RDEVHO5CB69',1),
(238,'RS23635468475653514503',1),
(239,'BH68VDGEO3AQYIO5773CF6',1),
(240,'GR398289153L5EKN5JL8GVUGQ9D',1),
(241,'FR912313790044NAWFTQTOP3742',1),
(242,'FR569310056713SC8KZOLNQYJ12',1),
(243,'FR8950951953808OSTKJGGULZ02',1),
(244,'SM67I59744507953ATHJ7DUIE9D',1),
(245,'LV85LQVR5CYMZNTJEAENO',1),
(246,'FI5111950414945047',1),
(247,'CZ5240340767680109789049',1),
(248,'RS27535419511289380411',0),
(249,'KZ22464M1ORDJRMKIJGA',1),
(250,'SI90561448213410524',1)

INSERT INTO [Cards] VALUES
('3553394739569566','AD9413090105NCMC3VM1EDKD',0,'4801'),
('5108759701882616','AD9413090105NCMC3VM1EDKD',0,'3395'),
('5610448283291799','AD9413090105NCMC3VM1EDKD',0,'7989'),
('6767194131657216','CY9215826814N5WF0EAUVLRJNYEP',0,'7879'),
('490512906359513746','IS467634787117169699889043',0,'5203'),
('67629884540120505','CY12037553938HANCACNARCJXUQ2',0,'8448'),
('5602214913961221','PT07106690676316508649610',0,'6919'),
('3585389241553134','FR45266161274652TMVIVPQ5L01',0,'0603'),
('3553021434179678','FR45266161274652TMVIVPQ5L01',0,'4605'),
('3539594910319199','LT696654847411372478',0,'1577'),
('060487097042830945','SI97275105530910376',0,'0152'),
('4913496706825070','ES3876567973341776820457',0,'0855'),
('503842127260007436','PT29499781625205195427425',0,'3504'),
('3549364286215787','SM79Q3694121719TOU8ASQA0WSB',0,'9663'),
('3551717138112475','SM79Q3694121719TOU8ASQA0WSB',0,'2723'),
('3560851130210885','AE953455736311284747558',0,'6213'),
('3532729689299365','FR1502944963172WZYK2TOUP756',0,'9346'),
('5144878953176703','FR219161520100MAECISS28QI76',0,'2092'),
('374283710655978','FR219161520100MAECISS28QI76',0,'8808'),
('6304186574414609735','FI2219198455116224',0,'6155'),
('3543227276454094','FI2219198455116224',0,'4291'),
('4936136691960130197','BH80CEBOTKLJM2BUKX42VF',0,'8056'),
('3556692059098273','FR980228933378SS3VLX9UACU28',0,'1172'),
('3534778381727627','FR815550418281TQ84CJY8Q0X83',0,'4732'),
('3574671817835992','SM83P90892886318JNTNUYDHWF0',0,'1827'),
('36991258804572','GL5255650205989485',0,'5430'),
('3567884420394112','KW85AYMHPBVBCVXTBEXRORUCADITVV',0,'0597'),
('3550002078422221','LV27TOASEFYALHPH5RNMJ',0,'4318'),
('201460557761601','LV27TOASEFYALHPH5RNMJ',0,'1741'),
('6759278077429969','AL8021214616W9VCCKPNSEDHIGBK',0,'4562'),
('201694443691883','IL757842282767511621870',0,'4955'),
('0604208558230577674','IL757842282767511621870',0,'2829'),
('3545214934208144','IL757842282767511621870',0,'7445'),
('3574144298800935','IL757842282767511621870',0,'4345'),
('4913940061704347','CR5710841972545014452',0,'4346'),
('3581054556496048','KZ10710KAXRKBV4ETOSD',0,'8410'),
('3557574175422240','KZ10710KAXRKBV4ETOSD',0,'8478'),
('3581209164061929','KZ10710KAXRKBV4ETOSD',0,'6747'),
('3550949620549275','KZ10710KAXRKBV4ETOSD',0,'8494'),
('3539415381991003','FR023968166162QFMI9LTRFYP13',0,'4234'),
('4844992399530799','ME70575675621862483580',0,'8902'),
('3529472894383931','HU78408361769375686963905817',0,'3737'),
('5038740113738278','FR866323816569TBEYXL0UTTS96',0,'4151'),
('5002352740179686','BG38CTRP707888CHJO8ZXK',0,'3206'),
('3549323678371269','BG38CTRP707888CHJO8ZXK',0,'9203'),
('5602239865489699','SI14540525320707650',0,'1830'),
('6331107991319781','PK06PYDX9IKDYX2W6BCBMLX1',0,'2272'),
('6759479480860507','PK06PYDX9IKDYX2W6BCBMLX1',0,'0118'),
('3577792074504605','MC252479540832T14TYUTCAJX17',0,'8340'),
('3560778843290989','IS928892874631938551679674',0,'7497'),
('5602252148308313402','PL43281800397501597971052578',0,'5188'),
('3564290435393557','AE208442104089089423018',0,'2048'),
('342813972450376','AE208442104089089423018',0,'3490'),
('5038050721609766','FR794576365824OBDHH9XQU3Z48',0,'4923'),
('3552214792903331','MD02BZL3BAJBVBOSVTVUCZLH',0,'2299'),
('3552307858932689','DE42771744757544870860',0,'4253'),
('6759791248221529806','MK76101XO6RF8MT6N44',0,'3735'),
('4175002257416617','FR8885856433902PFBER7MY9W00',0,'7502'),
('3567677630072431','FR8885856433902PFBER7MY9W00',0,'2411'),
('30020475989275','PL48063123299606189735634665',0,'6085'),
('6333260678108171','LI94577706TCILDNRABOC',0,'5313'),
('0604621349629116','LI94577706TCILDNRABOC',0,'2480'),
('493651543509687982','ES7295078258162113141744',0,'9284'),
('3568556781170070','MD730CGGIQL7X7HD8J48NWXZ',0,'6599'),
('4026846817407651','BG13JEIC509423NAXUKOLW',0,'5336'),
('4844799801048777','NO8650701288944',0,'5536'),
('342533470423630','ME06010270545643065544',0,'4185'),
('3564155171648292','ME06010270545643065544',0,'0682'),
('63046335544247343','ME06010270545643065544',0,'7669'),
('30023680009277','MK885706QX8UYFKTF20',0,'8617'),
('5108757155064335','NO2855437598422',0,'0419'),
('3577211324914126','NO2855437598422',0,'6150'),
('3555756025293440','NO2855437598422',0,'4077'),
('503820145758726032','LI2033561S5WMFJ5ZBQZX',0,'8578'),
('3571614843598856','FR6770020963208J1UCIEIWYZ93',0,'7270'),
('3556439484402054','FR664530848066PZS7RTSBPDX82',0,'2196'),
('5137661735748273','RO38TDIXDHGRSSBIIEBSAHNZ',0,'0574'),
('5602228333040291816','FR666537258783X8OMC04VFTC42',0,'8496'),
('676120792052315177','FR666537258783X8OMC04VFTC42',0,'6552'),
('5048371680941778','FR666537258783X8OMC04VFTC42',0,'3152'),
('3563572642250030','FR666537258783X8OMC04VFTC42',0,'0313'),
('3576610069377319','KW60GHNXNSHUOVNJSBVP2SQ00JCM0P',0,'9860'),
('3571643759388101','KW60GHNXNSHUOVNJSBVP2SQ00JCM0P',0,'9282'),
('6304809399264781','KW60GHNXNSHUOVNJSBVP2SQ00JCM0P',0,'5352'),
('201683530275072','HR2750206937399363641',0,'1622'),
('201925489518964','HR2750206937399363641',0,'3936'),
('201884412108924','LI6447144YSY4Z7BZZZRK',0,'8855'),
('4175009407469511','LI6447144YSY4Z7BZZZRK',0,'2552'),
('374283451677330','FR9782327987451AYUC37U0EF51',0,'0394'),
('6767540646214366','FR9782327987451AYUC37U0EF51',0,'4043'),
('3580893207036021','LU51482S5LB0GJSVOYPP',0,'8389'),
('6762997204935219529','SI74825760997584571',0,'7461'),
('5167992862040033','MC574513984017FXNQQKOYBLQ33',0,'2930'),
('560223473112182178','BA038977631439091374',0,'6496'),
('633375903429124944','PL11799872834331665811266572',0,'7858'),
('3529533658167297','CH584827884PGVRUBCRFO',0,'1048'),
('201538989464173','SI16655849116473450',0,'5121'),
('3565287306526876','FR415369337789HNEDLEYCLTX34',0,'6924'),
('3531461412798239','FR262813619748PNCVTCELAXG12',0,'9794'),
('3555815356453765','PT32784241761371374262171',0,'6085'),
('6383086381009391','PT32784241761371374262171',0,'6381'),
('201792371533919','ME97661623675960265882',0,'7897'),
('3581540990708865','FR555370117262M8MHCS4TW0778',0,'9157'),
('6331109900208395990','TN5478612701002964205356',0,'6092'),
('3547490595785665','KW82KSFYM4YY93ESZGLAMCNATMMBIG',0,'7166'),
('3559732301846942','PL89877171017396818184443026',0,'4492'),
('3564063436844377','PL89877171017396818184443026',0,'1308'),
('5100146712035293','PL89877171017396818184443026',0,'9269'),
('30549324439546','GR560395974CG6TT9ZR8OFADHFE',0,'8956'),
('5610217921553807','GR560395974CG6TT9ZR8OFADHFE',0,'3530'),
('3573380930667206','FR695430719047MSWFWEIHCAO18',0,'2362'),
('4017953136275818','GL4455269002179975',0,'5678'),
('3541279983379652','SM04O2872816220NX2CRTU1F91Z',0,'4262'),
('3588458889501098','FR2505908882660FTQILUB4R861',0,'4488'),
('201700067098907','CY8714298070SW8FV1GLHBWSTKYO',0,'6367'),
('201935579571104','CY8714298070SW8FV1GLHBWSTKYO',0,'5715'),
('3589510138564696','FR433271943275Q7IKGEEUQOE62',0,'0629'),
('5602244706896720337','KZ57817DZXUEGJAWDPRF',0,'5146'),
('3532938273718587','NL78SXNX5876067470',0,'7675'),
('3540590875582463','PT76725017952203419820774',0,'0959'),
('6384674598254485','SA4941E7VC2BUJG8DVLMIUB9',0,'8666'),
('6331106877678674','MK88922HU8SSC0WM810',0,'7644'),
('5610255888291888','MK88922HU8SSC0WM810',0,'1287'),
('5007668428035360','CH1618474PWEBI8QAGREI',0,'6061'),
('5108750075338087','HU87667080640745192379770387',0,'5519'),
('6767902773326522','SE0410756440958840317925',0,'3376'),
('201489072724521','RO18EUJTUIXL9GMIVTAD47EI',0,'5972'),
('670671603610193954','RO18EUJTUIXL9GMIVTAD47EI',0,'2108'),
('3583578364934657','RO18EUJTUIXL9GMIVTAD47EI',0,'8240'),
('343909198397190','FR1549583566069TR1N2XWOYX34',0,'9039'),
('30058474947456','FR1549583566069TR1N2XWOYX34',0,'8253'),
('6767820027863876966','FR3481428835649QEVERDZJYP38',0,'1286'),
('5641825278050780','FR3481428835649QEVERDZJYP38',0,'0509'),
('201876402720486','DK6058517087729622',0,'6998'),
('6376426678029950','LI9457531A6YJLWIJKNSQ',0,'8090'),
('5602227143912723','NL76JNXX1868440926',0,'0935'),
('3573157562013853','NL76JNXX1868440926',0,'0438'),
('30478020009637','GI83NEWZEVPW4UU7XMWZ0HZ',0,'3705'),
('3585287530211333','MD45BCMPTO0A8JEWCMIMULCR',0,'5949'),
('4903538064476957152','IE51AAOQ21828404077999',0,'1986'),
('5641829108019536','BE14175804407331',0,'5510'),
('6771162572428662052','AL5959600739QLBVKSV5UR8L5MCU',0,'7978'),
('3530438561645065','TR0759790QLUOZUYZBIF6LUMC0',0,'2465'),
('30138132384134','TR0759790QLUOZUYZBIF6LUMC0',0,'3447'),
('3563089009427127','IE42UTTQ67174907923500',0,'6144'),
('3560589707443451','LB112232GXFEIRUSUKN8WRUCRGQM',0,'9380'),
('675986042527240443','LB64197862DLT0DLQ7H8HKJHW7CI',0,'9109'),
('337941412381054','PS08YUQBD0QXSCE7LOYO3WEIIFHOA',0,'1412'),
('5602221562485451','BG96DUOA015893RAOVD5AK',0,'4542'),
('201442223382392','EE386688945979336861',0,'9542'),
('3570797197535920','GT83QMU2BFPVMOYQBSZ9SLMMIWW3',0,'7613'),
('3543194078824561','GT83QMU2BFPVMOYQBSZ9SLMMIWW3',0,'0402'),
('5100135023838404','GT83QMU2BFPVMOYQBSZ9SLMMIWW3',0,'5380'),
('3552367783051690','FR5041164036327DMV1CRBHOK58',0,'1948'),
('4041370464128149','FR836087418377IWU8PVEGDVU13',0,'7034'),
('5018413101912508490','FR836087418377IWU8PVEGDVU13',0,'3318'),
('3536046119918928','FR836087418377IWU8PVEGDVU13',0,'6287'),
('3555556511347084','BH54PCIVYK9ZY4NPXRS8O3',0,'0159'),
('5602244196558536090','GR665961948ADBSX9QJRLACNGCS',0,'0085'),
('337941822931886','BA930876333848218316',0,'4143'),
('6370290067933537','BA930876333848218316',0,'0865'),
('30242870366251','AL0870006466BDDYHJJGOUMQB7A6',0,'7374'),
('3558984929137706','LU70851H7LSUB3GSRLFG',0,'2866'),
('67590346725161592','FR5013365821287GQMMDD6OLU83',0,'3722'),
('3541704430311958','IT95C5136669136DOMHUVNPWXL1',0,'8555'),
('5100172682771758','BH67DBGDTWOO98T1IIB1GE',0,'2091'),
('3561016057060361','BH67DBGDTWOO98T1IIB1GE',0,'3152'),
('374288548540334','AT226036253155779986',0,'8545'),
('3551790106466207','DO65YOCL31275685388452922839',0,'8560'),
('5007664904066359','DO65YOCL31275685388452922839',0,'5908'),
('6392697644882868','DO65YOCL31275685388452922839',0,'4526'),
('3549672342730023','KW59IMZAU6XRJDDOMKHUQXXXQNGYBX',0,'4776'),
('3589641674323286','DO39GE7C12482803957849368595',0,'1931'),
('4405851075872225','PL02388355872187260826304548',0,'4037'),
('3575808837919666','LI9802427CPUSD02PMERA',0,'4609'),
('374288801323436','GR522354528C95EVZDAXCLHWO6W',0,'5794'),
('3540442159744098','GI02OSMLZCVPC3LI6P7EZUF',0,'3774'),
('4936031850983889','GI02OSMLZCVPC3LI6P7EZUF',0,'3315'),
('4508734851113285','MR2368945812321419374551561',0,'1608'),
('372301630023994','MU38SPRZ6561085529865602003KQY',0,'0619'),
('3582258343182402','MU38SPRZ6561085529865602003KQY',0,'8651'),
('3577210518974979','GL5292163970877711',0,'4644'),
('3557124256544072','GL5292163970877711',0,'7944'),
('3556133444573829','BG10EWTB1413962P6E6CZJ',0,'7348'),
('5100171514854535','LI9151289N8ADOGNRY7JJ',0,'1710'),
('4175005092637503','FR044345369650K70UZEP1PLB38',0,'2026'),
('3536857301814422','AE791992291992682614433',0,'1531'),
('3560533611043155','AE791992291992682614433',0,'0609'),
('5602218278991996','AZ32WDFXIMHARYKZEWVKS5QG5GQ7',0,'1921'),
('5602254203535570510','KW22OLNPISJDMT4SNHFR0DSPN5ANKQ',0,'6971'),
('3539066630670524','IT92R5558006844U0FADCFZP08W',0,'0951'),
('6331106450111040559','TR0242141JKJFDPUYFQ4BG1CHR',0,'7614'),
('5406702906298872','TR0242141JKJFDPUYFQ4BG1CHR',0,'4210'),
('3543794715217713','PS04VYBCQPFJWHXPFFNWDRHMH7Z9E',0,'5436'),
('36197795928706','PS04VYBCQPFJWHXPFFNWDRHMH7Z9E',0,'0750'),
('337941748367025','KZ08583RLSRYBXSZMLZ4',0,'8647'),
('3574341136776802','FR654459310157FSFJXHSE1FU24',0,'5450'),
('4936028390064290301','BR1205660151330024495652954UY',0,'3648'),
('3529196226076638','BR1205660151330024495652954UY',0,'4907'),
('3570660567240895','FR8531903426929BVM9A1DXCW93',0,'9346'),
('3572953643603667','FR8531903426929BVM9A1DXCW93',0,'5128'),
('5586602840946812','FR8531903426929BVM9A1DXCW93',0,'1154'),
('5610386012516757','IL864925811367077730271',0,'2204'),
('633110251712443179','LV72XXYBH0G42VAO1QZAS',0,'6978'),
('3555898894129089','GB48ENOZ97260071015756',0,'4967'),
('5048376474635551','GB48ENOZ97260071015756',0,'9082'),
('0604745800328270','LT686535476410631841',0,'6703'),
('5602212368880656','LT686535476410631841',0,'2054'),
('5602247270174442','LT686535476410631841',0,'3261'),
('5038110163419684','LT686535476410631841',0,'1902'),
('4844922553266021','MU79EOTT8963977338902634213BSU',0,'8534'),
('3551441891970884','FR241647887802ACKVGEEEQZM87',0,'1600'),
('3531089295124767','DE87413056918276489411',0,'8984'),
('3539354960643109','DO692LOA24615275459286419733',0,'3390'),
('6304908093085276','TN9828137049969786960962',0,'6433'),
('3573973616285515','SK9128096539431151563108',0,'6414'),
('376208042078316','AL33908744009C521XY5QXTPUATG',0,'7059'),
('3532918720961576','AE236837503028130721519',0,'1405'),
('3561986651645009','AE236837503028130721519',0,'7907'),
('56022521221573505','AE236837503028130721519',0,'8004'),
('6372142424651435','ME30014423925934878853',0,'5854'),
('3566289300276739','CZ7501037659587135778487',0,'1535'),
('3555712824190303','IL786557961952878739199',0,'7154'),
('372301276774066','CH6793171T2FIYUY16UEY',0,'6899'),
('50208359548162556','AL7735553150TGPITLB0SYRDI9PS',0,'7142'),
('3573734051746506','AL7735553150TGPITLB0SYRDI9PS',0,'4593'),
('348550514742902','AL7735553150TGPITLB0SYRDI9PS',0,'2886'),
('3556756284625208','HR2046564264198251845',0,'4901'),
('3528434935236016','LU67780AHKNQAGUVIQCQ',0,'5185'),
('3543693756710794','LU67780AHKNQAGUVIQCQ',0,'0056'),
('337941460841736','DE26201314004591017445',0,'9741'),
('4924094525133','FR618914331395Y2P7V6AEBDG70',0,'0037'),
('3535306234789047','FR880802642577SKWA7FFSOSY93',0,'1431'),
('5602213295387682','CH40257354COC2G42ATEJ',0,'3790'),
('3544735881472078','LB3423188JABVMUC6GSTMJQWP8DR',0,'0724'),
('5100136466129871','IL930759747392977098228',0,'3254'),
('3575551734142020','SM21J8226711495E7QWVSFSIA8R',0,'7558'),
('5290687997575909','SM21J8226711495E7QWVSFSIA8R',0,'4337'),
('503846328185810252','AE669617962979556956338',0,'8608'),
('6380286951644840','CR5054394223774342612',0,'2540'),
('3537072603817029','CZ4978198580333176676814',0,'9081'),
('337941456031631','KZ79698SAMINRDWP0SU3',0,'1066'),
('3539294115597349','IE51HMAU92310220433666',0,'2140'),
('345925527155909','LB020531YBRENLULG71HLYYHAJFW',0,'3494'),
('5489581856353675','BE73412981269660',0,'4524'),
('3528241879383401','BH89XBHG5UNJQVF7DMBYNQ',0,'5634'),
('3565766718930313','FR852149528972WKYPXKZBV9783',0,'0038'),
('201637817749381','FR852149528972WKYPXKZBV9783',0,'0009'),
('5112376173452705','FR852149528972WKYPXKZBV9783',0,'1674'),
('6331100747082383116','MD127KRR5IDXVHDKKSBDCYLZ',0,'2424'),
('3580408888742837','IL240866025059159431398',0,'8308'),
('5100147004086317','IL240866025059159431398',0,'0360'),
('3576049661406996','AD3436784333NJ8STCMDIPRF',0,'3653'),
('3546116859654138','FR355719122719UPWYHQHCWEX12',0,'9462'),
('4508933649001469','FR355719122719UPWYHQHCWEX12',0,'2937'),
('4041591175763656','FR355719122719UPWYHQHCWEX12',0,'8499'),
('5610067228254421','CY9873342199LFMKFAYXM2EDQHLW',0,'8538'),
('3559765878844429','IL954780099934615738624',0,'7502'),
('4041595692673488','PT79958979704247087374884',0,'1442'),
('5010122278903983','SM78N7809963212KRCYTRDYPGBA',0,'4419'),
('5602241383625549','SM78N7809963212KRCYTRDYPGBA',0,'2402'),
('201906897724188','SM78N7809963212KRCYTRDYPGBA',0,'9220'),
('3575587928104996','SM78N7809963212KRCYTRDYPGBA',0,'4578'),
('5610872536450813','HU68784313704422979806045343',0,'7975'),
('4175008933060299','FR545626506435USBYMLJZW4T92',0,'9222'),
('6709747392658693','LT020042583090022848',0,'8840'),
('3571392599113093','IT12D7367339631MYHBUZNQDQFH',0,'1234'),
('3541682108460002','IT13H2361404392D7MFDQT0IDVL',0,'3415'),
('6706517282942280','IT13H2361404392D7MFDQT0IDVL',0,'7596'),
('5602237600029556','IT13H2361404392D7MFDQT0IDVL',0,'4295'),
('3532915747256956','DE24606440803858670949',0,'0157'),
('490535834198647843','CR6208159620834962189',0,'3965'),
('3579848570877271','PL66688800934580256377748627',0,'7792'),
('337941399118552','SM15Z7626700133IYW0DGUTCR6Q',0,'9539'),
('201464450985689','CR4377281577857817397',0,'7723'),
('3559147067805463','CR4377281577857817397',0,'3727'),
('30541970311376','MK41477DOYFWAI1W659',0,'8327'),
('56022197697919900','MT29TBTL85012OVGSQ22YFNLREHDKPT',0,'7402'),
('6393403339013169','BR7237078533304381976578605ED',0,'0158'),
('201897421684594','SI24995381014793617',0,'5223'),
('337941191346898','DK5795947186416720',0,'7752'),
('201871826889165','AT081187867286884882',0,'1878'),
('3568739207341372','AT419337944819836915',0,'6024'),
('3567625567263796','LT072751014736594693',0,'0742'),
('3546505298559595','MR3684476395740706147116764',0,'8026'),
('30393985467417','FR5894022872945ACYX887VOH23',0,'7892'),
('5602259369645018','FR5894022872945ACYX887VOH23',0,'0675'),
('4017953976643471','PT13236191257141033561499',0,'9375'),
('3542161795731263','PK16OVGG5TABA3XNX7GFS7OG',0,'4601'),
('3574851367168305','BG80BGKW2232103ST3GTY6',0,'4331'),
('3532482557940773','GB40XYTB95618940277915',0,'2127'),
('30363130279454','GB40XYTB95618940277915',0,'2929'),
('3543332239210060','GB72MTCS12171466615466',0,'1156'),
('3536871701148885','FR828083090168ET6ILTDQURN59',0,'4397'),
('3535979670682544','FR828083090168ET6ILTDQURN59',0,'6648'),
('30272751883421','GE75WE8521088818461588',0,'5470'),
('50184631578714243','FO5917849755420235',0,'7207'),
('6304947984178421641','FO5917849755420235',0,'9021'),
('5602223816517535','FO5917849755420235',0,'7506'),
('3588711601876176','GR861288206OLQH2DAHVAN1RZMH',0,'4626'),
('3535458708599459','GR861288206OLQH2DAHVAN1RZMH',0,'5357'),
('5108756596938008','RO30KCWCK6YFATZUPK1JDJSU',0,'6537'),
('5602245322302652731','RO13UPSSRHMVA84JH0TPPTVX',0,'5976'),
('201471156238123','RO13UPSSRHMVA84JH0TPPTVX',0,'2105'),
('30593533394787','RO13UPSSRHMVA84JH0TPPTVX',0,'1316'),
('5007662396982240','LI4086518PKMEK1TNNUIG',0,'0936'),
('4913989043105958','NO5707298372619',0,'3951'),
('3574393632639570','NO5707298372619',0,'1305'),
('5602241511548894','NO5707298372619',0,'1559'),
('3532560116478284','TR7857618UXWCWBI4V4IUMMBD5',0,'9911'),
('5602247886487998','BH28EQZSLZB0CFICEYOZHW',0,'1985'),
('5100170422841238','BH28EQZSLZB0CFICEYOZHW',0,'4873'),
('5100170414589449','IS854519170803540031159058',0,'5018'),
('5007663568060773','FR768052907885WGR8C1JBYOU54',0,'1258'),
('4917908874437062','FR768052907885WGR8C1JBYOU54',0,'1999'),
('3528832945382425','IL706407341573205473112',0,'9801'),
('3552407928105017','MD62NVLXRWUOQ1BVDGBQ1HOW',0,'1269'),
('56022552842899359','MD62NVLXRWUOQ1BVDGBQ1HOW',0,'8022'),
('3562871938426796','CH0777012CHPF0RNYLH5D',0,'5906'),
('5410343059293883','FR614281571412VPU8P4TMHZR26',0,'5455'),
('3578666434900506','SA95663L8AYYQFUGNYDUDYGY',0,'4607'),
('630415802112588969','FR718643467428HIJYLT8CYGQ82',0,'9630'),
('3530390298801232','LI7115490UEKKHC5HEOMC',0,'6798'),
('30587739757318','LI7115490UEKKHC5HEOMC',0,'3540'),
('3558152436514375','LI7115490UEKKHC5HEOMC',0,'4220'),
('5007662463671080','LI7115490UEKKHC5HEOMC',0,'6010'),
('3531047221318085','PK52YQMIKKNXKJTPECSBKECZ',0,'8142'),
('630466977812649846','RO24FUJYCNJEVRWWMVTOBVYT',0,'1890'),
('5100130316698391','RO24FUJYCNJEVRWWMVTOBVYT',0,'2582'),
('6706190876729180','RO24FUJYCNJEVRWWMVTOBVYT',0,'4805'),
('3573016604085057','RO24FUJYCNJEVRWWMVTOBVYT',0,'3074'),
('36883221870121','HU58313167784880213722880914',0,'4334'),
('670961789007380152','HU58313167784880213722880914',0,'2332'),
('6385599299408289','HU58313167784880213722880914',0,'1863'),
('3543698021611347','FR823591936920GRRQXKU19RZ41',0,'9866'),
('6381488148018818','GR468571309BMGLC5BMOONSZWQT',0,'1846'),
('3538317776502331','NO7274412447600',0,'5954'),
('3536826050906440','LV70QKFNXIINGQFGQWTS8',0,'3024'),
('6331109721315501','AT656820572156158682',0,'3011'),
('374288887183001','AT656820572156158682',0,'0994'),
('3578353177470910','DO09YBQL07479057498667250098',0,'1625'),
('3534636586048266','MD352HZKLXD7BFBSGKEAUTNZ',0,'0813'),
('3586262122870274','MK2390315VYRI0CKX34',0,'8194'),
('374283878441294','LI9371923OXAYHIGPTSWF',0,'4295'),
('633421013118643727','FR919332503670XLIEN3EAJAP79',0,'6728'),
('6763972705059396','CH9064317NC6X7QUDMO5B',0,'6468'),
('5602251303356596','AZ66GLLCMWGFFSKTDRD2WLKPHLEU',0,'4045'),
('67097230789751506','AZ66GLLCMWGFFSKTDRD2WLKPHLEU',0,'8662'),
('3578105177031666','PT49707589011545865450544',0,'9490'),
('3567950627852317','DK2320762204856596',0,'4433'),
('630400174515878968','DK2320762204856596',0,'9009'),
('5007663874216994','DK2320762204856596',0,'2454'),
('5010124438475639','CY95098509140KUMVLON9VLJIQD8',0,'9291'),
('5010123535243734','IS720835397310571562917668',0,'8149'),
('3566823768463551','KZ5999506HVXYZY3JUJI',0,'9252'),
('3555643814930319','DE88503433710437310817',0,'4168'),
('5269572745814429','AT678813955725840852',0,'4168'),
('3579031528447311','AT678813955725840852',0,'8485'),
('5602220335291444','AT678813955725840852',0,'2041'),
('6374543828470801','MU31ZXVS5616427840984886555RWZ',0,'5489'),
('4891152822522','MU31ZXVS5616427840984886555RWZ',0,'3800'),
('3587009563414289','AZ64HEGTJCSUZBLP4MODQD5TXA2Y',0,'3448'),
('5602221814850775','SA82871FSUT7YMRSB9HYZFRQ',0,'9172'),
('30437030911695','BH58MVVMELSVPCFDSZUQT8',0,'2160'),
('4917363302243338','FR3141806374742YTJQIW8M8V61',0,'0187'),
('633110461488373316','HU15831059445261419254720391',0,'9523'),
('201807471240148','FR236631003080GIYTWDCWVFH78',0,'0461'),
('201466716034327','BE55191200578333',0,'6336'),
('4041592949899248','SA3362YUBLXWH0QPSXXHHUFK',0,'9416'),
('4041591480005009','SA3362YUBLXWH0QPSXXHHUFK',0,'3570'),
('561056291807543623','ES4028147503081363996112',0,'4569'),
('6767340925530751911','KZ64703VA9TXWV1O4CUM',0,'5991'),
('3587954185098582','LV98EVGAVWCBKYEZOLKU9',0,'9537'),
('4017951322870830','LV55XFBII6FKFXSK3PXAU',0,'7537'),
('3574236058941261','FR390919493726CUBB0X2AUQD94',0,'2771'),
('3531499176825913','FR390919493726CUBB0X2AUQD94',0,'7094'),
('3563981450780063','ME65998433026079128554',0,'1515'),
('3539200020844700','FR938173448585BAIZQZ14X8G91',0,'9205'),
('5020740998434993','BH97ABMEE8WLEVCLROPPPE',0,'5565'),
('3528973368519406','SI14376102936075049',0,'9589'),
('675935640797904986','CZ7345444139802983588544',0,'5025'),
('346887149054630','HU90888651622857489620287790',0,'7237'),
('6761073136434134','CR3363379287437459602',0,'7351'),
('201486478168055','SA7921PAVZLGBPQUVNDYCZNY',0,'2151'),
('201780737200703','FR9031821508967Z4A0EKZ0F802',0,'3375'),
('5007668691876706','FR9031821508967Z4A0EKZ0F802',0,'0161'),
('30309602894510','ME17166678628475535698',0,'1704'),
('3574430646269877','AZ82SJGCNRR6QR1HB8PBWOX5UT7D',0,'5115'),
('5146148763553915','AZ82SJGCNRR6QR1HB8PBWOX5UT7D',0,'7219'),
('6763486701335736610','FR263097337494WTJNN9YCWBB79',0,'2438'),
('3577066630990073','FR263097337494WTJNN9YCWBB79',0,'8497'),
('5048372469871707','FR263097337494WTJNN9YCWBB79',0,'7001'),
('3574664327552736','FR554239335295BIZEUWV3CFF55',0,'8660'),
('3546076970759473','FR554239335295BIZEUWV3CFF55',0,'7028'),
('3583004616511474','FR554239335295BIZEUWV3CFF55',0,'2212'),
('5007661759192421','ME47023169616824130549',0,'2921'),
('4970734237886645','FR984154852590FLGU1CSXJNA08',0,'0322'),
('5221151192558784','FR984154852590FLGU1CSXJNA08',0,'5511'),
('3569940716186238','MK607269Y52K7L4HG42',0,'2909'),
('3560594998942898','DK1296358774419108',0,'4967'),
('676222519979772876','MT96UJMO84351ISUKDQAC1BVUSET7YZ',0,'7758'),
('372301690933116','MT96UJMO84351ISUKDQAC1BVUSET7YZ',0,'9472'),
('56022430333252562','FR067220098632VIHYMPBGS8E97',0,'3294'),
('3549108192254905','DK2114195689978254',0,'1381'),
('3546529031304036','DE14729572230611752366',0,'8514'),
('3585479703863566','DE14729572230611752366',0,'6710'),
('3573882586442859','LI2942803QDOD3E000JXV',0,'8152'),
('5509951571829125','FR746574562519JBFAYYCZ5KX70',0,'0343'),
('67622767188193297','FR746574562519JBFAYYCZ5KX70',0,'9376'),
('201898839031204','FR553701618541DD6XFVKOG0J19',0,'7783'),
('5007667859573840','LB941675UDL4DF8O5J2L71XJLEFK',0,'3339'),
('3535505667385492','LB941675UDL4DF8O5J2L71XJLEFK',0,'1125'),
('4917199449935562','LB941675UDL4DF8O5J2L71XJLEFK',0,'3213'),
('3580673753187158','GI75AYZZSTSK4O602XYWK5Y',0,'4098'),
('6391983312754527','BG40TPDR774015VYLUI0BM',0,'0797'),
('3587022624529201','GR610161458JIHV88MPLUUKPWJ5',0,'2202'),
('30108369393462','SK8004144805657907594151',0,'5083'),
('5100175311626657','NL16YIIT3067429023',0,'5161'),
('4026168701358811','FR303288991256XXMQKCMLZAD26',0,'9351'),
('5602231806466985','HR2684646346109894181',0,'2241'),
('30507665619126','ME29934419048456282390',0,'7771'),
('374622254755167','ES6345491053851602647405',0,'5329'),
('6386552051233865','ES6345491053851602647405',0,'8740'),
('4936667853462320','ES6345491053851602647405',0,'4438'),
('3545273067569011','ES6345491053851602647405',0,'5077'),
('3584140514229402','FO0906938323937245',0,'4628'),
('3563045436411696','FO0906938323937245',0,'7210'),
('30338535439838','ES1439225274313147027314',0,'2238'),
('5100142559064207','ES1439225274313147027314',0,'5617'),
('0604041071005273611','AT671585863609047907',0,'3504'),
('4041593122344','SA5545H45I8QO6OZPKC1AJ1H',0,'2796'),
('201972263539170','SA5545H45I8QO6OZPKC1AJ1H',0,'2795'),
('3564856699217243','BG60XTTX845800OI22AMHG',0,'8831'),
('3563876262083138','BG60XTTX845800OI22AMHG',0,'4530'),
('5602258887432917','BG60XTTX845800OI22AMHG',0,'8028'),
('3575024068202711','PS73OBEGHFSEYBLYFMH8L3QPGVQC9',0,'6564'),
('3553078128212686','MK238558E9MGV3EF749',0,'2567'),
('3540449054015490','MK238558E9MGV3EF749',0,'8193'),
('3542513331087511','IT56S7325864523V7YMRWOSUY1J',0,'3448'),
('3533919127479005','IT56S7325864523V7YMRWOSUY1J',0,'3916'),
('3585750022489139','KW34WPWJBK15F3I0MTKUOEIJI89LLT',0,'0206'),
('5602218678696641','SK4311453993730578618418',0,'4405'),
('5479180955914081','SK4311453993730578618418',0,'6833'),
('3529793426069197','CY5122402135SHM0H4LXR6ZNAKUI',0,'8152'),
('3580877745030372','GE05PJ4309768640882233',0,'1730'),
('337941801617381','PS81ZQCHDLD7M5SDZUWZNKSYSTCMO',0,'8080'),
('6767733260832950879','AD0357942949XKSMVLBOOIBA',0,'5712'),
('5534464937243998','SE4479248889724865310316',0,'9617'),
('3585310205153539','SA6793YOGHIU7ALTAZLFWAKU',0,'1172'),
('4903386786073463','SA6793YOGHIU7ALTAZLFWAKU',0,'5771'),
('3576872727760449','AD6546708196DCNFM1FYRYWR',0,'3844'),
('3568688788664829','AD6546708196DCNFM1FYRYWR',0,'2631'),
('3573911343562244','PK96UAFUYAA6NVVXOQDYXM6R',0,'1634'),
('3530393600541413','PK96UAFUYAA6NVVXOQDYXM6R',0,'7128'),
('3558742752333580','AT406845176291948939',0,'8060'),
('4917669978026983','AT406845176291948939',0,'9467'),
('5602243364303971','AT406845176291948939',0,'4393'),
('6706696296765022768','BH72VEUO4WGT154P1GOGKD',0,'1553'),
('3531950922715824','BE78314242337572',0,'8829'),
('67631527148008863','SE2575710596688421800564',0,'1220'),
('3552477545199842','RS34859514741464869106',0,'8301'),
('676361386264687784','MT81YCZR60394SJQRWKMUNVEAIDXKPA',0,'3978'),
('36690731626616','FR1543277896585ZIK0CSQLQV29',0,'0732'),
('374622463716745','FR521761738278VD4WOODAQLA67',0,'1529'),
('201927261126404','AZ73BFASXO7TAC1SDXQLYB2RTNGJ',0,'5745'),
('3569033561741479','AZ73BFASXO7TAC1SDXQLYB2RTNGJ',0,'6698'),
('3575519605762101','AZ73BFASXO7TAC1SDXQLYB2RTNGJ',0,'8116'),
('371585141796251','SI27477425351749407',0,'1862'),
('633400977879960162','FR162511973191FEJLUSCLSYA55',0,'4269'),
('3536108128898077','AT312563855247280428',0,'3945'),
('3567677575743202','FR0871364849612TYD80JXEME62',0,'7640'),
('3541520957231944','FR936121328389LQQGOASLWT796',0,'0287'),
('503800593672470480','FR936121328389LQQGOASLWT796',0,'0825'),
('3576764137500459','NL57TYWJ4684226641',0,'3969'),
('341595365881884','NO1086289381692',0,'4535'),
('3589646107363445','IL489787960417879635203',0,'2690'),
('3563769379492260','IL489787960417879635203',0,'4325'),
('50388690649230690','IL489787960417879635203',0,'5832'),
('5100135658395506','AD9785172221O1G3LAZ3EHAY',0,'3031'),
('6763200761697226','EE853716562864970222',0,'9284'),
('6759219299794517','FR957095196666WZCFKX7UIOC49',0,'4376'),
('4175002363554905','FR957095196666WZCFKX7UIOC49',0,'3382'),
('4913255553549351','FR957095196666WZCFKX7UIOC49',0,'8263'),
('6767827877857082','MT69HUPA88465GU9WRY2OMXLZEBAK28',0,'1660'),
('3547567731135523','FR1177144071868EIO0XBPAQH30',0,'1744'),
('5048376136491690','DE02655198100986171775',0,'3960'),
('30469262367817','SA3042VLBFLEND4YGUQOFAGX',0,'4028'),
('3584628278295957','LT515349342197999350',0,'6587'),
('3571814317357884','GB76IQCB97160799774998',0,'9607'),
('5010120310092344','GB76IQCB97160799774998',0,'4506'),
('30352518363055','PS02JZSFMNUORGS30HF7NQVLWYEHP',0,'0537'),
('67611729706410895','PK16JVLT9WUDT2GTNRJXDCWX',0,'9149'),
('3584103437984610','BR6719619074764247260759846PC',0,'4387'),
('675940856916705939','BR6719619074764247260759846PC',0,'8714'),
('490512837844897032','IE64VVRQ32687269365888',0,'9802'),
('372301279494662','PT96360701922156082244556',0,'6257'),
('3537050793302119','SA8805TF9YHK68JRJYE64GMK',0,'1495'),
('6333981359979097518','BR0310713915481509546647092WZ',0,'7062'),
('3572388363262750','IL563665854804309369837',0,'9785'),
('5048378993480048','PT54876113908975191283835',0,'0963'),
('3579377355297703','PT54876113908975191283835',0,'7500'),
('342438540494852','PT54876113908975191283835',0,'8531'),
('6762881516605159','MK34727GCD89ZBFDW30',0,'7416'),
('6304461132262878','FR052117707973ENFZR7TSHFB68',0,'0107'),
('3582539562603800','FR266343225064PCVUZ6NADSB73',0,'3751'),
('3579837842122855','FR266343225064PCVUZ6NADSB73',0,'2418'),
('5220119512545337','FR266343225064PCVUZ6NADSB73',0,'5743'),
('201407828777338','TN2192558651311039733353',0,'8877'),
('337941914151724','CZ4646558313350058759499',0,'0747'),
('30083460908890','BA975439577438062611',0,'4329'),
('6759171730551302532','FR972388823743M5JPHUZ8VN953',0,'3584'),
('3560656041219275','VG31PSVD3306916511040551',0,'4233'),
('5108752240480935','CY32592408595KQLQUM1CG60C779',0,'2784'),
('3540066317225425','CY32592408595KQLQUM1CG60C779',0,'7109'),
('3544686753119117','CY32592408595KQLQUM1CG60C779',0,'3600'),
('3542083376979915','AL0632649694SYHHMSPXSYAET4R2',0,'3649'),
('3562070516496210','LU40354T9JDUQ2D13TJD',0,'9642'),
('4175007220957761','IE72QVSZ87136645799851',0,'6004'),
('5602229771444508450','IE72QVSZ87136645799851',0,'5392'),
('3557608276398592','IE72QVSZ87136645799851',0,'1812'),
('6771510211345444174','FR380744423606NAPDXC8TKRV13',0,'4097'),
('3529247601509139','MU31UEWC1168158191908027236MKS',0,'7221'),
('6762355853935057','CH6569821IBPATSHZIOIH',0,'5881'),
('3583772372562770','CH6569821IBPATSHZIOIH',0,'1147'),
('3563257295761885','FR273037025062NQTUZGL8HIC68',0,'4822'),
('4017958126609405','AD9218574272NDERR6HYZMER',0,'7258'),
('371478217100832','DE40064213356819991051',0,'6497'),
('3574674846973685','DE40064213356819991051',0,'7426'),
('3542046346225537','FR637609456526U9RDEVHO5CB69',0,'2099'),
('6709547490708980','FR637609456526U9RDEVHO5CB69',0,'7542'),
('3550342781737824','AE595235723883635853522',0,'1785'),
('30250263713823','RS23635468475653514503',0,'4371'),
('503867065155492265','BH68VDGEO3AQYIO5773CF6',0,'0518'),
('6395883628580507','BH68VDGEO3AQYIO5773CF6',0,'7775'),
('3589556676257920','GR398289153L5EKN5JL8GVUGQ9D',0,'8084'),
('3571061771029993','FR912313790044NAWFTQTOP3742',0,'9985'),
('5100145056329478','DE77222806807739559532',0,'1272'),
('3580115543266447','FR569310056713SC8KZOLNQYJ12',0,'7713'),
('6331100471451695','FR8950951953808OSTKJGGULZ02',0,'3280'),
('3563473014654596','FR8950951953808OSTKJGGULZ02',0,'5207'),
('4905426434615041459','FR269578997927ZXUFJFD0UIZ87',0,'3729'),
('5602238818270685','SM67I59744507953ATHJ7DUIE9D',0,'5264'),
('56022434586346873','LV85LQVR5CYMZNTJEAENO',0,'6533'),
('6333245392947061','FR9236728895752YBZZQ60JCF08',0,'3059'),
('3563748289324086','VG35WZDA4882933705963825',0,'5748'),
('3563591453268030','FI5111950414945047',0,'4496'),
('5100179793661174','FI5111950414945047',0,'8968'),
('3529515235448712','FI5111950414945047',0,'5559'),
('3556834589748197','FR156859604172LTRQ0ETNXXL69',0,'6323'),
('347151695078074','FR156859604172LTRQ0ETNXXL69',0,'5860'),
('3528436246068285','FR980951897243NIURNICRP1L79',0,'9327'),
('3536880409955343','FR980951897243NIURNICRP1L79',0,'2223'),
('6761258418333043','CZ5240340767680109789049',0,'6674'),
('3575232728860733','RS27535419511289380411',0,'3217'),
('3565898356604239','RS27535419511289380411',0,'1733'),
('5602243091084732977','KZ22464M1ORDJRMKIJGA',0,'7769'),
('5550115642427743','KZ22464M1ORDJRMKIJGA',0,'7839'),
('5508983801098859','PK91LXHIO89K2LVOSOZPAQWO',0,'3770'),
('4026799844293570','MR2233184551320834197541398',0,'2186'),
('30154537228438','SI90561448213410524',0,'1876'),
('3531018699110411','SI90561448213410524',0,'0442')

INSERT INTO [TransactionCategories] VALUES
(1,'Income'),
(2,'Housing'),
(3,'Home Services'),
(4,'Utilities'),
(5,'Household Items'),
(6,'Food'),
(7,'Transportation'),
(8,'Health'),
(9,'Kids'),
(10,'Pets'),
(11,'Subscriptions'),
(12,'Clothing'),
(13,'Personal Care'),
(14,'Travel'),
(15,'Entertainment'),
(16,'Technology'),
(17,'Charitable Giving'),
(18,'Investing'),
(19,'Debt Payments')