INSERT INTO [Departments] VALUES
(1,'Department no. 119 in Balingueo','Balingueo','Philippines'),
(2,'Department no. 97 in Boyle','Boyle','Ireland'),
(3,'Department no. 30 in Ribeiro','Ribeiro','Portugal'),
(4,'Department no. 96 in Manicaragua','Manicaragua','Cuba'),
(5,'Department no. 83 in Sulang Tengah','Sulang Tengah','Indonesia'),
(6,'Department no. 265 in Hidalgo','Hidalgo','Mexico'),
(7,'Department no. 297 in Jhumra','Jhumra','Pakistan'),
(8,'Department no. 259 in Kraków','Kraków','Poland'),
(9,'Department no. 193 in Tsiombe','Tsiombe','Madagascar'),
(10,'Department no. 292 in Baranowo','Baranowo','Poland'),
(11,'Department no. 220 in Weekombaka','Weekombaka','Indonesia'),
(12,'Department no. 258 in Gryfino','Gryfino','Poland'),
(13,'Department no. 54 in Sigetec','Sigetec','Croatia'),
(14,'Department no. 263 in Kelaniya','Kelaniya','Sri Lanka'),
(15,'Department no. 113 in Farrokh Shahr','Farrokh Shahr','Iran'),
(16,'Department no. 62 in Aleksandrovka','Aleksandrovka','Ukraine'),
(17,'Department no. 69 in Sinchao','Sinchao','Peru'),
(18,'Department no. 78 in Grodków','Grodków','Poland'),
(19,'Department no. 271 in Rēzekne','Rēzekne','Latvia'),
(20,'Department no. 29 in Parintins','Parintins','Brazil'),
(21,'Department no. 61 in Santana do Paraíso','Santana do Paraíso','Brazil'),
(22,'Department no. 216 in San Julian','San Julian','Philippines'),
(23,'Department no. 161 in Saint-Quentin-en-Yvelines','Saint-Quentin-en-Yvelines','France'),
(24,'Department no. 304 in Warszawa','Warszawa','Poland'),
(25,'Department no. 47 in Hamakita','Hamakita','Japan')

INSERT INTO [Employees] VALUES
(1,'Iolanthe Widdocks',CONVERT(DATE,'17.02.2007',105),22),
(2,'Gus Benitti',CONVERT(DATE,'03.03.2006',105),15),
(3,'Thedric Rawood',CONVERT(DATE,'19.09.2011',105),23),
(4,'Xenia Balassa',CONVERT(DATE,'07.04.2019',105),11),
(5,'Corinna Caldaro',CONVERT(DATE,'05.01.2003',105),23),
(6,'Hilton Titmuss',CONVERT(DATE,'02.05.2005',105),4),
(7,'Gibb Gert',CONVERT(DATE,'01.09.2013',105),22),
(8,'Abigael Garside',CONVERT(DATE,'09.01.2005',105),5),
(9,'Rosalinde Ganniclifft',CONVERT(DATE,'07.12.2022',105),16),
(10,'Maurita Ogger',CONVERT(DATE,'14.09.2017',105),11),
(11,'Eldridge Knaggs',CONVERT(DATE,'19.09.2014',105),8),
(12,'Lucina Lettsom',CONVERT(DATE,'15.11.2008',105),3),
(13,'Gui Harsnep',CONVERT(DATE,'12.09.2016',105),20),
(14,'Debora Dicky',CONVERT(DATE,'12.09.2004',105),12),
(15,'Gideon Fritchley',CONVERT(DATE,'27.11.2019',105),2),
(16,'Anatol Billings',CONVERT(DATE,'01.09.2013',105),25),
(17,'Gal Bordman',CONVERT(DATE,'21.08.2019',105),25),
(18,'Walton Dilworth',CONVERT(DATE,'21.03.2001',105),12),
(19,'Kylie Arrigo',CONVERT(DATE,'10.12.2012',105),21),
(20,'Dawn Josipovitz',CONVERT(DATE,'08.01.2008',105),12),
(21,'Carena McGragh',CONVERT(DATE,'18.05.2017',105),5),
(22,'Federica Michelmore',CONVERT(DATE,'10.08.2011',105),9),
(23,'Carlee Kirsop',CONVERT(DATE,'12.01.2015',105),15),
(24,'Erich Batram',CONVERT(DATE,'31.03.2008',105),6),
(25,'Germana Bibbie',CONVERT(DATE,'04.05.2020',105),1),
(26,'Julina Paggitt',CONVERT(DATE,'10.12.2004',105),13),
(27,'Forbes Antunez',CONVERT(DATE,'14.07.2019',105),19),
(28,'Ansley Hellmer',CONVERT(DATE,'28.11.2008',105),12),
(29,'Thomasa Redfearn',CONVERT(DATE,'07.03.2012',105),25),
(30,'Merci Clatworthy',CONVERT(DATE,'06.12.2010',105),16),
(31,'Melina Turner',CONVERT(DATE,'20.10.2014',105),20),
(32,'Torrin Daverin',CONVERT(DATE,'03.11.2002',105),13),
(33,'Kat Nichol',CONVERT(DATE,'22.10.2010',105),2),
(34,'Marti MacAvddy',CONVERT(DATE,'09.06.2006',105),5),
(35,'Tamarah Bulteel',CONVERT(DATE,'07.03.2007',105),7),
(36,'Joey Tyson',CONVERT(DATE,'15.10.2012',105),25),
(37,'Lezlie Dowsey',CONVERT(DATE,'07.08.2019',105),10),
(38,'Chicky Edser',CONVERT(DATE,'08.07.2015',105),7),
(39,'Cookie Wederell',CONVERT(DATE,'17.12.2010',105),6),
(40,'Pincas Dayce',CONVERT(DATE,'17.01.2001',105),6),
(41,'Papagena Filliskirk',CONVERT(DATE,'30.05.2014',105),2),
(42,'Carny Trevarthen',CONVERT(DATE,'06.05.2018',105),15),
(43,'Bev Quibell',CONVERT(DATE,'23.06.2015',105),16),
(44,'Joye Oliveras',CONVERT(DATE,'30.12.2001',105),7),
(45,'Yancy Taye',CONVERT(DATE,'14.03.2009',105),18),
(46,'Liliane Gable',CONVERT(DATE,'08.04.2016',105),13),
(47,'Gannie Nornable',CONVERT(DATE,'27.02.2011',105),11),
(48,'Idell Thorrington',CONVERT(DATE,'17.09.2010',105),23),
(49,'Diandra Rivilis',CONVERT(DATE,'13.05.2010',105),5),
(50,'Cristian Habbergham',CONVERT(DATE,'27.07.2020',105),9),
(51,'Lyndel Verduin',CONVERT(DATE,'11.03.2016',105),15),
(52,'Gerti Wieprecht',CONVERT(DATE,'17.09.2018',105),22),
(53,'Sacha Heathcott',CONVERT(DATE,'28.09.2019',105),19),
(54,'Gustav Stocker',CONVERT(DATE,'05.02.2017',105),2),
(55,'Florri Winspare',CONVERT(DATE,'18.07.2014',105),13),
(56,'Corbin Tratton',CONVERT(DATE,'02.11.2019',105),12),
(57,'Clementia Erridge',CONVERT(DATE,'28.01.2003',105),20),
(58,'Gherardo Hullock',CONVERT(DATE,'27.03.2014',105),12),
(59,'Mikey Tosspell',CONVERT(DATE,'30.07.2021',105),25),
(60,'Michelina Lapworth',CONVERT(DATE,'24.08.2002',105),4),
(61,'Joana Cubbinelli',CONVERT(DATE,'12.08.2022',105),16),
(62,'Georgia Chastang',CONVERT(DATE,'18.10.2007',105),14),
(63,'Nealon De Benedetti',CONVERT(DATE,'14.09.2013',105),8),
(64,'Chariot Enterlein',CONVERT(DATE,'10.03.2019',105),1),
(65,'Osbert Lombardo',CONVERT(DATE,'17.11.2007',105),9),
(66,'Otis Havenhand',CONVERT(DATE,'16.02.2003',105),23),
(67,'Bail Maciejak',CONVERT(DATE,'28.08.2016',105),24),
(68,'Newton Jina',CONVERT(DATE,'05.12.2009',105),17),
(69,'Fons Sant',CONVERT(DATE,'13.06.2016',105),21),
(70,'Matty Henrot',CONVERT(DATE,'16.05.2010',105),8),
(71,'Christophorus Woolmer',CONVERT(DATE,'12.11.2011',105),23),
(72,'Ernie Fish',CONVERT(DATE,'26.06.2002',105),25),
(73,'Scarface Salack',CONVERT(DATE,'22.01.2006',105),21),
(74,'Lamar Topaz',CONVERT(DATE,'24.06.2004',105),6),
(75,'Brook Anderer',CONVERT(DATE,'04.04.2017',105),3),
(76,'Clare Joysey',CONVERT(DATE,'19.05.2007',105),24),
(77,'Roddy Castells',CONVERT(DATE,'06.01.2016',105),3),
(78,'Penny Gabb',CONVERT(DATE,'27.09.2010',105),4),
(79,'Ashton Tedman',CONVERT(DATE,'21.06.2005',105),15),
(80,'Vernon Nassau',CONVERT(DATE,'06.08.2022',105),18),
(81,'Elsy Halliberton',CONVERT(DATE,'10.06.2010',105),6),
(82,'Marrilee de Quesne',CONVERT(DATE,'05.08.2018',105),14),
(83,'Cecil Pinkerton',CONVERT(DATE,'31.10.2013',105),21),
(84,'Allyce Alelsandrovich',CONVERT(DATE,'19.08.2019',105),24),
(85,'Saree Meysham',CONVERT(DATE,'27.01.2008',105),14),
(86,'Shandeigh Benedtti',CONVERT(DATE,'16.06.2012',105),17),
(87,'Ezra Antat',CONVERT(DATE,'14.12.2004',105),23),
(88,'Malachi Coultard',CONVERT(DATE,'25.07.2006',105),9),
(89,'Geralda Rosier',CONVERT(DATE,'24.04.2020',105),3),
(90,'Remus Ormshaw',CONVERT(DATE,'09.12.2016',105),13),
(91,'Dorothea Gershom',CONVERT(DATE,'20.10.2003',105),4),
(92,'Miltie Musslewhite',CONVERT(DATE,'07.08.2012',105),21),
(93,'Cicily Bathowe',CONVERT(DATE,'23.08.2004',105),5),
(94,'Cristen Carruth',CONVERT(DATE,'15.07.2001',105),16),
(95,'Gunter Coon',CONVERT(DATE,'26.03.2004',105),16),
(96,'Blanche Messum',CONVERT(DATE,'21.06.2017',105),19),
(97,'Barbaraanne Hebbes',CONVERT(DATE,'06.04.2020',105),10),
(98,'Donalt McMurty',CONVERT(DATE,'02.01.2017',105),19),
(99,'Ave Rodrig',CONVERT(DATE,'25.04.2015',105),25),
(100,'Barney Derr',CONVERT(DATE,'02.05.2014',105),10),
(101,'Cort Sterman',CONVERT(DATE,'02.11.2018',105),15),
(102,'Jewelle Mander',CONVERT(DATE,'11.09.2005',105),9),
(103,'Kylynn Merredy',CONVERT(DATE,'11.06.2021',105),17),
(104,'Cleve MacKnocker',CONVERT(DATE,'23.08.2013',105),8),
(105,'Phaedra Tybalt',CONVERT(DATE,'15.08.2007',105),1),
(106,'Dorena Mathevet',CONVERT(DATE,'25.06.2010',105),9),
(107,'Yves Towsey',CONVERT(DATE,'30.03.2018',105),14),
(108,'Ina Springthorp',CONVERT(DATE,'09.12.2017',105),25),
(109,'Quintin Casine',CONVERT(DATE,'11.02.2021',105),19),
(110,'Mitchel Merredy',CONVERT(DATE,'06.05.2020',105),11),
(111,'Lamar Lupson',CONVERT(DATE,'12.11.2003',105),14),
(112,'Oren Beach',CONVERT(DATE,'16.03.2007',105),6)

INSERT INTO [ATMs] VALUES
(1,5691,5,'Kalipare'),
(2,4546,2,'Cobh'),
(3,7575,11,'Curahpacul Satu'),
(4,11833,3,'Castainço'),
(5,1933,5,'Kuniran'),
(6,4472,21,'Itapemirim'),
(7,6400,23,'La Rochelle'),
(8,9694,11,'Cimara'),
(9,8927,22,'Baylo'),
(10,2672,5,'Muesanaik'),
(11,14997,23,'La Garde'),
(12,7088,22,'Muladbucad'),
(13,4048,11,'Sendang'),
(14,17109,23,'Paris 15'),
(15,12544,5,'Bungkal'),
(16,11449,23,'Roissy Charles-de-Gaulle'),
(17,16417,17,'Velille'),
(18,14750,23,'Paris 12'),
(19,10584,25,'Numazu'),
(20,4333,22,'Lopez Jaena'),
(21,10830,5,'Parenggan'),
(22,1117,5,'Simpanganduwet'),
(23,13001,1,'Cortez'),
(24,5495,23,'Toulouse'),
(25,16449,22,'Monching'),
(26,7280,5,'Gunung Sugih'),
(27,6939,23,'Massy'),
(28,3834,3,'Póvoa do Valado'),
(29,10114,16,'Krynychky'),
(30,3818,3,'Costa de Rios Frios'),
(31,12967,11,'Jambesari'),
(32,3238,25,'Kumagaya'),
(33,15462,21,'Soledade'),
(34,2345,11,'Ciherang'),
(35,2369,1,'Malabag'),
(36,2802,17,'Tibillo'),
(37,8455,3,'Arcena'),
(38,8339,17,'Paucar'),
(39,6170,11,'Pendawanbaru'),
(40,14379,25,'Obita'),
(41,17812,23,'Toulouse'),
(42,8989,11,'Garisul'),
(43,10596,2,'Mullagh'),
(44,18676,20,'Ilhabela'),
(45,14962,1,'New Agutaya'),
(46,7452,1,'Tapas'),
(47,8723,5,'Luti'),
(48,11148,7,'Tānk'),
(49,4131,11,'Banjar Wates Tengah'),
(50,12476,22,'Pulo'),
(51,9379,4,'Holguín'),
(52,6606,17,'Saposoa'),
(53,4035,23,'Aix-en-Provence'),
(54,15530,1,'Banawang'),
(55,1772,2,'Sandymount'),
(56,10224,11,'Ritaebang'),
(57,3596,22,'Guimbal'),
(58,17569,20,'Rio das Pedras'),
(59,17187,23,'Noyon'),
(60,16546,20,'Peruíbe'),
(61,2990,22,'Kayapa'),
(62,1337,22,'Saguing'),
(63,17499,3,'Santo Amador'),
(64,3190,3,'Finzes'),
(65,17782,11,'Nakajah'),
(66,17717,19,'Rucava'),
(67,2979,11,'Rimba Sekampung'),
(68,17446,12,'Pysznica'),
(69,16452,12,'Pniewy'),
(70,8900,24,'Purda'),
(71,4049,24,'Sawin'),
(72,18220,24,'Nekla'),
(73,11120,8,'Jasionów'),
(74,16311,8,'Piotrków Kujawski'),
(75,1699,10,'Świdwin'),
(76,706,10,'Józefów'),
(77,16631,12,'Józefosław'),
(78,9819,18,'Niedzica'),
(79,18038,18,'Krzemieniewo'),
(80,10062,18,'Zbrosławice'),
(81,5108,12,'Polkowice'),
(82,1762,12,'Góra Kalwaria'),
(83,7307,8,'Czeremcha'),
(84,15556,12,'Biecz'),
(85,13112,18,'Bąków'),
(86,11130,10,'Ostrzeszów'),
(87,2014,12,'Czerniewice')

INSERT INTO [ATMsMalfunctions] VALUES
(1,86,'Faulty dispenser',CONVERT(DATE,'08-09-2013',105),97),
(2,40,'Faulty dispenser',CONVERT(DATE,'03-11-2013',105),59),
(3,75,'Worn out card reader',CONVERT(DATE,'04-09-2018',105),97),
(4,43,'Faulty dispenser',CONVERT(DATE,'08-12-2021',105),41),
(5,23,'Software glitch',CONVERT(DATE,'13-10-2022',105),105),
(6,48,'Broken keypad',CONVERT(DATE,'21-11-2012',105),38),
(7,43,'Faulty dispenser',CONVERT(DATE,'07-04-2012',105),33),
(8,63,'Receipt malfunctions',CONVERT(DATE,'01-01-2012',105),12),
(9,81,'Worn out card reader',CONVERT(DATE,'18-04-2007',105),14),
(10,60,'Broken keypad',CONVERT(DATE,'16-10-2015',105),13),
(11,10,'Software glitch',CONVERT(DATE,'07-11-2011',105),21),
(12,75,'Receipt malfunctions',CONVERT(DATE,'26-05-2018',105),100),
(13,87,'Faulty dispenser',CONVERT(DATE,'06-09-2020',105),56),
(14,87,'Receipt malfunctions',CONVERT(DATE,'23-05-2002',105),56),
(15,75,'Receipt malfunctions',CONVERT(DATE,'06-04-2021',105),97),
(16,27,'Worn out card reader',CONVERT(DATE,'18-07-2013',105),71),
(17,60,'Software glitch',CONVERT(DATE,'16-02-2003',105),13),
(18,62,'Worn out card reader',CONVERT(DATE,'28-03-2007',105),1),
(19,23,'Faulty dispenser',CONVERT(DATE,'31-12-2014',105),64),
(20,66,'Software glitch',CONVERT(DATE,'01-03-2009',105),109),
(21,24,'Worn out card reader',CONVERT(DATE,'26-11-2018',105),48),
(22,32,'Worn out card reader',CONVERT(DATE,'31-10-2005',105),99),
(23,73,'Software glitch',CONVERT(DATE,'12-11-2020',105),104),
(24,28,'Broken keypad',CONVERT(DATE,'12-04-2007',105),89),
(25,29,'Worn out card reader',CONVERT(DATE,'18-01-2007',105),61),
(26,16,'Software glitch',CONVERT(DATE,'11-10-2011',105),5),
(27,40,'Software glitch',CONVERT(DATE,'22-07-2014',105),29),
(28,11,'Software glitch',CONVERT(DATE,'27-02-2007',105),48),
(29,17,'Software glitch',CONVERT(DATE,'01-07-2022',105),86),
(30,72,'Broken keypad',CONVERT(DATE,'29-03-2017',105),67),
(31,51,'Broken keypad',CONVERT(DATE,'04-06-2014',105),60),
(32,67,'Broken keypad',CONVERT(DATE,'15-04-2002',105),47),
(33,33,'Worn out card reader',CONVERT(DATE,'01-09-2019',105),73),
(34,55,'Worn out card reader',CONVERT(DATE,'06-02-2005',105),54),
(35,46,'Receipt malfunctions',CONVERT(DATE,'21-08-2001',105),105),
(36,48,'Faulty dispenser',CONVERT(DATE,'14-03-2013',105),44),
(37,40,'Software glitch',CONVERT(DATE,'21-11-2004',105),99),
(38,35,'Worn out card reader',CONVERT(DATE,'06-07-2012',105),25),
(39,77,'Faulty dispenser',CONVERT(DATE,'11-12-2007',105),20),
(40,34,'Faulty dispenser',CONVERT(DATE,'23-05-2022',105),4),
(41,33,'Receipt malfunctions',CONVERT(DATE,'09-08-2002',105),92),
(42,55,'Receipt malfunctions',CONVERT(DATE,'05-07-2012',105),54),
(43,87,'Worn out card reader',CONVERT(DATE,'22-05-2001',105),28),
(44,52,'Broken keypad',CONVERT(DATE,'13-05-2022',105),68),
(45,47,'Software glitch',CONVERT(DATE,'29-05-2013',105),93),
(46,18,'Faulty dispenser',CONVERT(DATE,'30-03-2022',105),66),
(47,57,'Receipt malfunctions',CONVERT(DATE,'14-03-2004',105),1),
(48,77,'Receipt malfunctions',CONVERT(DATE,'15-07-2007',105),18),
(49,48,'Worn out card reader',CONVERT(DATE,'13-07-2012',105),35),
(50,43,'Faulty dispenser',CONVERT(DATE,'03-04-2010',105),33),
(51,29,'Receipt malfunctions',CONVERT(DATE,'08-01-2014',105),95),
(52,38,'Software glitch',CONVERT(DATE,'17-07-2014',105),103),
(53,11,'Broken keypad',CONVERT(DATE,'18-02-2003',105),3),
(54,19,'Faulty dispenser',CONVERT(DATE,'07-10-2006',105),29),
(55,40,'Worn out card reader',CONVERT(DATE,'31-01-2014',105),16),
(56,40,'Receipt malfunctions',CONVERT(DATE,'03-02-2022',105),72),
(57,55,'Faulty dispenser',CONVERT(DATE,'12-04-2008',105),54),
(58,72,'Faulty dispenser',CONVERT(DATE,'13-09-2003',105),67),
(59,58,'Broken keypad',CONVERT(DATE,'03-03-2016',105),31),
(60,75,'Faulty dispenser',CONVERT(DATE,'29-09-2004',105),37),
(61,33,'Broken keypad',CONVERT(DATE,'22-04-2007',105),69),
(62,86,'Receipt malfunctions',CONVERT(DATE,'25-12-2008',105),37),
(63,35,'Worn out card reader',CONVERT(DATE,'09-07-2020',105),105),
(64,52,'Broken keypad',CONVERT(DATE,'19-02-2015',105),68),
(65,37,'Faulty dispenser',CONVERT(DATE,'16-07-2020',105),77),
(66,57,'Worn out card reader',CONVERT(DATE,'22-09-2022',105),1),
(67,33,'Receipt malfunctions',CONVERT(DATE,'03-09-2005',105),83),
(68,19,'Receipt malfunctions',CONVERT(DATE,'30-09-2011',105),29),
(69,29,'Software glitch',CONVERT(DATE,'10-08-2012',105),94),
(70,69,'Faulty dispenser',CONVERT(DATE,'28-03-2003',105),18),
(71,48,'Receipt malfunctions',CONVERT(DATE,'10-02-2019',105),44),
(72,87,'Receipt malfunctions',CONVERT(DATE,'08-02-2004',105),58),
(73,62,'Worn out card reader',CONVERT(DATE,'09-05-2010',105),7),
(74,59,'Broken keypad',CONVERT(DATE,'06-02-2018',105),3),
(75,32,'Worn out card reader',CONVERT(DATE,'10-02-2005',105),29),
(76,71,'Worn out card reader',CONVERT(DATE,'03-11-2018',105),76),
(77,16,'Software glitch',CONVERT(DATE,'18-04-2018',105),5),
(78,52,'Broken keypad',CONVERT(DATE,'02-02-2004',105),86),
(79,87,'Faulty dispenser',CONVERT(DATE,'28-02-2014',105),20),
(80,71,'Worn out card reader',CONVERT(DATE,'11-03-2014',105),84),
(81,36,'Faulty dispenser',CONVERT(DATE,'05-04-2013',105),103),
(82,66,'Worn out card reader',CONVERT(DATE,'25-06-2018',105),27),
(83,51,'Faulty dispenser',CONVERT(DATE,'26-09-2015',105),6),
(84,10,'Software glitch',CONVERT(DATE,'11-12-2001',105),8),
(85,66,'Broken keypad',CONVERT(DATE,'04-03-2002',105),109),
(86,29,'Worn out card reader',CONVERT(DATE,'27-08-2019',105),94),
(87,33,'Receipt malfunctions',CONVERT(DATE,'18-05-2013',105),92),
(88,4,'Receipt malfunctions',CONVERT(DATE,'15-02-2008',105),77),
(89,32,'Receipt malfunctions',CONVERT(DATE,'20-10-2011',105),16),
(90,62,'Software glitch',CONVERT(DATE,'24-04-2007',105),1),
(91,66,'Broken keypad',CONVERT(DATE,'05-02-2008',105),27),
(92,10,'Broken keypad',CONVERT(DATE,'23-10-2012',105),49),
(93,55,'Worn out card reader',CONVERT(DATE,'27-01-2001',105),15),
(94,82,'Software glitch',CONVERT(DATE,'23-06-2002',105),58),
(95,82,'Faulty dispenser',CONVERT(DATE,'28-05-2017',105),58),
(96,14,'Worn out card reader',CONVERT(DATE,'14-12-2009',105),71),
(97,60,'Software glitch',CONVERT(DATE,'11-09-2020',105),13)

INSERT INTO [Clients] VALUES
(1,'Phil Lofting',CONVERT(DATE,'30-03-1995',105),'Krajan Dua Putukrejo','Indonesia','+62697945465'),
(2,'Filbert Bassingham',CONVERT(DATE,'21-01-1988',105),'Esperanza','Dominican Republic','+1614187413'),
(3,'Osmond Culkin',CONVERT(DATE,'08-06-1977',105),'Tacoma','United States','+1253714047'),
(4,'Trina Ivanyushin',CONVERT(DATE,'26-10-2006',105),'Remas','Albania','+355363144224'),
(5,'Sukey Jack',CONVERT(DATE,'24-08-1967',105),'Raszowa','Poland','+48156764940'),
(6,'Diahann Broz',CONVERT(DATE,'09-05-2000',105),'Zhukovskiy','Russia','+7354293872'),
(7,'Gualterio Castagnaro',CONVERT(DATE,'06-09-1977',105),'Huoqiu Chengguanzhen','China','+86775132185'),
(8,'Jorey Chumley',CONVERT(DATE,'02-12-2003',105),'Xiaohe','China','+86229326632'),
(9,'Chlo Donnett',CONVERT(DATE,'25-11-1973',105),'Hongshan','China','+86368625073'),
(10,'Laryssa Roebottom',CONVERT(DATE,'15-02-1969',105),'Smedjebacken','Sweden','+46600402366'),
(11,'Ginger Brownjohn',CONVERT(DATE,'25-10-2003',105),'Bayuwan','Indonesia','+62977252507'),
(12,'Nikkie Blancowe',CONVERT(DATE,'15-11-1970',105),'Cluny','Mauritius','+230947811187'),
(13,'Richie Kubala',CONVERT(DATE,'16-10-1980',105),'Žleby','Czech Republic','+420145477570'),
(14,'Charlot Sygroves',CONVERT(DATE,'17-09-1967',105),'Jamalteca','Honduras','+504748907859'),
(15,'Gage Clue',CONVERT(DATE,'07-09-1974',105),'São Francisco','Brazil','+55865473714'),
(16,'Jessee Stanyer',CONVERT(DATE,'02-09-1973',105),'Mayuan','China','+86325804533'),
(17,'Pete Sprosson',CONVERT(DATE,'08-03-2005',105),'Mata','Portugal','+351503945954'),
(18,'Didi Hubbold',CONVERT(DATE,'18-10-1995',105),'Miaoshi','China','+86203907565'),
(19,'Chrisse OCarmody',CONVERT(DATE,'09-01-1979',105),'Karangagung Timur','Indonesia','+62232276762'),
(20,'Aloysia Ryburn',CONVERT(DATE,'06-08-1977',105),'Hengpi','China','+86963886634'),
(21,'Zachary Dyball',CONVERT(DATE,'18-08-1999',105),'Stepanovićevo','Serbia','+381704676772'),
(22,'Ermentrude Strongitharm',CONVERT(DATE,'31-05-1995',105),'Mēga','Ethiopia','+251595469263'),
(23,'Cody Arnholz',CONVERT(DATE,'04-06-1969',105),'Yefremov','Russia','+7712613785'),
(24,'Lyn Dax',CONVERT(DATE,'18-08-2005',105),'Bangeran','Indonesia','+62984258573'),
(25,'Abbi Ragbourn',CONVERT(DATE,'18-09-1973',105),'Cigalontang','Indonesia','+62559632457'),
(26,'Allyce Headrick',CONVERT(DATE,'25-01-2004',105),'Kladanj','Bosnia and Herzegovina','+387557570404'),
(27,'Louise Killelay',CONVERT(DATE,'06-09-1999',105),'Mir','Belarus','+375406582221'),
(28,'Belia Seagood',CONVERT(DATE,'29-01-1974',105),'Ystad','Sweden','+46993287170'),
(29,'Gretel Gansbuhler',CONVERT(DATE,'07-09-2006',105),'Bundoc','Philippines','+63602609579'),
(30,'Selia Burkill',CONVERT(DATE,'17-08-1969',105),'Huangchuan','China','+86597808144'),
(31,'Quillan Nice',CONVERT(DATE,'24-08-1971',105),'Palompon','Philippines','+63732117663'),
(32,'Annemarie Blankau',CONVERT(DATE,'21-10-1997',105),'Wendo','Ethiopia','+251706252365'),
(33,'Elnore Blacket',CONVERT(DATE,'19-04-2002',105),'Gornji Petrovci','Slovenia','+386306882333'),
(34,'Sallyanne Gentil',CONVERT(DATE,'24-05-1968',105),'Luoshan','China','+86951558807'),
(35,'Anallise Spurret',CONVERT(DATE,'27-07-1987',105),'Santo Domingo','Philippines','+63208838517'),
(36,'Kerr McCreagh',CONVERT(DATE,'21-06-1984',105),'Líbeznice','Czech Republic','+420241544669'),
(37,'Arabella Curtis',CONVERT(DATE,'18-08-1990',105),'Pontevedra','Spain','+34189306648'),
(38,'Bernhard Giacopello',CONVERT(DATE,'14-11-1967',105),'Vetluzhskiy','Russia','+7951251321'),
(39,'Fanchon De Hailes',CONVERT(DATE,'15-07-1998',105),'Uenohara','Japan','+81170280150'),
(40,'Nellie Westoff',CONVERT(DATE,'14-10-1974',105),'Lyon','France','+33864839197'),
(41,'Vassily Fairlam',CONVERT(DATE,'03-04-1984',105),'Katrineholm','Sweden','+46560441717'),
(42,'Mortie Sadgrove',CONVERT(DATE,'07-10-1998',105),'Paragominas','Brazil','+55150644226'),
(43,'Dorey Cantrell',CONVERT(DATE,'02-07-1990',105),'Pamedilan','Indonesia','+62977734861'),
(44,'Fayina Logie',CONVERT(DATE,'23-06-1996',105),'Huangcun','China','+86844222433'),
(45,'Valina Loakes',CONVERT(DATE,'30-06-1973',105),'Tapera','Brazil','+55200596687'),
(46,'Humfried Delagua',CONVERT(DATE,'27-03-2004',105),'Quyangqiao','China','+86669902671'),
(47,'Arleyne Nyssen',CONVERT(DATE,'16-10-1986',105),'Mississauga','Canada','+1676660306'),
(48,'Doug Pitcock',CONVERT(DATE,'16-07-1997',105),'Montluçon','France','+33466720357'),
(49,'Leona Hardcastle',CONVERT(DATE,'25-08-2005',105),'Dugu','China','+86744316569'),
(50,'Christabella Schinetti',CONVERT(DATE,'21-10-1972',105),'Sanrao','China','+86371887730'),
(51,'Joeann Monkman',CONVERT(DATE,'25-01-1991',105),'Heicheng','China','+86917890545'),
(52,'Oberon Apdell',CONVERT(DATE,'05-10-2001',105),'Shcherbinka','Russia','+7699849654'),
(53,'Tiffanie Garmon',CONVERT(DATE,'09-12-1969',105),'Pinayagan Norte','Philippines','+63735780766'),
(54,'Thomasa Januszkiewicz',CONVERT(DATE,'01-01-1968',105),'Tanudan','Philippines','+63640896472'),
(55,'Moria Lawrance',CONVERT(DATE,'17-02-1995',105),'Impendle','South Africa','+27310363287'),
(56,'Benita Bockin',CONVERT(DATE,'22-05-2004',105),'Popova','Russia','+7623232605'),
(57,'Harriette Punshon',CONVERT(DATE,'09-05-1983',105),'Karnice','Poland','+48999197762'),
(58,'Bartholomew Hedger',CONVERT(DATE,'02-03-1973',105),'Tobi Village','Palau','+680180249344'),
(59,'Merilee Mcasparan',CONVERT(DATE,'29-04-1989',105),'Alicante/Alacant','Spain','+34828915419'),
(60,'Giovanni Caddies',CONVERT(DATE,'19-07-1985',105),'Krzanowice','Poland','+48415605100'),
(61,'Leodora Shoulder',CONVERT(DATE,'04-07-1978',105),'Ouidah','Benin','+229421888242'),
(62,'Sibel Smallcomb',CONVERT(DATE,'04-11-1980',105),'Battle Creek','United States','+1269819738'),
(63,'Addie Klaffs',CONVERT(DATE,'20-06-1983',105),'Saint-Denis','Reunion','+262989564498'),
(64,'Ardelis Goatman',CONVERT(DATE,'16-08-2001',105),'Gogosuket','Indonesia','+62957321338'),
(65,'Adey Mangon',CONVERT(DATE,'26-07-1987',105),'Hroznětín','Czech Republic','+420618842775'),
(66,'Vergil Ralestone',CONVERT(DATE,'06-12-1975',105),'Gniechowice','Poland','+48712407558'),
(67,'Renault Bartolomeo',CONVERT(DATE,'03-12-1990',105),'Pandangan Kulon','Indonesia','+62342261629'),
(68,'Harwilll Damiral',CONVERT(DATE,'30-09-2006',105),'Panadtaban','Philippines','+63119146720'),
(69,'Rupert Chadderton',CONVERT(DATE,'15-10-1975',105),'Beutong Ateuh','Indonesia','+62322887303'),
(70,'Noel Deverill',CONVERT(DATE,'31-05-1991',105),'København','Denmark','+45980120886'),
(71,'Winnah Merrick',CONVERT(DATE,'05-05-1974',105),'Bapska','Croatia','+385950817415'),
(72,'Caron Cannan',CONVERT(DATE,'09-01-1968',105),'Calamba','Philippines','+63854909810'),
(73,'Karlotte Frarey',CONVERT(DATE,'05-08-1986',105),'Villa Dolores','Argentina','+54717944579'),
(74,'Peria Carlozzi',CONVERT(DATE,'04-03-1978',105),'Hongtian','China','+86632895706'),
(75,'Arch Grundwater',CONVERT(DATE,'07-12-1973',105),'Sechelt','Canada','+1981535764'),
(76,'Karlyn Common',CONVERT(DATE,'24-01-1989',105),'Shuangtang','China','+86820120517'),
(77,'Tami Winterflood',CONVERT(DATE,'19-05-1983',105),'Dungloe','Ireland','+353611976129'),
(78,'Ellissa Tadgell',CONVERT(DATE,'14-09-2004',105),'Avignon','France','+33453775381'),
(79,'Eliot Moden',CONVERT(DATE,'15-06-2006',105),'Nam Phong','Thailand','+66258975945'),
(80,'Nevins Doget',CONVERT(DATE,'15-07-1967',105),'Rājbirāj','Nepal','+977600398614'),
(81,'Stephanus Topliss',CONVERT(DATE,'25-05-1999',105),'Valence','France','+33592126224'),
(82,'Orion Tipler',CONVERT(DATE,'25-07-1989',105),'Al ‘Aqabah','Yemen','+967507351165'),
(83,'Joey Vawton',CONVERT(DATE,'07-12-2006',105),'Koroyo','Indonesia','+62143725848'),
(84,'Benny Embery',CONVERT(DATE,'20-10-2000',105),'Badai','China','+86831938040'),
(85,'Julissa Cordeux',CONVERT(DATE,'10-08-1984',105),'Tapilon','Philippines','+63585849283'),
(86,'Stacie Rolfini',CONVERT(DATE,'19-03-1980',105),'Néa Kíos','Greece','+30819752246'),
(87,'Audra Hanselman',CONVERT(DATE,'24-05-1972',105),'Vila Verde','Portugal','+351280591908'),
(88,'Mick Bode',CONVERT(DATE,'25-07-1976',105),'Ribeira das Taínhas','Portugal','+351735299901'),
(89,'Arny Glaister',CONVERT(DATE,'16-10-1982',105),'Conroe','United States','+1936301841'),
(90,'Derrik Clark',CONVERT(DATE,'04-11-1980',105),'Laoxingchang','China','+86825102907'),
(91,'Randi Kliner',CONVERT(DATE,'13-08-1967',105),'Rambatan','Indonesia','+62383327754'),
(92,'Brandise Raddan',CONVERT(DATE,'26-04-1978',105),'Yangsan','South Korea','+82972598207'),
(93,'Aguie McCague',CONVERT(DATE,'31-05-1981',105),'Sal’sk','Russia','+7992994041'),
(94,'Nichole Leyzell',CONVERT(DATE,'26-07-2001',105),'Poitiers','France','+33330126133'),
(95,'Tommie Growden',CONVERT(DATE,'27-05-1984',105),'Ngeni','Indonesia','+62173565366'),
(96,'Ambrose Bougen',CONVERT(DATE,'26-05-1979',105),'Pasirmalang','Indonesia','+62950452357'),
(97,'Ebenezer Gogin',CONVERT(DATE,'14-06-2006',105),'Ikata-chō','Japan','+81509432607'),
(98,'Neall Pearmain',CONVERT(DATE,'23-09-1982',105),'Los Dos Caminos','Venezuela','+58351464046'),
(99,'Caryl Phelipeaux',CONVERT(DATE,'16-05-1993',105),'Suchedniów','Poland','+48367560572'),
(100,'Thatch Cottel',CONVERT(DATE,'23-04-1972',105),'Marly','France','+33926476161'),
(101,'Henrie OLoughane',CONVERT(DATE,'24-11-1967',105),'Rubirizi','Uganda','+256627243316'),
(102,'Wendel Enderby',CONVERT(DATE,'12-07-1972',105),'Pledo','Indonesia','+62743298887'),
(103,'Editha Hartles',CONVERT(DATE,'06-09-2000',105),'Barrī ash Sharqī','Syria','+963829418752'),
(104,'El Layborn',CONVERT(DATE,'24-10-1988',105),'Feilaixia','China','+86470459601'),
(105,'Howie Conaboy',CONVERT(DATE,'24-06-1969',105),'Mosrentgen','Russia','+7121813198'),
(106,'Meggi Canto',CONVERT(DATE,'05-01-1973',105),'Komsomolsk-on-Amur','Russia','+7373771592'),
(107,'Vinny Ivers',CONVERT(DATE,'22-02-1987',105),'Tengqiao','China','+86311454257'),
(108,'Catherine Delahunty',CONVERT(DATE,'22-08-1968',105),'Jianggang','China','+86943677325'),
(109,'Laure Tzarkov',CONVERT(DATE,'17-09-1995',105),'Erfurt','Germany','+49976428080'),
(110,'Valentia Dolman',CONVERT(DATE,'21-09-1995',105),'Lasehao','Indonesia','+62576760299'),
(111,'Tiphani Capner',CONVERT(DATE,'06-06-2001',105),'Mirsíni','Greece','+30553990652'),
(112,'Kelcey Shuttlewood',CONVERT(DATE,'06-01-2002',105),'Sápes','Greece','+30650257523'),
(113,'Mitch Fosse',CONVERT(DATE,'14-02-1988',105),'Usevia','Tanzania','+255459276653'),
(114,'Asia Hanselmann',CONVERT(DATE,'29-07-1978',105),'Livingstone','Zambia','+260423834705'),
(115,'Torrance Piggins',CONVERT(DATE,'29-09-1971',105),'Majur','Serbia','+381435926508'),
(116,'Gates Potier',CONVERT(DATE,'23-07-1973',105),'Masina','Democratic Republic of the Congo','+242927178817'),
(117,'Elsie Mulholland',CONVERT(DATE,'13-11-1995',105),'Buy','Russia','+7682713586'),
(118,'Kathrine Jakubowicz',CONVERT(DATE,'05-01-1968',105),'Hengxi','China','+86478157603'),
(119,'Candra Barnaby',CONVERT(DATE,'19-03-1985',105),'Svitlovods’k','Ukraine','+380697464943'),
(120,'Marena Tarney',CONVERT(DATE,'05-03-1998',105),'Natal','Brazil','+55880306456'),
(121,'Neille Cheal',CONVERT(DATE,'14-12-1983',105),'Xiaotang','China','+86636562184'),
(122,'Mersey Rediers',CONVERT(DATE,'29-06-1994',105),'Sofádes','Greece','+30716659653'),
(123,'Jozef Brigman',CONVERT(DATE,'07-08-1994',105),'Liushan','China','+86923111730'),
(124,'Nady Dootson',CONVERT(DATE,'16-12-1996',105),'Baishuitan','China','+86858312577'),
(125,'Alayne Howselee',CONVERT(DATE,'31-03-1998',105),'Chelbasskaya','Russia','+7654153183'),
(126,'Cooper Olenchenko',CONVERT(DATE,'15-08-2000',105),'Ptení','Czech Republic','+420651404424'),
(127,'Boyd Kretchmer',CONVERT(DATE,'23-12-2006',105),'Pancas','Brazil','+55766704671'),
(128,'Eduardo Bonas',CONVERT(DATE,'06-12-2002',105),'North Perth','Canada','+1341655692'),
(129,'Lacy Rosenfield',CONVERT(DATE,'16-08-1980',105),'Saint-Maurice','France','+33903778140'),
(130,'Constancia Finlayson',CONVERT(DATE,'21-06-1970',105),'Nahura','Indonesia','+62188895034'),
(131,'Gabbey Silverman',CONVERT(DATE,'01-09-1998',105),'Moluo','China','+86163783592'),
(132,'Park Bim',CONVERT(DATE,'23-07-1987',105),'Sumberagung','Indonesia','+62270954982'),
(133,'Maddy Kleyn',CONVERT(DATE,'23-09-1987',105),'Estreito Câmara de Lobos','Portugal','+351818166039'),
(134,'Rand Tarburn',CONVERT(DATE,'22-07-1975',105),'Əhmədbəyli','Azerbaijan','+994246253051'),
(135,'Hetty Cossins',CONVERT(DATE,'13-09-1971',105),'Apartadó','Colombia','+57517467082'),
(136,'Sherman Caseri',CONVERT(DATE,'26-01-1983',105),'Bandeirantes','Brazil','+55920649617'),
(137,'Brett Bohlin',CONVERT(DATE,'18-01-1983',105),'Jiangdianzi','China','+86373390113'),
(138,'Nathanael Catling',CONVERT(DATE,'27-06-1982',105),'Sumberpandan','Indonesia','+62302716489'),
(139,'Dru Curnick',CONVERT(DATE,'02-02-1989',105),'Capela','Portugal','+351304729098'),
(140,'Agnella Hanna',CONVERT(DATE,'05-06-2002',105),'Břeclav','Czech Republic','+420763235017'),
(141,'Sibyl Count',CONVERT(DATE,'23-10-1992',105),'Kitob','Uzbekistan','+998679555254'),
(142,'Hillary Cicero',CONVERT(DATE,'18-01-1972',105),'Jilin','China','+86160153206'),
(143,'Mose Saing',CONVERT(DATE,'25-10-1989',105),'Ōtsuki','Japan','+81119520694'),
(144,'Constantin Virgoe',CONVERT(DATE,'08-03-1989',105),'Bilqās','Egypt','+20901533526'),
(145,'Siobhan Shermore',CONVERT(DATE,'30-06-1990',105),'Kishi','Nigeria','+234159349718'),
(146,'Taite Clubbe',CONVERT(DATE,'15-07-1975',105),'Wenchang','China','+86797408241'),
(147,'Angie Sullivan',CONVERT(DATE,'10-01-1993',105),'Salamá','Honduras','+504576408122'),
(148,'Casar Langstone',CONVERT(DATE,'20-02-1992',105),'Vuka','Croatia','+385891814023'),
(149,'Gabbi Egger',CONVERT(DATE,'31-01-1979',105),'Poligny','France','+33501614782'),
(150,'Weston Bugdale',CONVERT(DATE,'21-08-1980',105),'Aş Şanamayn','Syria','+963438178950'),
(151,'Penni Ableson',CONVERT(DATE,'26-02-1977',105),'Sainte-Geneviève-des-Bois','France','+33710818637'),
(152,'Isak Feldon',CONVERT(DATE,'17-10-2005',105),'Innoshima','Japan','+81388309971'),
(153,'Jean Djekic',CONVERT(DATE,'22-11-1970',105),'Titiakar','Indonesia','+62124282896'),
(154,'Hannis Danigel',CONVERT(DATE,'08-04-1983',105),'Kangar','Malaysia','+60363470416'),
(155,'Ellyn Lardeux',CONVERT(DATE,'22-04-1995',105),'Zhongtai','China','+86230220922'),
(156,'Emmaline Perocci',CONVERT(DATE,'23-12-1982',105),'Nangong','China','+86247969462'),
(157,'Dorian Housbie',CONVERT(DATE,'15-08-1983',105),'Shar','Kazakhstan','+7510456563'),
(158,'Kimberly Chell',CONVERT(DATE,'03-10-1974',105),'Sá','Portugal','+351741434882'),
(159,'Jessalyn Hovenden',CONVERT(DATE,'27-01-1979',105),'Albuera','Philippines','+63141500517'),
(160,'Erich Pietersma',CONVERT(DATE,'14-06-1976',105),'Rato','Indonesia','+62478307271'),
(161,'Artemus Craigmyle',CONVERT(DATE,'21-03-1990',105),'Shuangjie','China','+86735505159'),
(162,'Amabelle Turle',CONVERT(DATE,'22-03-1970',105),'Quintas','Portugal','+351993280752'),
(163,'Roz Mewrcik',CONVERT(DATE,'28-11-1974',105),'Dalamdesa Kalapadua','Indonesia','+62992175280'),
(164,'Francisco Tomson',CONVERT(DATE,'27-01-1995',105),'Benito Juarez','Mexico','+52530462260'),
(165,'Silvio Trimmill',CONVERT(DATE,'04-05-1988',105),'Zili','China','+86488986722'),
(166,'Jeanna Fulop',CONVERT(DATE,'07-09-1975',105),'Manakara','Madagascar','+261972212399'),
(167,'Harald McHugh',CONVERT(DATE,'05-06-1974',105),'Valerianovsk','Russia','+7326601434'),
(168,'Francesco Linneman',CONVERT(DATE,'23-01-2000',105),'Rancapanjang','Indonesia','+62809866556'),
(169,'Dennie Blackledge',CONVERT(DATE,'25-04-1969',105),'Kadurahayu','Indonesia','+62588984030'),
(170,'Katrina Gligoraci',CONVERT(DATE,'06-02-1979',105),'Hongshan','China','+86170742330'),
(171,'Fancy Coit',CONVERT(DATE,'17-10-1990',105),'Sungaiduri','Indonesia','+62179678143'),
(172,'Xerxes Kivelhan',CONVERT(DATE,'21-06-1989',105),'Shahe','China','+86992997375'),
(173,'Cecilius Tremellan',CONVERT(DATE,'24-08-1985',105),'Rossosh’','Russia','+7542922911'),
(174,'Vernen Lopez',CONVERT(DATE,'27-12-1975',105),'Astromil','Portugal','+351943860770'),
(175,'Ritchie Crate',CONVERT(DATE,'03-05-1995',105),'Longjiang','China','+86489453162'),
(176,'Janene Urpeth',CONVERT(DATE,'15-08-1988',105),'Itapira','Brazil','+55830177040'),
(177,'Peggie Patsall',CONVERT(DATE,'11-09-1992',105),'Liantan','China','+86682692512'),
(178,'Aloysia Bilbie',CONVERT(DATE,'12-12-1979',105),'Karabudakhkent','Russia','+7943494051'),
(179,'Eileen Lody',CONVERT(DATE,'05-09-1982',105),'Benito Juarez','Mexico','+52197160608'),
(180,'Catie Giabucci',CONVERT(DATE,'05-02-2006',105),'Neuilly-sur-Seine','France','+33609289929'),
(181,'Saidee Androsik',CONVERT(DATE,'14-12-1996',105),'Thị Trấn Na Hang','Vietnam','+84697674381'),
(182,'Arte Grundwater',CONVERT(DATE,'18-02-1991',105),'Heshi','China','+86804847704'),
(183,'Sella Padilla',CONVERT(DATE,'27-07-2005',105),'Xiangshan','China','+86533770949'),
(184,'Ynes Grinin',CONVERT(DATE,'01-08-1981',105),'Casais Baleal','Portugal','+351888588829'),
(185,'Donnie Fidian',CONVERT(DATE,'01-11-1973',105),'Krajan Langenharjo','Indonesia','+62574900553'),
(186,'Tommy Hender',CONVERT(DATE,'21-11-1968',105),'Santo Niño','Philippines','+63602267287'),
(187,'Dimitry Readings',CONVERT(DATE,'13-07-1990',105),'Carmen','Philippines','+63646186195'),
(188,'Forbes Sloan',CONVERT(DATE,'24-02-1998',105),'Ratíškovice','Czech Republic','+420730609388'),
(189,'Yule Hyman',CONVERT(DATE,'01-11-1976',105),'Roslavl’','Russia','+7586777818'),
(190,'Cindie Shewan',CONVERT(DATE,'31-07-1983',105),'Strzyżowice','Poland','+48232879749'),
(191,'Gina Aberkirder',CONVERT(DATE,'19-03-1979',105),'Honglu','China','+86546827363'),
(192,'Marika De Beneditti',CONVERT(DATE,'06-08-1991',105),'Huolu','China','+86912263165'),
(193,'Cornell Begg',CONVERT(DATE,'09-01-1997',105),'Miasteczko Śląskie','Poland','+48534507255'),
(194,'Rooney Linger',CONVERT(DATE,'12-09-1977',105),'Itapemirim','Brazil','+55467267532'),
(195,'Lettie Terren',CONVERT(DATE,'17-10-1969',105),'Kalepasan','Indonesia','+62156195537'),
(196,'Boris Olivie',CONVERT(DATE,'31-07-1973',105),'Linfen','China','+86317398694'),
(197,'Louis Zmitruk',CONVERT(DATE,'29-07-1969',105),'La Cañada','Mexico','+52303509604'),
(198,'Hanna Frisdick',CONVERT(DATE,'08-03-2006',105),'Jezerce','Croatia','+385247974946'),
(199,'Carmita Trustie',CONVERT(DATE,'10-07-1988',105),'Jianshe','China','+86160784360'),
(200,'Heddie Caulket',CONVERT(DATE,'08-03-1972',105),'Ternovka','Russia','+7510828431'),
(201,'Skipper Derington',CONVERT(DATE,'19-04-1993',105),'Ewarton','Jamaica','+1255264315'),
(202,'Sheree Byneth',CONVERT(DATE,'17-05-1994',105),'Briey','France','+33983124844'),
(203,'Ariadne Shoebridge',CONVERT(DATE,'15-12-1992',105),'Iquipi','Peru','+51272410570'),
(204,'Tedda Wiltshear',CONVERT(DATE,'16-03-1979',105),'Pittsburgh','United States','+1110430'),
(205,'Aurlie Horley',CONVERT(DATE,'20-12-1970',105),'Vuokatti','Finland','+358766715803'),
(206,'Polly Littler',CONVERT(DATE,'27-09-2000',105),'Humpolec','Czech Republic','+420177651224'),
(207,'Fransisco Alexsandrov',CONVERT(DATE,'11-05-1993',105),'Calumpang','Philippines','+63470868442'),
(208,'Benjamen Duffus',CONVERT(DATE,'21-04-1975',105),'Klumpit','Indonesia','+62367623861'),
(209,'Benedick Dennidge',CONVERT(DATE,'11-08-2001',105),'Komsomol’skiy','Russia','+7178860597'),
(210,'Cindi Sliman',CONVERT(DATE,'12-01-1983',105),'Santa Rita','Venezuela','+58301906375'),
(211,'Nevins Strother',CONVERT(DATE,'19-11-2005',105),'San Agustín','El Salvador','+503446706572'),
(212,'Hasty Schwandermann',CONVERT(DATE,'02-07-1968',105),'Lop','China','+86747715034'),
(213,'Brita MacLaverty',CONVERT(DATE,'26-07-2005',105),'Saltsjö-Boo','Sweden','+46299943705'),
(214,'Emlyn Lowery',CONVERT(DATE,'15-07-1990',105),'Atalhada','Portugal','+351741258569'),
(215,'Byram Lobb',CONVERT(DATE,'23-07-1975',105),'Gobabis','Namibia','+264343441963'),
(216,'Eula Heaffey',CONVERT(DATE,'18-10-2006',105),'Bilar','Philippines','+63280751319'),
(217,'Sheena Badrock',CONVERT(DATE,'15-02-2000',105),'Xingdian','China','+86815519754'),
(218,'Benn Moulsdall',CONVERT(DATE,'17-06-2001',105),'Fyllingsdalen','Norway','+47624463848'),
(219,'Fiann Songest',CONVERT(DATE,'19-03-1995',105),'Kunčice pod Ondřejníkem','Czech Republic','+420265609440'),
(220,'Jim Guion',CONVERT(DATE,'13-11-1982',105),'Devin','Bulgaria','+359295816922'),
(221,'Debi Heinrich',CONVERT(DATE,'02-12-1999',105),'Blimbing','Indonesia','+62939120415'),
(222,'Darwin DAmbrogi',CONVERT(DATE,'25-05-1974',105),'Áthyra','Greece','+30382841472'),
(223,'Celka Sidwick',CONVERT(DATE,'11-09-2001',105),'Vale Covo','Portugal','+351635245534'),
(224,'Cleve Brodhead',CONVERT(DATE,'17-08-1969',105),'Lokoja','Nigeria','+234983178188'),
(225,'Ajay Morefield',CONVERT(DATE,'04-07-1989',105),'Lantian','China','+86175470335'),
(226,'Julio Humphries',CONVERT(DATE,'02-03-1976',105),'Liuche','China','+86972977227'),
(227,'Libby Ruddiman',CONVERT(DATE,'03-09-1993',105),'Papakura','New Zealand','+64517847391'),
(228,'Jakob Pullin',CONVERT(DATE,'11-12-1993',105),'Oslo','Norway','+47994178946'),
(229,'Miguela Menichino',CONVERT(DATE,'14-03-1990',105),'Enhtal','Mongolia','+976185289272'),
(230,'Amery Baseley',CONVERT(DATE,'21-11-1982',105),'Taohuajiang','China','+86242536696'),
(231,'Rivi Lardier',CONVERT(DATE,'26-10-1995',105),'Undurkhaan','Mongolia','+976519385905'),
(232,'Roosevelt Brettle',CONVERT(DATE,'21-09-1976',105),'Sacramento','United States','+1916166972'),
(233,'Morgan Pignon',CONVERT(DATE,'05-09-1981',105),'Shijie','China','+86965300625'),
(234,'Anastassia Donativo',CONVERT(DATE,'21-03-1975',105),'Ourtzagh','Morocco','+212505116115'),
(235,'Gabie Dovydenas',CONVERT(DATE,'30-08-1968',105),'Soca','Uruguay','+598356485598'),
(236,'Christyna Escolme',CONVERT(DATE,'30-05-1990',105),'Järna','Sweden','+46679191707'),
(237,'Rob Buncom',CONVERT(DATE,'19-10-1990',105),'Sanchahe','China','+86459893311'),
(238,'Drucie Ranklin',CONVERT(DATE,'01-04-1993',105),'Świętajno','Poland','+48725873946'),
(239,'Nonie Drinkall',CONVERT(DATE,'14-04-2006',105),'Solna','Sweden','+46656659453'),
(240,'Hugh Heineking',CONVERT(DATE,'24-06-1990',105),'Bang Mun Nak','Thailand','+66828961309'),
(241,'Randy Murcott',CONVERT(DATE,'23-08-1992',105),'Libu','China','+86939697780'),
(242,'Killian Burhouse',CONVERT(DATE,'30-06-1995',105),'Nabire','Indonesia','+62964115952'),
(243,'Nollie Yacob',CONVERT(DATE,'23-01-2002',105),'Fengjiang','China','+86533742427'),
(244,'Philip Slane',CONVERT(DATE,'10-07-1988',105),'Vyborg','Russia','+7747639422'),
(245,'Roth Messier',CONVERT(DATE,'21-01-1976',105),'Batarasa','Philippines','+63820742955'),
(246,'Eduard Towne',CONVERT(DATE,'15-12-1976',105),'El Coco','Panama','+507912939504'),
(247,'Decca Commander',CONVERT(DATE,'01-01-1973',105),'Cibinong Satu','Indonesia','+62413961092'),
(248,'Angelia Betancourt',CONVERT(DATE,'30-08-1999',105),'Rayevskaya','Russia','+7751713194'),
(249,'Malynda Carlett',CONVERT(DATE,'22-05-1967',105),'Oceanside','United States','+1858381995'),
(250,'Bobbie Rosenthal',CONVERT(DATE,'21-01-1988',105),'Kętrzyn','Poland','+48736787227')

INSERT INTO [AccountTypes] VALUES
(1,'personal'),
(2,'for minors'),
(3,'saving'),
(4,'business')

INSERT INTO [Accounts] VALUES
('AD9413090105NCMC3VM1EDKD',1,'Cardguard',1,0,CONVERT(DATE,'22-11-2021',105),CONVERT(DATE,'21-08-2022',105)),
('CY9215826814N5WF0EAUVLRJNYEP',2,'Wrapsafe',4,0,CONVERT(DATE,'01-09-2021',105),NULL),
('IS467634787117169699889043',3,'Hatity',4,0,CONVERT(DATE,'28-06-2021',105),CONVERT(DATE,'17-11-2021',105)),
('CY12037553938HANCACNARCJXUQ2',4,'Span',3,0,CONVERT(DATE,'15-07-2021',105),NULL),
('PT07106690676316508649610',4,'Wrapsafe',1,0,CONVERT(DATE,'21-10-2021',105),NULL),
('FR45266161274652TMVIVPQ5L01',5,'Bitwolf',1,0,CONVERT(DATE,'03-08-2021',105),CONVERT(DATE,'30-03-2022',105)),
('LT696654847411372478',6,'Bitchip',1,0,CONVERT(DATE,'16-06-2021',105),NULL),
('SI97275105530910376',7,'Lotstring',3,0,CONVERT(DATE,'05-08-2021',105),NULL),
('ES3876567973341776820457',8,'Rank',1,0,CONVERT(DATE,'10-05-2022',105),NULL),
('PT29499781625205195427425',9,'Zontrax',3,0,CONVERT(DATE,'12-07-2021',105),NULL),
('SM79Q3694121719TOU8ASQA0WSB',9,'Kanlam',3,0,CONVERT(DATE,'26-09-2021',105),NULL),
('AE953455736311284747558',10,'Transcof',3,0,CONVERT(DATE,'18-01-2022',105),NULL),
('FR1502944963172WZYK2TOUP756',11,'Greenlam',1,0,CONVERT(DATE,'26-02-2022',105),NULL),
('FR219161520100MAECISS28QI76',11,'Tin',3,0,CONVERT(DATE,'09-02-2022',105),CONVERT(DATE,'27-11-2022',105)),
('FI2219198455116224',11,'It',1,0,CONVERT(DATE,'25-02-2021',105),NULL),
('BH80CEBOTKLJM2BUKX42VF',12,'Overhold',1,0,CONVERT(DATE,'15-11-2021',105),NULL),
('FR980228933378SS3VLX9UACU28',12,'Tempsoft',1,0,CONVERT(DATE,'01-03-2021',105),NULL),
('FR815550418281TQ84CJY8Q0X83',13,'Job',1,0,CONVERT(DATE,'22-02-2022',105),NULL),
('SM83P90892886318JNTNUYDHWF0',14,'Tres-Zap',1,0,CONVERT(DATE,'12-07-2021',105),NULL),
('GL5255650205989485',15,'Stronghold',1,0,CONVERT(DATE,'19-05-2021',105),NULL),
('KW85AYMHPBVBCVXTBEXRORUCADITVV',15,'Y-Solowarm',1,0,CONVERT(DATE,'31-08-2021',105),NULL),
('LV27TOASEFYALHPH5RNMJ',15,'Matsoft',1,0,CONVERT(DATE,'17-06-2021',105),CONVERT(DATE,'19-07-2021',105)),
('AL8021214616W9VCCKPNSEDHIGBK',16,'Flowdesk',2,0,CONVERT(DATE,'27-06-2021',105),NULL),
('IL757842282767511621870',17,'Span',4,0,CONVERT(DATE,'07-03-2021',105),CONVERT(DATE,'15-09-2021',105)),
('CR5710841972545014452',17,'Treeflex',1,0,CONVERT(DATE,'29-12-2021',105),NULL),
('KZ10710KAXRKBV4ETOSD',17,'Zoolab',1,0,CONVERT(DATE,'17-02-2022',105),NULL),
('FR023968166162QFMI9LTRFYP13',18,'Trippledex',1,0,CONVERT(DATE,'10-01-2021',105),CONVERT(DATE,'06-05-2022',105)),
('ME70575675621862483580',19,'Sonsing',1,0,CONVERT(DATE,'16-05-2021',105),CONVERT(DATE,'13-07-2022',105)),
('HU78408361769375686963905817',20,'Tempsoft',1,0,CONVERT(DATE,'26-01-2021',105),CONVERT(DATE,'16-05-2021',105)),
('FR866323816569TBEYXL0UTTS96',21,'Tres-Zap',4,0,CONVERT(DATE,'27-02-2022',105),NULL),
('BG38CTRP707888CHJO8ZXK',21,'Sonsing',1,0,CONVERT(DATE,'31-01-2022',105),NULL),
('SI14540525320707650',21,'Job',3,0,CONVERT(DATE,'25-01-2022',105),NULL),
('PK06PYDX9IKDYX2W6BCBMLX1',22,'Lotstring',1,0,CONVERT(DATE,'07-10-2021',105),NULL),
('MC252479540832T14TYUTCAJX17',22,'Bamity',1,0,CONVERT(DATE,'30-11-2021',105),NULL),
('IS928892874631938551679674',22,'Matsoft',1,0,CONVERT(DATE,'26-07-2021',105),NULL),
('PL43281800397501597971052578',23,'Stringtough',1,0,CONVERT(DATE,'28-08-2021',105),CONVERT(DATE,'25-04-2022',105)),
('AE208442104089089423018',23,'Zontrax',1,0,CONVERT(DATE,'09-10-2021',105),NULL),
('FR794576365824OBDHH9XQU3Z48',24,'Kanlam',1,0,CONVERT(DATE,'17-11-2021',105),NULL),
('MD02BZL3BAJBVBOSVTVUCZLH',25,'Sonair',1,0,CONVERT(DATE,'30-03-2022',105),NULL),
('DE42771744757544870860',25,'Latlux',1,0,CONVERT(DATE,'26-05-2021',105),NULL),
('MK76101XO6RF8MT6N44',26,'Domainer',1,0,CONVERT(DATE,'15-01-2022',105),NULL),
('FR8885856433902PFBER7MY9W00',26,'Trippledex',1,0,CONVERT(DATE,'06-03-2021',105),NULL),
('PL48063123299606189735634665',27,'Home Ing',1,0,CONVERT(DATE,'30-05-2022',105),CONVERT(DATE,'09-07-2022',105)),
('LI94577706TCILDNRABOC',28,'Namfix',2,0,CONVERT(DATE,'29-03-2021',105),NULL),
('ES7295078258162113141744',29,'Temp',1,0,CONVERT(DATE,'30-09-2021',105),CONVERT(DATE,'17-12-2021',105)),
('MD730CGGIQL7X7HD8J48NWXZ',30,'Bytecard',1,0,CONVERT(DATE,'10-08-2021',105),CONVERT(DATE,'30-09-2022',105)),
('BG13JEIC509423NAXUKOLW',30,'Cookley',3,0,CONVERT(DATE,'04-07-2021',105),NULL),
('NO8650701288944',31,'Bitchip',1,0,CONVERT(DATE,'04-02-2022',105),NULL),
('ME06010270545643065544',32,'Lotlux',3,0,CONVERT(DATE,'27-10-2021',105),NULL),
('MK885706QX8UYFKTF20',33,'Bitchip',3,0,CONVERT(DATE,'24-05-2022',105),NULL),
('NO2855437598422',33,'Regrant',3,0,CONVERT(DATE,'29-03-2021',105),NULL),
('LI2033561S5WMFJ5ZBQZX',34,'Veribet',1,0,CONVERT(DATE,'28-05-2021',105),NULL),
('FR6770020963208J1UCIEIWYZ93',35,'Duobam',1,0,CONVERT(DATE,'10-03-2022',105),NULL),
('FR664530848066PZS7RTSBPDX82',36,'Sonair',3,0,CONVERT(DATE,'30-07-2021',105),CONVERT(DATE,'27-09-2021',105)),
('RO38TDIXDHGRSSBIIEBSAHNZ',36,'Bytecard',3,0,CONVERT(DATE,'17-11-2021',105),NULL),
('FR666537258783X8OMC04VFTC42',37,'Zoolab',4,0,CONVERT(DATE,'28-11-2021',105),NULL),
('KW60GHNXNSHUOVNJSBVP2SQ00JCM0P',37,'Domainer',1,0,CONVERT(DATE,'20-11-2021',105),CONVERT(DATE,'15-08-2022',105)),
('HR2750206937399363641',38,'Voltsillam',1,0,CONVERT(DATE,'12-11-2021',105),NULL),
('LI6447144YSY4Z7BZZZRK',39,'Job',1,0,CONVERT(DATE,'02-04-2022',105),NULL),
('FR9782327987451AYUC37U0EF51',40,'Tresom',3,0,CONVERT(DATE,'21-03-2022',105),NULL),
('LU51482S5LB0GJSVOYPP',40,'Overhold',1,0,CONVERT(DATE,'29-10-2021',105),NULL),
('SI74825760997584571',41,'Sub-Ex',1,0,CONVERT(DATE,'11-01-2021',105),NULL),
('MC574513984017FXNQQKOYBLQ33',42,'Bytecard',1,0,CONVERT(DATE,'20-07-2021',105),NULL),
('BA038977631439091374',42,'Stringtough',2,0,CONVERT(DATE,'29-10-2021',105),NULL),
('PL11799872834331665811266572',43,'Bigtax',4,0,CONVERT(DATE,'20-12-2021',105),CONVERT(DATE,'05-05-2022',105)),
('CH584827884PGVRUBCRFO',43,'Sonsing',3,0,CONVERT(DATE,'03-01-2021',105),NULL),
('SI16655849116473450',44,'Mat Lam Tam',4,0,CONVERT(DATE,'25-11-2021',105),NULL),
('FR415369337789HNEDLEYCLTX34',44,'Tampflex',1,0,CONVERT(DATE,'05-08-2021',105),NULL),
('FR262813619748PNCVTCELAXG12',45,'Redhold',3,0,CONVERT(DATE,'20-09-2021',105),CONVERT(DATE,'08-08-2022',105)),
('PT32784241761371374262171',45,'Gembucket',1,0,CONVERT(DATE,'05-09-2021',105),NULL),
('ME97661623675960265882',45,'Matsoft',3,0,CONVERT(DATE,'26-04-2021',105),NULL),
('FR555370117262M8MHCS4TW0778',46,'Alphazap',1,0,CONVERT(DATE,'12-04-2021',105),NULL),
('TN5478612701002964205356',47,'Regrant',1,0,CONVERT(DATE,'22-12-2021',105),NULL),
('KW82KSFYM4YY93ESZGLAMCNATMMBIG',48,'Bitchip',3,0,CONVERT(DATE,'22-03-2021',105),NULL),
('PL89877171017396818184443026',49,'Sonair',3,0,CONVERT(DATE,'14-02-2022',105),NULL),
('GR560395974CG6TT9ZR8OFADHFE',49,'Bytecard',2,0,CONVERT(DATE,'16-01-2021',105),NULL),
('FR695430719047MSWFWEIHCAO18',50,'Daltfresh',1,0,CONVERT(DATE,'24-09-2021',105),NULL),
('GL4455269002179975',50,'Treeflex',1,0,CONVERT(DATE,'02-09-2021',105),NULL),
('SM04O2872816220NX2CRTU1F91Z',51,'Stronghold',1,0,CONVERT(DATE,'11-03-2022',105),CONVERT(DATE,'19-08-2022',105)),
('FR2505908882660FTQILUB4R861',52,'Tempsoft',1,0,CONVERT(DATE,'17-03-2021',105),CONVERT(DATE,'25-07-2022',105)),
('CY8714298070SW8FV1GLHBWSTKYO',53,'Quo Lux',3,0,CONVERT(DATE,'24-02-2021',105),NULL),
('FR433271943275Q7IKGEEUQOE62',54,'Holdlamis',2,0,CONVERT(DATE,'11-12-2021',105),NULL),
('KZ57817DZXUEGJAWDPRF',55,'Zontrax',3,0,CONVERT(DATE,'27-08-2021',105),CONVERT(DATE,'27-01-2022',105)),
('NL78SXNX5876067470',56,'Zaam-Dox',1,0,CONVERT(DATE,'09-05-2022',105),NULL),
('PT76725017952203419820774',56,'Tin',1,0,CONVERT(DATE,'06-03-2022',105),NULL),
('SA4941E7VC2BUJG8DVLMIUB9',56,'Sub-Ex',3,0,CONVERT(DATE,'09-02-2021',105),NULL),
('MK88922HU8SSC0WM810',57,'Sonair',1,0,CONVERT(DATE,'25-09-2021',105),NULL),
('CH1618474PWEBI8QAGREI',58,'Fixflex',3,0,CONVERT(DATE,'30-10-2021',105),CONVERT(DATE,'28-05-2022',105)),
('HU87667080640745192379770387',59,'Cardguard',1,0,CONVERT(DATE,'01-05-2021',105),CONVERT(DATE,'21-01-2022',105)),
('SE0410756440958840317925',59,'Bamity',1,0,CONVERT(DATE,'15-10-2021',105),CONVERT(DATE,'04-11-2021',105)),
('RO18EUJTUIXL9GMIVTAD47EI',60,'Duobam',3,0,CONVERT(DATE,'19-01-2021',105),NULL),
('FR1549583566069TR1N2XWOYX34',60,'Cardify',1,0,CONVERT(DATE,'26-05-2022',105),NULL),
('FR3481428835649QEVERDZJYP38',61,'Asoka',1,0,CONVERT(DATE,'19-02-2021',105),NULL),
('DK6058517087729622',61,'Bytecard',1,0,CONVERT(DATE,'28-05-2021',105),NULL),
('LI9457531A6YJLWIJKNSQ',62,'Cookley',2,0,CONVERT(DATE,'26-06-2021',105),NULL),
('NL76JNXX1868440926',62,'Matsoft',1,0,CONVERT(DATE,'23-06-2021',105),CONVERT(DATE,'08-07-2022',105)),
('GI83NEWZEVPW4UU7XMWZ0HZ',63,'Ventosanzap',3,0,CONVERT(DATE,'19-12-2021',105),NULL),
('MD45BCMPTO0A8JEWCMIMULCR',64,'Alpha',1,0,CONVERT(DATE,'27-11-2021',105),NULL),
('IE51AAOQ21828404077999',64,'Job',3,0,CONVERT(DATE,'08-01-2021',105),NULL),
('BE14175804407331',65,'Rank',1,0,CONVERT(DATE,'06-02-2021',105),NULL),
('AL5959600739QLBVKSV5UR8L5MCU',66,'Home Ing',1,0,CONVERT(DATE,'30-01-2022',105),NULL),
('TR0759790QLUOZUYZBIF6LUMC0',66,'Kanlam',1,0,CONVERT(DATE,'11-06-2021',105),NULL),
('IE42UTTQ67174907923500',66,'Sonsing',1,0,CONVERT(DATE,'24-05-2021',105),CONVERT(DATE,'18-02-2022',105)),
('LB112232GXFEIRUSUKN8WRUCRGQM',67,'Mat Lam Tam',1,0,CONVERT(DATE,'08-09-2021',105),CONVERT(DATE,'10-03-2022',105)),
('LB64197862DLT0DLQ7H8HKJHW7CI',68,'Solarbreeze',3,0,CONVERT(DATE,'19-05-2022',105),NULL),
('PS08YUQBD0QXSCE7LOYO3WEIIFHOA',69,'Zontrax',1,0,CONVERT(DATE,'19-09-2021',105),NULL),
('BG96DUOA015893RAOVD5AK',69,'Matsoft',2,0,CONVERT(DATE,'20-11-2021',105),NULL),
('EE386688945979336861',69,'Fintone',1,0,CONVERT(DATE,'15-02-2021',105),NULL),
('GT83QMU2BFPVMOYQBSZ9SLMMIWW3',70,'Zaam-Dox',1,0,CONVERT(DATE,'07-09-2021',105),NULL),
('FR5041164036327DMV1CRBHOK58',71,'Cookley',3,0,CONVERT(DATE,'21-01-2022',105),NULL),
('FR836087418377IWU8PVEGDVU13',71,'Bamity',1,0,CONVERT(DATE,'06-09-2021',105),CONVERT(DATE,'17-09-2021',105)),
('BH54PCIVYK9ZY4NPXRS8O3',71,'Latlux',3,0,CONVERT(DATE,'30-04-2022',105),CONVERT(DATE,'22-08-2022',105)),
('GR665961948ADBSX9QJRLACNGCS',72,'Cardguard',1,0,CONVERT(DATE,'26-03-2021',105),NULL),
('BA930876333848218316',73,'Duobam',1,0,CONVERT(DATE,'08-07-2021',105),NULL),
('AL0870006466BDDYHJJGOUMQB7A6',73,'Holdlamis',1,0,CONVERT(DATE,'23-04-2022',105),CONVERT(DATE,'06-05-2022',105)),
('LU70851H7LSUB3GSRLFG',73,'Prodder',1,0,CONVERT(DATE,'25-05-2021',105),NULL),
('FR5013365821287GQMMDD6OLU83',74,'Gembucket',1,0,CONVERT(DATE,'01-08-2021',105),NULL),
('IT95C5136669136DOMHUVNPWXL1',75,'Tin',4,0,CONVERT(DATE,'15-02-2021',105),NULL),
('BH67DBGDTWOO98T1IIB1GE',76,'Fintone',1,0,CONVERT(DATE,'13-05-2022',105),NULL),
('AT226036253155779986',76,'Daltfresh',3,0,CONVERT(DATE,'21-04-2022',105),NULL),
('DO65YOCL31275685388452922839',77,'Zaam-Dox',1,0,CONVERT(DATE,'18-12-2021',105),NULL),
('KW59IMZAU6XRJDDOMKHUQXXXQNGYBX',78,'Zathin',3,0,CONVERT(DATE,'24-01-2022',105),NULL),
('DO39GE7C12482803957849368595',78,'Bytecard',2,0,CONVERT(DATE,'30-12-2021',105),CONVERT(DATE,'06-11-2022',105)),
('PL02388355872187260826304548',79,'Ronstring',1,0,CONVERT(DATE,'24-03-2021',105),NULL),
('LI9802427CPUSD02PMERA',80,'Konklux',1,0,CONVERT(DATE,'20-08-2021',105),NULL),
('GR522354528C95EVZDAXCLHWO6W',80,'Opela',3,0,CONVERT(DATE,'27-10-2021',105),NULL),
('GI02OSMLZCVPC3LI6P7EZUF',80,'Zoolab',1,0,CONVERT(DATE,'28-01-2022',105),NULL),
('MR2368945812321419374551561',81,'Cookley',3,0,CONVERT(DATE,'06-04-2021',105),NULL),
('MU38SPRZ6561085529865602003KQY',81,'Regrant',1,0,CONVERT(DATE,'10-02-2021',105),NULL),
('GL5292163970877711',82,'Toughjoyfax',1,0,CONVERT(DATE,'28-12-2021',105),NULL),
('BG10EWTB1413962P6E6CZJ',83,'Asoka',1,0,CONVERT(DATE,'27-08-2021',105),NULL),
('LI9151289N8ADOGNRY7JJ',84,'Subin',1,0,CONVERT(DATE,'09-05-2021',105),NULL),
('FR044345369650K70UZEP1PLB38',85,'Y-find',3,0,CONVERT(DATE,'29-04-2022',105),NULL),
('AE791992291992682614433',85,'Bigtax',2,0,CONVERT(DATE,'06-04-2021',105),NULL),
('AZ32WDFXIMHARYKZEWVKS5QG5GQ7',86,'Solarbreeze',3,0,CONVERT(DATE,'04-03-2022',105),NULL),
('KW22OLNPISJDMT4SNHFR0DSPN5ANKQ',87,'Quo Lux',1,0,CONVERT(DATE,'24-08-2021',105),NULL),
('IT92R5558006844U0FADCFZP08W',87,'Ventosanzap',3,0,CONVERT(DATE,'24-05-2022',105),CONVERT(DATE,'04-08-2022',105)),
('TR0242141JKJFDPUYFQ4BG1CHR',88,'Job',3,0,CONVERT(DATE,'29-03-2022',105),NULL),
('PS04VYBCQPFJWHXPFFNWDRHMH7Z9E',89,'Subin',1,0,CONVERT(DATE,'22-10-2021',105),NULL),
('KZ08583RLSRYBXSZMLZ4',90,'Biodex',3,0,CONVERT(DATE,'28-05-2021',105),NULL),
('FR654459310157FSFJXHSE1FU24',90,'Treeflex',1,0,CONVERT(DATE,'13-12-2021',105),NULL),
('BR1205660151330024495652954UY',90,'Kanlam',3,0,CONVERT(DATE,'09-02-2022',105),NULL),
('FR8531903426929BVM9A1DXCW93',91,'Mat Lam Tam',1,0,CONVERT(DATE,'17-03-2021',105),NULL),
('IL864925811367077730271',91,'Duobam',1,0,CONVERT(DATE,'30-03-2022',105),NULL),
('LV72XXYBH0G42VAO1QZAS',91,'Y-Solowarm',1,0,CONVERT(DATE,'06-10-2021',105),NULL),
('GB48ENOZ97260071015756',92,'Zamit',2,0,CONVERT(DATE,'01-04-2021',105),NULL),
('LT686535476410631841',93,'Redhold',1,0,CONVERT(DATE,'05-03-2021',105),NULL),
('MU79EOTT8963977338902634213BSU',93,'Overhold',2,0,CONVERT(DATE,'30-12-2021',105),NULL),
('FR241647887802ACKVGEEEQZM87',94,'Tresom',3,0,CONVERT(DATE,'30-08-2021',105),NULL),
('DE87413056918276489411',95,'Holdlamis',3,0,CONVERT(DATE,'25-04-2022',105),CONVERT(DATE,'15-08-2022',105)),
('DO692LOA24615275459286419733',95,'Tampflex',3,0,CONVERT(DATE,'21-06-2021',105),NULL),
('TN9828137049969786960962',96,'Stronghold',3,0,CONVERT(DATE,'19-11-2021',105),NULL),
('SK9128096539431151563108',97,'Veribet',3,0,CONVERT(DATE,'28-04-2021',105),NULL),
('AL33908744009C521XY5QXTPUATG',98,'Ronstring',1,0,CONVERT(DATE,'19-05-2021',105),NULL),
('AE236837503028130721519',99,'Tresom',3,0,CONVERT(DATE,'26-01-2021',105),NULL),
('ME30014423925934878853',99,'Zamit',1,0,CONVERT(DATE,'06-03-2021',105),NULL),
('CZ7501037659587135778487',100,'Kanlam',3,0,CONVERT(DATE,'15-01-2021',105),CONVERT(DATE,'27-07-2022',105)),
('IL786557961952878739199',101,'Duobam',1,0,CONVERT(DATE,'20-07-2021',105),NULL),
('CH6793171T2FIYUY16UEY',102,'Cardify',3,0,CONVERT(DATE,'16-10-2021',105),NULL),
('AL7735553150TGPITLB0SYRDI9PS',102,'Voyatouch',1,0,CONVERT(DATE,'09-03-2021',105),NULL),
('HR2046564264198251845',103,'Quo Lux',1,0,CONVERT(DATE,'22-01-2021',105),NULL),
('LU67780AHKNQAGUVIQCQ',103,'Subin',1,0,CONVERT(DATE,'02-12-2021',105),NULL),
('DE26201314004591017445',103,'Bitwolf',1,0,CONVERT(DATE,'21-03-2022',105),NULL),
('FR618914331395Y2P7V6AEBDG70',104,'Pannier',4,0,CONVERT(DATE,'13-08-2021',105),NULL),
('FR880802642577SKWA7FFSOSY93',105,'Konklab',1,0,CONVERT(DATE,'06-01-2022',105),CONVERT(DATE,'26-09-2022',105)),
('CH40257354COC2G42ATEJ',105,'Zaam-Dox',1,0,CONVERT(DATE,'07-01-2021',105),NULL),
('LB3423188JABVMUC6GSTMJQWP8DR',106,'It',1,0,CONVERT(DATE,'12-05-2021',105),NULL),
('IL930759747392977098228',107,'Sonair',3,0,CONVERT(DATE,'22-10-2021',105),NULL),
('SM21J8226711495E7QWVSFSIA8R',108,'Voyatouch',3,0,CONVERT(DATE,'24-10-2021',105),NULL),
('AE669617962979556956338',109,'Bamity',1,0,CONVERT(DATE,'23-05-2021',105),CONVERT(DATE,'09-08-2021',105)),
('CR5054394223774342612',109,'Latlux',1,0,CONVERT(DATE,'19-12-2021',105),CONVERT(DATE,'23-10-2022',105)),
('CZ4978198580333176676814',110,'Zamit',1,0,CONVERT(DATE,'04-02-2021',105),CONVERT(DATE,'12-03-2022',105)),
('KZ79698SAMINRDWP0SU3',110,'Holdlamis',1,0,CONVERT(DATE,'01-03-2022',105),NULL),
('IE51HMAU92310220433666',110,'Tin',3,0,CONVERT(DATE,'31-05-2022',105),NULL),
('LB020531YBRENLULG71HLYYHAJFW',111,'Latlux',1,0,CONVERT(DATE,'16-10-2021',105),NULL),
('BE73412981269660',111,'Stringtough',2,0,CONVERT(DATE,'09-03-2021',105),NULL),
('BH89XBHG5UNJQVF7DMBYNQ',112,'Zoolab',1,0,CONVERT(DATE,'05-02-2021',105),CONVERT(DATE,'23-10-2022',105)),
('FR852149528972WKYPXKZBV9783',113,'Domainer',1,0,CONVERT(DATE,'15-10-2021',105),NULL),
('MD127KRR5IDXVHDKKSBDCYLZ',114,'Quo Lux',3,0,CONVERT(DATE,'18-05-2022',105),NULL),
('IL240866025059159431398',115,'Pannier',1,0,CONVERT(DATE,'14-05-2022',105),CONVERT(DATE,'14-11-2022',105)),
('AD3436784333NJ8STCMDIPRF',116,'Hatity',1,0,CONVERT(DATE,'17-03-2022',105),NULL),
('FR355719122719UPWYHQHCWEX12',116,'Stringtough',4,0,CONVERT(DATE,'11-10-2021',105),NULL),
('CY9873342199LFMKFAYXM2EDQHLW',116,'Cardify',2,0,CONVERT(DATE,'07-03-2022',105),NULL),
('IL954780099934615738624',117,'Domainer',3,0,CONVERT(DATE,'13-04-2021',105),NULL),
('PT79958979704247087374884',118,'Home Ing',1,0,CONVERT(DATE,'31-12-2021',105),NULL),
('SM78N7809963212KRCYTRDYPGBA',118,'Tampflex',4,0,CONVERT(DATE,'24-01-2022',105),NULL),
('HU68784313704422979806045343',119,'Cardguard',1,0,CONVERT(DATE,'27-04-2022',105),NULL),
('FR545626506435USBYMLJZW4T92',119,'Bitwolf',1,0,CONVERT(DATE,'25-09-2021',105),NULL),
('LT020042583090022848',120,'Span',1,0,CONVERT(DATE,'18-06-2021',105),NULL),
('IT12D7367339631MYHBUZNQDQFH',121,'Zoolab',1,0,CONVERT(DATE,'16-11-2021',105),NULL),
('IT13H2361404392D7MFDQT0IDVL',121,'Wrapsafe',1,0,CONVERT(DATE,'26-11-2021',105),NULL),
('DE24606440803858670949',122,'Zaam-Dox',3,0,CONVERT(DATE,'18-03-2022',105),NULL),
('CR6208159620834962189',122,'Alpha',1,0,CONVERT(DATE,'24-02-2021',105),NULL),
('PL66688800934580256377748627',122,'Lotlux',1,0,CONVERT(DATE,'21-11-2021',105),NULL),
('SM15Z7626700133IYW0DGUTCR6Q',123,'Biodex',1,0,CONVERT(DATE,'05-10-2021',105),CONVERT(DATE,'01-09-2022',105)),
('CR4377281577857817397',124,'Treeflex',1,0,CONVERT(DATE,'20-03-2022',105),NULL),
('MK41477DOYFWAI1W659',125,'Zoolab',1,0,CONVERT(DATE,'16-10-2021',105),NULL),
('MT29TBTL85012OVGSQ22YFNLREHDKPT',126,'Stringtough',1,0,CONVERT(DATE,'10-02-2022',105),NULL),
('BR7237078533304381976578605ED',127,'Vagram',3,0,CONVERT(DATE,'10-03-2021',105),NULL),
('SI24995381014793617',127,'Kanlam',1,0,CONVERT(DATE,'10-05-2021',105),CONVERT(DATE,'02-08-2021',105)),
('DK5795947186416720',128,'Ronstring',1,0,CONVERT(DATE,'19-10-2021',105),NULL),
('AT081187867286884882',128,'Konklux',1,0,CONVERT(DATE,'26-01-2022',105),NULL),
('AT419337944819836915',128,'Bamity',4,0,CONVERT(DATE,'01-03-2022',105),NULL),
('LT072751014736594693',129,'Bytecard',1,0,CONVERT(DATE,'30-08-2021',105),CONVERT(DATE,'09-10-2022',105)),
('MR3684476395740706147116764',130,'Hatity',1,0,CONVERT(DATE,'03-06-2021',105),NULL),
('FR5894022872945ACYX887VOH23',131,'Kanlam',3,0,CONVERT(DATE,'04-04-2021',105),NULL),
('PT13236191257141033561499',132,'Trippledex',1,0,CONVERT(DATE,'05-04-2021',105),NULL),
('PK16OVGG5TABA3XNX7GFS7OG',132,'Bitwolf',1,0,CONVERT(DATE,'25-03-2021',105),NULL),
('BG80BGKW2232103ST3GTY6',132,'Kanlam',3,0,CONVERT(DATE,'28-08-2021',105),NULL),
('GB40XYTB95618940277915',133,'Voyatouch',1,0,CONVERT(DATE,'10-06-2021',105),NULL),
('GB72MTCS12171466615466',133,'Konklux',1,0,CONVERT(DATE,'24-10-2021',105),NULL),
('FR828083090168ET6ILTDQURN59',134,'Zoolab',3,0,CONVERT(DATE,'01-02-2022',105),NULL),
('GE75WE8521088818461588',134,'Latlux',1,0,CONVERT(DATE,'25-05-2022',105),NULL),
('FO5917849755420235',135,'Prodder',2,0,CONVERT(DATE,'11-06-2021',105),CONVERT(DATE,'06-11-2021',105)),
('GR861288206OLQH2DAHVAN1RZMH',135,'Ventosanzap',3,0,CONVERT(DATE,'20-09-2021',105),NULL),
('RO30KCWCK6YFATZUPK1JDJSU',136,'Span',3,0,CONVERT(DATE,'11-08-2021',105),NULL),
('RO13UPSSRHMVA84JH0TPPTVX',137,'Lotlux',1,0,CONVERT(DATE,'01-01-2021',105),NULL),
('LI4086518PKMEK1TNNUIG',137,'Regrant',1,0,CONVERT(DATE,'23-11-2021',105),NULL),
('NO5707298372619',137,'Keylex',1,0,CONVERT(DATE,'28-10-2021',105),NULL),
('TR7857618UXWCWBI4V4IUMMBD5',138,'Holdlamis',1,0,CONVERT(DATE,'06-12-2021',105),NULL),
('BH28EQZSLZB0CFICEYOZHW',139,'Ventosanzap',3,0,CONVERT(DATE,'12-03-2021',105),NULL),
('IS854519170803540031159058',140,'Lotlux',1,0,CONVERT(DATE,'08-08-2021',105),NULL),
('FR768052907885WGR8C1JBYOU54',140,'Sonsing',1,0,CONVERT(DATE,'01-07-2021',105),NULL),
('IL706407341573205473112',140,'Vagram',1,0,CONVERT(DATE,'25-06-2021',105),NULL),
('MD62NVLXRWUOQ1BVDGBQ1HOW',141,'Fintone',1,0,CONVERT(DATE,'11-05-2022',105),CONVERT(DATE,'08-11-2022',105)),
('CH0777012CHPF0RNYLH5D',142,'Veribet',1,0,CONVERT(DATE,'05-08-2021',105),NULL),
('FR614281571412VPU8P4TMHZR26',143,'Andalax',1,0,CONVERT(DATE,'20-05-2022',105),NULL),
('SA95663L8AYYQFUGNYDUDYGY',143,'Transcof',3,0,CONVERT(DATE,'10-08-2021',105),NULL),
('FR718643467428HIJYLT8CYGQ82',144,'Toughjoyfax',1,0,CONVERT(DATE,'30-01-2022',105),NULL),
('LI7115490UEKKHC5HEOMC',144,'Keylex',3,0,CONVERT(DATE,'07-04-2022',105),NULL),
('PK52YQMIKKNXKJTPECSBKECZ',145,'Konklux',2,0,CONVERT(DATE,'08-12-2021',105),NULL),
('RO24FUJYCNJEVRWWMVTOBVYT',146,'Regrant',1,0,CONVERT(DATE,'31-01-2022',105),NULL),
('HU58313167784880213722880914',147,'Redhold',1,0,CONVERT(DATE,'11-01-2022',105),NULL),
('FR823591936920GRRQXKU19RZ41',148,'Konklab',1,0,CONVERT(DATE,'04-10-2021',105),NULL),
('GR468571309BMGLC5BMOONSZWQT',148,'Zamit',1,0,CONVERT(DATE,'27-05-2021',105),NULL),
('NO7274412447600',148,'Bitwolf',3,0,CONVERT(DATE,'03-11-2021',105),NULL),
('LV70QKFNXIINGQFGQWTS8',149,'Temp',1,0,CONVERT(DATE,'12-07-2021',105),NULL),
('AT656820572156158682',150,'Regrant',1,0,CONVERT(DATE,'24-05-2021',105),NULL),
('DO09YBQL07479057498667250098',151,'Sub-Ex',1,0,CONVERT(DATE,'25-05-2021',105),NULL),
('MD352HZKLXD7BFBSGKEAUTNZ',151,'Cookley',1,0,CONVERT(DATE,'04-02-2022',105),NULL),
('MK2390315VYRI0CKX34',152,'Sub-Ex',2,0,CONVERT(DATE,'31-05-2021',105),CONVERT(DATE,'28-11-2022',105)),
('LI9371923OXAYHIGPTSWF',152,'Zoolab',1,0,CONVERT(DATE,'13-08-2021',105),NULL),
('FR919332503670XLIEN3EAJAP79',153,'Home Ing',1,0,CONVERT(DATE,'26-03-2022',105),CONVERT(DATE,'25-06-2022',105)),
('CH9064317NC6X7QUDMO5B',153,'Zontrax',1,0,CONVERT(DATE,'15-07-2021',105),CONVERT(DATE,'27-09-2021',105)),
('AZ66GLLCMWGFFSKTDRD2WLKPHLEU',154,'Opela',1,0,CONVERT(DATE,'04-07-2021',105),NULL),
('PT49707589011545865450544',155,'Trippledex',1,0,CONVERT(DATE,'20-05-2021',105),NULL),
('DK2320762204856596',156,'Cookley',1,0,CONVERT(DATE,'19-12-2021',105),CONVERT(DATE,'25-04-2022',105)),
('CY95098509140KUMVLON9VLJIQD8',157,'Home Ing',1,0,CONVERT(DATE,'15-07-2021',105),NULL),
('IS720835397310571562917668',157,'Fintone',1,0,CONVERT(DATE,'26-05-2021',105),CONVERT(DATE,'13-02-2022',105)),
('KZ5999506HVXYZY3JUJI',158,'Bigtax',1,0,CONVERT(DATE,'06-05-2021',105),NULL),
('DE88503433710437310817',159,'Biodex',1,0,CONVERT(DATE,'28-04-2021',105),NULL),
('AT678813955725840852',159,'Prodder',3,0,CONVERT(DATE,'24-10-2021',105),NULL),
('MU31ZXVS5616427840984886555RWZ',160,'Voyatouch',3,0,CONVERT(DATE,'11-02-2021',105),NULL),
('AZ64HEGTJCSUZBLP4MODQD5TXA2Y',161,'Cookley',3,0,CONVERT(DATE,'25-07-2021',105),NULL),
('SA82871FSUT7YMRSB9HYZFRQ',162,'Solarbreeze',1,0,CONVERT(DATE,'28-03-2022',105),NULL),
('BH58MVVMELSVPCFDSZUQT8',163,'Zathin',3,0,CONVERT(DATE,'19-02-2021',105),NULL),
('FR3141806374742YTJQIW8M8V61',163,'Zathin',3,0,CONVERT(DATE,'10-04-2021',105),NULL),
('HU15831059445261419254720391',163,'Daltfresh',1,0,CONVERT(DATE,'27-10-2021',105),NULL),
('FR236631003080GIYTWDCWVFH78',164,'Prodder',1,0,CONVERT(DATE,'25-02-2021',105),NULL),
('BE55191200578333',164,'Greenlam',1,0,CONVERT(DATE,'27-05-2021',105),CONVERT(DATE,'02-05-2022',105)),
('SA3362YUBLXWH0QPSXXHHUFK',165,'Mat Lam Tam',3,0,CONVERT(DATE,'15-11-2021',105),NULL),
('ES4028147503081363996112',166,'Tres-Zap',3,0,CONVERT(DATE,'05-10-2021',105),NULL),
('KZ64703VA9TXWV1O4CUM',167,'Redhold',3,0,CONVERT(DATE,'03-03-2021',105),NULL),
('LV98EVGAVWCBKYEZOLKU9',167,'Voltsillam',1,0,CONVERT(DATE,'20-03-2021',105),NULL),
('LV55XFBII6FKFXSK3PXAU',168,'Tampflex',3,0,CONVERT(DATE,'10-03-2022',105),NULL),
('FR390919493726CUBB0X2AUQD94',168,'Ronstring',1,0,CONVERT(DATE,'01-06-2021',105),NULL),
('ME65998433026079128554',169,'Biodex',3,0,CONVERT(DATE,'31-03-2022',105),NULL),
('FR938173448585BAIZQZ14X8G91',170,'Gembucket',4,0,CONVERT(DATE,'19-11-2021',105),NULL),
('BH97ABMEE8WLEVCLROPPPE',171,'Span',1,0,CONVERT(DATE,'28-03-2021',105),NULL),
('SI14376102936075049',172,'Sonair',3,0,CONVERT(DATE,'27-07-2021',105),NULL),
('CZ7345444139802983588544',172,'Zontrax',3,0,CONVERT(DATE,'10-04-2022',105),NULL),
('HU90888651622857489620287790',173,'It',3,0,CONVERT(DATE,'28-03-2022',105),NULL),
('CR3363379287437459602',174,'Prodder',1,0,CONVERT(DATE,'30-06-2021',105),NULL),
('SA7921PAVZLGBPQUVNDYCZNY',174,'Toughjoyfax',1,0,CONVERT(DATE,'21-04-2022',105),NULL),
('FR9031821508967Z4A0EKZ0F802',175,'Prodder',3,0,CONVERT(DATE,'14-02-2022',105),CONVERT(DATE,'22-02-2022',105)),
('ME17166678628475535698',176,'Span',1,0,CONVERT(DATE,'05-09-2021',105),NULL),
('AZ82SJGCNRR6QR1HB8PBWOX5UT7D',176,'Hatity',1,0,CONVERT(DATE,'15-02-2022',105),NULL),
('FR263097337494WTJNN9YCWBB79',177,'Quo Lux',3,0,CONVERT(DATE,'23-05-2021',105),CONVERT(DATE,'17-02-2022',105)),
('FR554239335295BIZEUWV3CFF55',177,'Andalax',1,0,CONVERT(DATE,'13-12-2021',105),NULL),
('ME47023169616824130549',178,'Aerified',1,0,CONVERT(DATE,'20-10-2021',105),NULL),
('FR984154852590FLGU1CSXJNA08',178,'Redhold',1,0,CONVERT(DATE,'10-11-2021',105),NULL),
('MK607269Y52K7L4HG42',179,'Bitwolf',1,0,CONVERT(DATE,'07-05-2022',105),NULL),
('DK1296358774419108',179,'Voyatouch',1,0,CONVERT(DATE,'01-01-2021',105),NULL),
('MT96UJMO84351ISUKDQAC1BVUSET7YZ',179,'Stim',3,0,CONVERT(DATE,'14-02-2021',105),NULL),
('FR067220098632VIHYMPBGS8E97',180,'It',1,0,CONVERT(DATE,'23-06-2021',105),CONVERT(DATE,'16-09-2022',105)),
('DK2114195689978254',180,'Sub-Ex',4,0,CONVERT(DATE,'22-04-2022',105),NULL),
('DE14729572230611752366',180,'Home Ing',1,0,CONVERT(DATE,'09-12-2021',105),NULL),
('LI2942803QDOD3E000JXV',181,'Tempsoft',1,0,CONVERT(DATE,'03-11-2021',105),CONVERT(DATE,'28-02-2022',105)),
('FR746574562519JBFAYYCZ5KX70',181,'Pannier',3,0,CONVERT(DATE,'05-08-2021',105),NULL),
('FR553701618541DD6XFVKOG0J19',182,'Bytecard',1,0,CONVERT(DATE,'24-08-2021',105),NULL),
('LB941675UDL4DF8O5J2L71XJLEFK',183,'Prodder',3,0,CONVERT(DATE,'20-05-2022',105),NULL),
('GI75AYZZSTSK4O602XYWK5Y',184,'Bytecard',1,0,CONVERT(DATE,'13-05-2022',105),NULL),
('BG40TPDR774015VYLUI0BM',184,'Trippledex',4,0,CONVERT(DATE,'11-08-2021',105),CONVERT(DATE,'04-12-2021',105)),
('GR610161458JIHV88MPLUUKPWJ5',185,'Zathin',4,0,CONVERT(DATE,'13-12-2021',105),NULL),
('SK8004144805657907594151',185,'Bitchip',1,0,CONVERT(DATE,'06-05-2022',105),NULL),
('NL16YIIT3067429023',186,'Y-Solowarm',1,0,CONVERT(DATE,'19-05-2021',105),NULL),
('FR303288991256XXMQKCMLZAD26',187,'Job',3,0,CONVERT(DATE,'15-03-2022',105),CONVERT(DATE,'05-10-2022',105)),
('HR2684646346109894181',188,'Sonair',3,0,CONVERT(DATE,'16-05-2021',105),NULL),
('ME29934419048456282390',189,'Veribet',3,0,CONVERT(DATE,'11-02-2022',105),NULL),
('ES6345491053851602647405',189,'Sonsing',4,0,CONVERT(DATE,'12-08-2021',105),CONVERT(DATE,'22-03-2022',105)),
('FO0906938323937245',189,'Alphazap',3,0,CONVERT(DATE,'16-11-2021',105),NULL),
('ES1439225274313147027314',190,'Sonsing',3,0,CONVERT(DATE,'30-10-2021',105),NULL),
('AT671585863609047907',190,'Alphazap',1,0,CONVERT(DATE,'14-03-2022',105),NULL),
('SA5545H45I8QO6OZPKC1AJ1H',190,'Tin',1,0,CONVERT(DATE,'23-03-2021',105),NULL),
('BG60XTTX845800OI22AMHG',191,'Bigtax',1,0,CONVERT(DATE,'03-12-2021',105),CONVERT(DATE,'03-03-2022',105)),
('PS73OBEGHFSEYBLYFMH8L3QPGVQC9',192,'Regrant',1,0,CONVERT(DATE,'02-09-2021',105),NULL),
('MK238558E9MGV3EF749',192,'Zontrax',1,0,CONVERT(DATE,'11-02-2021',105),NULL),
('IT56S7325864523V7YMRWOSUY1J',192,'Trippledex',1,0,CONVERT(DATE,'27-04-2021',105),NULL),
('KW34WPWJBK15F3I0MTKUOEIJI89LLT',193,'Keylex',1,0,CONVERT(DATE,'28-04-2021',105),NULL),
('SK4311453993730578618418',193,'Bamity',1,0,CONVERT(DATE,'22-05-2022',105),NULL),
('CY5122402135SHM0H4LXR6ZNAKUI',194,'Y-find',2,0,CONVERT(DATE,'12-02-2021',105),NULL),
('GE05PJ4309768640882233',194,'It',1,0,CONVERT(DATE,'12-03-2022',105),NULL),
('PS81ZQCHDLD7M5SDZUWZNKSYSTCMO',195,'Alpha',3,0,CONVERT(DATE,'18-06-2021',105),NULL),
('AD0357942949XKSMVLBOOIBA',195,'Alpha',1,0,CONVERT(DATE,'23-08-2021',105),NULL),
('SE4479248889724865310316',196,'Span',3,0,CONVERT(DATE,'04-03-2022',105),NULL),
('SA6793YOGHIU7ALTAZLFWAKU',197,'Aerified',3,0,CONVERT(DATE,'18-01-2021',105),NULL),
('AD6546708196DCNFM1FYRYWR',197,'Konklab',1,0,CONVERT(DATE,'12-05-2021',105),NULL),
('PK96UAFUYAA6NVVXOQDYXM6R',198,'Holdlamis',3,0,CONVERT(DATE,'15-11-2021',105),NULL),
('AT406845176291948939',199,'Bitchip',2,0,CONVERT(DATE,'05-03-2021',105),CONVERT(DATE,'05-08-2022',105)),
('BH72VEUO4WGT154P1GOGKD',199,'Matsoft',1,0,CONVERT(DATE,'09-12-2021',105),NULL),
('BE78314242337572',200,'Hatity',1,0,CONVERT(DATE,'23-06-2021',105),NULL),
('SE2575710596688421800564',200,'Asoka',3,0,CONVERT(DATE,'26-07-2021',105),NULL),
('RS34859514741464869106',200,'Lotlux',1,0,CONVERT(DATE,'20-03-2021',105),NULL),
('MT81YCZR60394SJQRWKMUNVEAIDXKPA',201,'Tampflex',3,0,CONVERT(DATE,'12-02-2021',105),CONVERT(DATE,'02-07-2021',105)),
('FR1543277896585ZIK0CSQLQV29',202,'Stim',1,0,CONVERT(DATE,'23-03-2022',105),NULL),
('FR521761738278VD4WOODAQLA67',203,'Stronghold',3,0,CONVERT(DATE,'08-12-2021',105),NULL),
('AZ73BFASXO7TAC1SDXQLYB2RTNGJ',204,'Keylex',3,0,CONVERT(DATE,'16-11-2021',105),NULL),
('SI27477425351749407',204,'Biodex',2,0,CONVERT(DATE,'04-03-2021',105),NULL),
('FR162511973191FEJLUSCLSYA55',205,'Fintone',1,0,CONVERT(DATE,'13-12-2021',105),CONVERT(DATE,'12-09-2022',105)),
('AT312563855247280428',205,'Tres-Zap',3,0,CONVERT(DATE,'22-03-2021',105),NULL),
('FR0871364849612TYD80JXEME62',205,'Prodder',1,0,CONVERT(DATE,'14-05-2021',105),NULL),
('FR936121328389LQQGOASLWT796',206,'Temp',1,0,CONVERT(DATE,'08-04-2022',105),NULL),
('NL57TYWJ4684226641',207,'Mat Lam Tam',3,0,CONVERT(DATE,'27-10-2021',105),CONVERT(DATE,'07-08-2022',105)),
('NO1086289381692',208,'Biodex',4,0,CONVERT(DATE,'22-10-2021',105),NULL),
('IL489787960417879635203',209,'Fixflex',1,0,CONVERT(DATE,'11-05-2021',105),CONVERT(DATE,'12-02-2022',105)),
('AD9785172221O1G3LAZ3EHAY',210,'Job',1,0,CONVERT(DATE,'26-03-2022',105),NULL),
('EE853716562864970222',211,'Bigtax',2,0,CONVERT(DATE,'28-07-2021',105),NULL),
('FR957095196666WZCFKX7UIOC49',211,'Greenlam',4,0,CONVERT(DATE,'21-02-2021',105),NULL),
('MT69HUPA88465GU9WRY2OMXLZEBAK28',212,'Tampflex',3,0,CONVERT(DATE,'17-03-2021',105),NULL),
('FR1177144071868EIO0XBPAQH30',212,'Home Ing',3,0,CONVERT(DATE,'23-11-2021',105),NULL),
('DE02655198100986171775',213,'Transcof',1,0,CONVERT(DATE,'05-05-2022',105),NULL),
('SA3042VLBFLEND4YGUQOFAGX',214,'Ventosanzap',1,0,CONVERT(DATE,'02-10-2021',105),NULL),
('LT515349342197999350',214,'Daltfresh',3,0,CONVERT(DATE,'13-12-2021',105),NULL),
('GB76IQCB97160799774998',215,'Y-find',1,0,CONVERT(DATE,'21-08-2021',105),CONVERT(DATE,'27-11-2022',105)),
('PS02JZSFMNUORGS30HF7NQVLWYEHP',216,'Keylex',1,0,CONVERT(DATE,'05-05-2021',105),CONVERT(DATE,'10-06-2022',105)),
('PK16JVLT9WUDT2GTNRJXDCWX',217,'Job',3,0,CONVERT(DATE,'09-07-2021',105),NULL),
('BR6719619074764247260759846PC',217,'Konklux',4,0,CONVERT(DATE,'05-06-2021',105),NULL),
('IE64VVRQ32687269365888',217,'Overhold',1,0,CONVERT(DATE,'26-03-2021',105),NULL),
('PT96360701922156082244556',218,'Aerified',3,0,CONVERT(DATE,'12-05-2021',105),CONVERT(DATE,'09-02-2022',105)),
('SA8805TF9YHK68JRJYE64GMK',219,'Job',1,0,CONVERT(DATE,'23-04-2022',105),NULL),
('BR0310713915481509546647092WZ',219,'Sonair',2,0,CONVERT(DATE,'03-12-2021',105),NULL),
('IL563665854804309369837',220,'Overhold',3,0,CONVERT(DATE,'02-03-2021',105),NULL),
('PT54876113908975191283835',221,'Zathin',1,0,CONVERT(DATE,'03-05-2021',105),NULL),
('MK34727GCD89ZBFDW30',222,'Trippledex',1,0,CONVERT(DATE,'21-03-2022',105),NULL),
('FR052117707973ENFZR7TSHFB68',223,'Voltsillam',1,0,CONVERT(DATE,'14-09-2021',105),NULL),
('FR266343225064PCVUZ6NADSB73',224,'Greenlam',4,0,CONVERT(DATE,'12-10-2021',105),NULL),
('TN2192558651311039733353',225,'Solarbreeze',3,0,CONVERT(DATE,'29-01-2022',105),NULL),
('CZ4646558313350058759499',226,'Gembucket',1,0,CONVERT(DATE,'22-12-2021',105),NULL),
('BA975439577438062611',227,'Pannier',1,0,CONVERT(DATE,'03-12-2021',105),NULL),
('FR972388823743M5JPHUZ8VN953',227,'Lotlux',1,0,CONVERT(DATE,'06-10-2021',105),NULL),
('VG31PSVD3306916511040551',228,'Greenlam',3,0,CONVERT(DATE,'30-09-2021',105),NULL),
('CY32592408595KQLQUM1CG60C779',229,'Fintone',3,0,CONVERT(DATE,'15-04-2021',105),NULL),
('AL0632649694SYHHMSPXSYAET4R2',230,'Stim',1,0,CONVERT(DATE,'19-01-2022',105),NULL),
('LU40354T9JDUQ2D13TJD',231,'Tres-Zap',1,0,CONVERT(DATE,'16-04-2021',105),NULL),
('IE72QVSZ87136645799851',232,'Solarbreeze',3,0,CONVERT(DATE,'10-09-2021',105),NULL),
('FR380744423606NAPDXC8TKRV13',233,'Bamity',3,0,CONVERT(DATE,'16-04-2021',105),NULL),
('MU31UEWC1168158191908027236MKS',233,'Voltsillam',3,0,CONVERT(DATE,'24-04-2021',105),CONVERT(DATE,'02-05-2022',105)),
('CH6569821IBPATSHZIOIH',234,'Stronghold',1,0,CONVERT(DATE,'16-03-2022',105),NULL),
('FR273037025062NQTUZGL8HIC68',235,'Y-Solowarm',3,0,CONVERT(DATE,'02-10-2021',105),NULL),
('AD9218574272NDERR6HYZMER',235,'Gembucket',1,0,CONVERT(DATE,'16-05-2021',105),NULL),
('DE40064213356819991051',236,'Pannier',1,0,CONVERT(DATE,'12-05-2021',105),NULL),
('FR637609456526U9RDEVHO5CB69',237,'Vagram',1,0,CONVERT(DATE,'02-05-2021',105),NULL),
('AE595235723883635853522',238,'Subin',1,0,CONVERT(DATE,'07-02-2022',105),NULL),
('RS23635468475653514503',238,'Transcof',3,0,CONVERT(DATE,'12-11-2021',105),NULL),
('BH68VDGEO3AQYIO5773CF6',239,'Tresom',1,0,CONVERT(DATE,'12-02-2021',105),NULL),
('GR398289153L5EKN5JL8GVUGQ9D',240,'Veribet',1,0,CONVERT(DATE,'06-02-2022',105),NULL),
('FR912313790044NAWFTQTOP3742',241,'Bamity',1,0,CONVERT(DATE,'27-05-2021',105),NULL),
('DE77222806807739559532',242,'Alpha',1,0,CONVERT(DATE,'20-01-2022',105),NULL),
('FR569310056713SC8KZOLNQYJ12',242,'Pannier',3,0,CONVERT(DATE,'03-10-2021',105),NULL),
('FR8950951953808OSTKJGGULZ02',243,'Bytecard',1,0,CONVERT(DATE,'18-11-2021',105),NULL),
('FR269578997927ZXUFJFD0UIZ87',243,'Stronghold',1,0,CONVERT(DATE,'04-09-2021',105),NULL),
('SM67I59744507953ATHJ7DUIE9D',244,'Bamity',1,0,CONVERT(DATE,'03-07-2021',105),CONVERT(DATE,'27-11-2021',105)),
('LV85LQVR5CYMZNTJEAENO',245,'Domainer',1,0,CONVERT(DATE,'09-03-2022',105),NULL),
('FR9236728895752YBZZQ60JCF08',245,'Flowdesk',4,0,CONVERT(DATE,'06-05-2022',105),NULL),
('VG35WZDA4882933705963825',246,'Otcom',3,0,CONVERT(DATE,'16-01-2021',105),NULL),
('FI5111950414945047',246,'Tempsoft',3,0,CONVERT(DATE,'14-05-2022',105),NULL),
('FR156859604172LTRQ0ETNXXL69',247,'Fintone',3,0,CONVERT(DATE,'07-02-2022',105),CONVERT(DATE,'29-11-2022',105)),
('FR980951897243NIURNICRP1L79',247,'Home Ing',1,0,CONVERT(DATE,'26-07-2021',105),NULL),
('CZ5240340767680109789049',247,'Temp',1,0,CONVERT(DATE,'20-08-2021',105),CONVERT(DATE,'18-08-2022',105)),
('RS27535419511289380411',248,'Transcof',3,0,CONVERT(DATE,'17-05-2022',105),NULL),
('KZ22464M1ORDJRMKIJGA',249,'Kanlam',3,0,CONVERT(DATE,'22-12-2021',105),NULL),
('PK91LXHIO89K2LVOSOZPAQWO',249,'Tampflex',1,0,CONVERT(DATE,'26-03-2022',105),NULL),
('MR2233184551320834197541398',249,'Subin',3,0,CONVERT(DATE,'08-07-2021',105),NULL),
('SI90561448213410524',250,'Alphazap',3,0,CONVERT(DATE,'22-02-2021',105),CONVERT(DATE,'24-08-2021',105))

INSERT INTO [Preferences] VALUES
(1,'AD9413090105NCMC3VM1EDKD',0),
(2,'CY9215826814N5WF0EAUVLRJNYEP',0),
(3,'IS467634787117169699889043',1),
(4,'PT07106690676316508649610',1),
(5,'FR45266161274652TMVIVPQ5L01',1),
(6,'LT696654847411372478',1),
(7,'SI97275105530910376',1),
(8,'ES3876567973341776820457',1),
(9,'SM79Q3694121719TOU8ASQA0WSB',1),
(10,'AE953455736311284747558',1),
(11,'FR219161520100MAECISS28QI76',1),
(12,'BH80CEBOTKLJM2BUKX42VF',0),
(13,'FR815550418281TQ84CJY8Q0X83',1),
(14,'SM83P90892886318JNTNUYDHWF0',1),
(15,'LV27TOASEFYALHPH5RNMJ',1),
(16,'AL8021214616W9VCCKPNSEDHIGBK',1),
(17,'IL757842282767511621870',1),
(18,'FR023968166162QFMI9LTRFYP13',1),
(19,'ME70575675621862483580',0),
(20,'HU78408361769375686963905817',1),
(21,'SI14540525320707650',1),
(22,'IS928892874631938551679674',1),
(23,'AE208442104089089423018',1),
(24,'FR794576365824OBDHH9XQU3Z48',1),
(25,'MD02BZL3BAJBVBOSVTVUCZLH',1),
(26,'MK76101XO6RF8MT6N44',1),
(27,'PL48063123299606189735634665',1),
(28,'LI94577706TCILDNRABOC',1),
(29,'ES7295078258162113141744',1),
(30,'BG13JEIC509423NAXUKOLW',1),
(31,'NO8650701288944',0),
(32,'ME06010270545643065544',1),
(33,'NO2855437598422',1),
(34,'LI2033561S5WMFJ5ZBQZX',1),
(35,'FR6770020963208J1UCIEIWYZ93',1),
(36,'RO38TDIXDHGRSSBIIEBSAHNZ',1),
(37,'KW60GHNXNSHUOVNJSBVP2SQ00JCM0P',1),
(38,'HR2750206937399363641',1),
(39,'LI6447144YSY4Z7BZZZRK',1),
(40,'FR9782327987451AYUC37U0EF51',0),
(41,'SI74825760997584571',1),
(42,'MC574513984017FXNQQKOYBLQ33',1),
(43,'CH584827884PGVRUBCRFO',1),
(44,'FR415369337789HNEDLEYCLTX34',0),
(45,'PT32784241761371374262171',1),
(46,'FR555370117262M8MHCS4TW0778',1),
(47,'TN5478612701002964205356',1),
(48,'KW82KSFYM4YY93ESZGLAMCNATMMBIG',1),
(49,'PL89877171017396818184443026',0),
(50,'FR695430719047MSWFWEIHCAO18',1),
(51,'SM04O2872816220NX2CRTU1F91Z',1),
(52,'FR2505908882660FTQILUB4R861',1),
(53,'CY8714298070SW8FV1GLHBWSTKYO',0),
(54,'FR433271943275Q7IKGEEUQOE62',0),
(55,'KZ57817DZXUEGJAWDPRF',1),
(56,'PT76725017952203419820774',1),
(57,'MK88922HU8SSC0WM810',1),
(58,'CH1618474PWEBI8QAGREI',1),
(59,'SE0410756440958840317925',0),
(60,'FR1549583566069TR1N2XWOYX34',1),
(61,'FR3481428835649QEVERDZJYP38',0),
(62,'LI9457531A6YJLWIJKNSQ',1),
(63,'GI83NEWZEVPW4UU7XMWZ0HZ',0),
(64,'IE51AAOQ21828404077999',1),
(65,'BE14175804407331',0),
(66,'TR0759790QLUOZUYZBIF6LUMC0',1),
(67,'LB112232GXFEIRUSUKN8WRUCRGQM',1),
(68,'LB64197862DLT0DLQ7H8HKJHW7CI',1),
(69,'EE386688945979336861',1),
(70,'GT83QMU2BFPVMOYQBSZ9SLMMIWW3',1),
(71,'FR5041164036327DMV1CRBHOK58',1),
(72,'GR665961948ADBSX9QJRLACNGCS',1),
(73,'BA930876333848218316',0),
(74,'FR5013365821287GQMMDD6OLU83',1),
(75,'IT95C5136669136DOMHUVNPWXL1',1),
(76,'AT226036253155779986',1),
(77,'DO65YOCL31275685388452922839',1),
(78,'KW59IMZAU6XRJDDOMKHUQXXXQNGYBX',1),
(79,'PL02388355872187260826304548',1),
(80,'LI9802427CPUSD02PMERA',1),
(81,'MR2368945812321419374551561',1),
(82,'GL5292163970877711',1),
(83,'BG10EWTB1413962P6E6CZJ',1),
(84,'LI9151289N8ADOGNRY7JJ',1),
(85,'FR044345369650K70UZEP1PLB38',0),
(86,'AZ32WDFXIMHARYKZEWVKS5QG5GQ7',1),
(87,'IT92R5558006844U0FADCFZP08W',1),
(88,'TR0242141JKJFDPUYFQ4BG1CHR',1),
(89,'PS04VYBCQPFJWHXPFFNWDRHMH7Z9E',1),
(90,'BR1205660151330024495652954UY',1),
(91,'FR8531903426929BVM9A1DXCW93',1),
(92,'GB48ENOZ97260071015756',1),
(93,'LT686535476410631841',1),
(94,'FR241647887802ACKVGEEEQZM87',0),
(95,'DO692LOA24615275459286419733',1),
(96,'TN9828137049969786960962',1),
(97,'SK9128096539431151563108',1),
(98,'AL33908744009C521XY5QXTPUATG',1),
(99,'ME30014423925934878853',1),
(100,'CZ7501037659587135778487',1),
(101,'IL786557961952878739199',1),
(102,'CH6793171T2FIYUY16UEY',1),
(103,'HR2046564264198251845',1),
(104,'FR618914331395Y2P7V6AEBDG70',1),
(105,'CH40257354COC2G42ATEJ',1),
(106,'LB3423188JABVMUC6GSTMJQWP8DR',0),
(107,'IL930759747392977098228',1),
(108,'SM21J8226711495E7QWVSFSIA8R',1),
(109,'CR5054394223774342612',1),
(110,'IE51HMAU92310220433666',1),
(111,'LB020531YBRENLULG71HLYYHAJFW',1),
(112,'BH89XBHG5UNJQVF7DMBYNQ',1),
(113,'FR852149528972WKYPXKZBV9783',1),
(114,'MD127KRR5IDXVHDKKSBDCYLZ',0),
(115,'IL240866025059159431398',1),
(116,'CY9873342199LFMKFAYXM2EDQHLW',0),
(117,'IL954780099934615738624',1),
(118,'PT79958979704247087374884',1),
(119,'HU68784313704422979806045343',1),
(120,'LT020042583090022848',1),
(121,'IT13H2361404392D7MFDQT0IDVL',1),
(122,'DE24606440803858670949',1),
(123,'SM15Z7626700133IYW0DGUTCR6Q',1),
(124,'CR4377281577857817397',1),
(125,'MK41477DOYFWAI1W659',0),
(126,'MT29TBTL85012OVGSQ22YFNLREHDKPT',1),
(127,'SI24995381014793617',1),
(128,'DK5795947186416720',0),
(129,'LT072751014736594693',1),
(130,'MR3684476395740706147116764',0),
(131,'FR5894022872945ACYX887VOH23',1),
(132,'PT13236191257141033561499',1),
(133,'GB40XYTB95618940277915',1),
(134,'FR828083090168ET6ILTDQURN59',0),
(135,'FO5917849755420235',0),
(136,'RO30KCWCK6YFATZUPK1JDJSU',1),
(137,'RO13UPSSRHMVA84JH0TPPTVX',1),
(138,'TR7857618UXWCWBI4V4IUMMBD5',1),
(139,'BH28EQZSLZB0CFICEYOZHW',1),
(140,'IL706407341573205473112',1),
(141,'MD62NVLXRWUOQ1BVDGBQ1HOW',1),
(142,'CH0777012CHPF0RNYLH5D',1),
(143,'SA95663L8AYYQFUGNYDUDYGY',1),
(144,'FR718643467428HIJYLT8CYGQ82',0),
(145,'PK52YQMIKKNXKJTPECSBKECZ',1),
(146,'RO24FUJYCNJEVRWWMVTOBVYT',1),
(147,'HU58313167784880213722880914',1),
(148,'FR823591936920GRRQXKU19RZ41',0),
(149,'LV70QKFNXIINGQFGQWTS8',1),
(150,'AT656820572156158682',1),
(151,'DO09YBQL07479057498667250098',1),
(152,'LI9371923OXAYHIGPTSWF',1),
(153,'CH9064317NC6X7QUDMO5B',1),
(154,'AZ66GLLCMWGFFSKTDRD2WLKPHLEU',1),
(155,'PT49707589011545865450544',0),
(156,'DK2320762204856596',1),
(157,'CY95098509140KUMVLON9VLJIQD8',1),
(158,'KZ5999506HVXYZY3JUJI',1),
(159,'AT678813955725840852',1),
(160,'MU31ZXVS5616427840984886555RWZ',1),
(161,'AZ64HEGTJCSUZBLP4MODQD5TXA2Y',1),
(162,'SA82871FSUT7YMRSB9HYZFRQ',1),
(163,'HU15831059445261419254720391',1),
(164,'FR236631003080GIYTWDCWVFH78',1),
(165,'SA3362YUBLXWH0QPSXXHHUFK',1),
(166,'ES4028147503081363996112',1),
(167,'LV98EVGAVWCBKYEZOLKU9',0),
(168,'LV55XFBII6FKFXSK3PXAU',0),
(169,'ME65998433026079128554',1),
(170,'FR938173448585BAIZQZ14X8G91',1),
(171,'BH97ABMEE8WLEVCLROPPPE',1),
(172,'SI14376102936075049',1),
(173,'HU90888651622857489620287790',1),
(174,'CR3363379287437459602',1),
(175,'FR9031821508967Z4A0EKZ0F802',1),
(176,'AZ82SJGCNRR6QR1HB8PBWOX5UT7D',1),
(177,'FR263097337494WTJNN9YCWBB79',1),
(178,'FR984154852590FLGU1CSXJNA08',1),
(179,'DK1296358774419108',1),
(180,'DE14729572230611752366',1),
(181,'LI2942803QDOD3E000JXV',1),
(182,'FR553701618541DD6XFVKOG0J19',1),
(183,'LB941675UDL4DF8O5J2L71XJLEFK',1),
(184,'GI75AYZZSTSK4O602XYWK5Y',1),
(185,'GR610161458JIHV88MPLUUKPWJ5',1),
(186,'NL16YIIT3067429023',1),
(187,'FR303288991256XXMQKCMLZAD26',1),
(188,'HR2684646346109894181',1),
(189,'FO0906938323937245',1),
(190,'ES1439225274313147027314',1),
(191,'BG60XTTX845800OI22AMHG',0),
(192,'PS73OBEGHFSEYBLYFMH8L3QPGVQC9',1),
(193,'SK4311453993730578618418',1),
(194,'GE05PJ4309768640882233',1),
(195,'PS81ZQCHDLD7M5SDZUWZNKSYSTCMO',0),
(196,'SE4479248889724865310316',0),
(197,'SA6793YOGHIU7ALTAZLFWAKU',1),
(198,'PK96UAFUYAA6NVVXOQDYXM6R',0),
(199,'AT406845176291948939',1),
(200,'SE2575710596688421800564',1),
(201,'MT81YCZR60394SJQRWKMUNVEAIDXKPA',1),
(202,'FR1543277896585ZIK0CSQLQV29',0),
(203,'FR521761738278VD4WOODAQLA67',0),
(204,'SI27477425351749407',1),
(205,'AT312563855247280428',1),
(206,'FR936121328389LQQGOASLWT796',1),
(207,'NL57TYWJ4684226641',1),
(208,'NO1086289381692',1),
(209,'IL489787960417879635203',1),
(210,'AD9785172221O1G3LAZ3EHAY',1),
(211,'FR957095196666WZCFKX7UIOC49',1),
(212,'FR1177144071868EIO0XBPAQH30',1),
(213,'DE02655198100986171775',0),
(214,'SA3042VLBFLEND4YGUQOFAGX',1),
(215,'GB76IQCB97160799774998',1),
(216,'PS02JZSFMNUORGS30HF7NQVLWYEHP',1),
(217,'IE64VVRQ32687269365888',1),
(218,'PT96360701922156082244556',1),
(219,'SA8805TF9YHK68JRJYE64GMK',1),
(220,'IL563665854804309369837',1),
(221,'PT54876113908975191283835',0),
(222,'MK34727GCD89ZBFDW30',1),
(223,'FR052117707973ENFZR7TSHFB68',1),
(224,'FR266343225064PCVUZ6NADSB73',1),
(225,'TN2192558651311039733353',1),
(226,'CZ4646558313350058759499',1),
(227,'BA975439577438062611',1),
(228,'VG31PSVD3306916511040551',1),
(229,'CY32592408595KQLQUM1CG60C779',1),
(230,'AL0632649694SYHHMSPXSYAET4R2',1),
(231,'LU40354T9JDUQ2D13TJD',1),
(232,'IE72QVSZ87136645799851',1),
(233,'MU31UEWC1168158191908027236MKS',1),
(234,'CH6569821IBPATSHZIOIH',1),
(235,'FR273037025062NQTUZGL8HIC68',1),
(236,'DE40064213356819991051',1),
(237,'FR637609456526U9RDEVHO5CB69',1),
(238,'RS23635468475653514503',1),
(239,'BH68VDGEO3AQYIO5773CF6',1),
(240,'GR398289153L5EKN5JL8GVUGQ9D',1),
(241,'FR912313790044NAWFTQTOP3742',1),
(242,'FR569310056713SC8KZOLNQYJ12',1),
(243,'FR8950951953808OSTKJGGULZ02',1),
(244,'SM67I59744507953ATHJ7DUIE9D',1),
(245,'LV85LQVR5CYMZNTJEAENO',1),
(246,'FI5111950414945047',1),
(247,'CZ5240340767680109789049',1),
(248,'RS27535419511289380411',0),
(249,'KZ22464M1ORDJRMKIJGA',1),
(250,'SI90561448213410524',1)

INSERT INTO [Cards] VALUES
('3553394739569566','AD9413090105NCMC3VM1EDKD',0,'4801'),
('5108759701882616','AD9413090105NCMC3VM1EDKD',0,'3395'),
('5610448283291799','AD9413090105NCMC3VM1EDKD',0,'7989'),
('6767194131657216','CY9215826814N5WF0EAUVLRJNYEP',0,'7879'),
('490512906359513746','IS467634787117169699889043',0,'5203'),
('67629884540120505','CY12037553938HANCACNARCJXUQ2',0,'8448'),
('5602214913961221','PT07106690676316508649610',0,'6919'),
('3585389241553134','FR45266161274652TMVIVPQ5L01',0,'0603'),
('3553021434179678','FR45266161274652TMVIVPQ5L01',0,'4605'),
('3539594910319199','LT696654847411372478',0,'1577'),
('060487097042830945','SI97275105530910376',0,'0152'),
('4913496706825070','ES3876567973341776820457',0,'0855'),
('503842127260007436','PT29499781625205195427425',0,'3504'),
('3549364286215787','SM79Q3694121719TOU8ASQA0WSB',0,'9663'),
('3551717138112475','SM79Q3694121719TOU8ASQA0WSB',0,'2723'),
('3560851130210885','AE953455736311284747558',0,'6213'),
('3532729689299365','FR1502944963172WZYK2TOUP756',0,'9346'),
('5144878953176703','FR219161520100MAECISS28QI76',0,'2092'),
('374283710655978','FR219161520100MAECISS28QI76',0,'8808'),
('6304186574414609735','FI2219198455116224',0,'6155'),
('3543227276454094','FI2219198455116224',0,'4291'),
('4936136691960130197','BH80CEBOTKLJM2BUKX42VF',0,'8056'),
('3556692059098273','FR980228933378SS3VLX9UACU28',0,'1172'),
('3534778381727627','FR815550418281TQ84CJY8Q0X83',0,'4732'),
('3574671817835992','SM83P90892886318JNTNUYDHWF0',0,'1827'),
('36991258804572','GL5255650205989485',0,'5430'),
('3567884420394112','KW85AYMHPBVBCVXTBEXRORUCADITVV',0,'0597'),
('3550002078422221','LV27TOASEFYALHPH5RNMJ',0,'4318'),
('201460557761601','LV27TOASEFYALHPH5RNMJ',0,'1741'),
('6759278077429969','AL8021214616W9VCCKPNSEDHIGBK',0,'4562'),
('201694443691883','IL757842282767511621870',0,'4955'),
('0604208558230577674','IL757842282767511621870',0,'2829'),
('3545214934208144','IL757842282767511621870',0,'7445'),
('3574144298800935','IL757842282767511621870',0,'4345'),
('4913940061704347','CR5710841972545014452',0,'4346'),
('3581054556496048','KZ10710KAXRKBV4ETOSD',0,'8410'),
('3557574175422240','KZ10710KAXRKBV4ETOSD',0,'8478'),
('3581209164061929','KZ10710KAXRKBV4ETOSD',0,'6747'),
('3550949620549275','KZ10710KAXRKBV4ETOSD',0,'8494'),
('3539415381991003','FR023968166162QFMI9LTRFYP13',0,'4234'),
('4844992399530799','ME70575675621862483580',0,'8902'),
('3529472894383931','HU78408361769375686963905817',0,'3737'),
('5038740113738278','FR866323816569TBEYXL0UTTS96',0,'4151'),
('5002352740179686','BG38CTRP707888CHJO8ZXK',0,'3206'),
('3549323678371269','BG38CTRP707888CHJO8ZXK',0,'9203'),
('5602239865489699','SI14540525320707650',0,'1830'),
('6331107991319781','PK06PYDX9IKDYX2W6BCBMLX1',0,'2272'),
('6759479480860507','PK06PYDX9IKDYX2W6BCBMLX1',0,'0118'),
('3577792074504605','MC252479540832T14TYUTCAJX17',0,'8340'),
('3560778843290989','IS928892874631938551679674',0,'7497'),
('5602252148308313402','PL43281800397501597971052578',0,'5188'),
('3564290435393557','AE208442104089089423018',0,'2048'),
('342813972450376','AE208442104089089423018',0,'3490'),
('5038050721609766','FR794576365824OBDHH9XQU3Z48',0,'4923'),
('3552214792903331','MD02BZL3BAJBVBOSVTVUCZLH',0,'2299'),
('3552307858932689','DE42771744757544870860',0,'4253'),
('6759791248221529806','MK76101XO6RF8MT6N44',0,'3735'),
('4175002257416617','FR8885856433902PFBER7MY9W00',0,'7502'),
('3567677630072431','FR8885856433902PFBER7MY9W00',0,'2411'),
('30020475989275','PL48063123299606189735634665',0,'6085'),
('6333260678108171','LI94577706TCILDNRABOC',0,'5313'),
('0604621349629116','LI94577706TCILDNRABOC',0,'2480'),
('493651543509687982','ES7295078258162113141744',0,'9284'),
('3568556781170070','MD730CGGIQL7X7HD8J48NWXZ',0,'6599'),
('4026846817407651','BG13JEIC509423NAXUKOLW',0,'5336'),
('4844799801048777','NO8650701288944',0,'5536'),
('342533470423630','ME06010270545643065544',0,'4185'),
('3564155171648292','ME06010270545643065544',0,'0682'),
('63046335544247343','ME06010270545643065544',0,'7669'),
('30023680009277','MK885706QX8UYFKTF20',0,'8617'),
('5108757155064335','NO2855437598422',0,'0419'),
('3577211324914126','NO2855437598422',0,'6150'),
('3555756025293440','NO2855437598422',0,'4077'),
('503820145758726032','LI2033561S5WMFJ5ZBQZX',0,'8578'),
('3571614843598856','FR6770020963208J1UCIEIWYZ93',0,'7270'),
('3556439484402054','FR664530848066PZS7RTSBPDX82',0,'2196'),
('5137661735748273','RO38TDIXDHGRSSBIIEBSAHNZ',0,'0574'),
('5602228333040291816','FR666537258783X8OMC04VFTC42',0,'8496'),
('676120792052315177','FR666537258783X8OMC04VFTC42',0,'6552'),
('5048371680941778','FR666537258783X8OMC04VFTC42',0,'3152'),
('3563572642250030','FR666537258783X8OMC04VFTC42',0,'0313'),
('3576610069377319','KW60GHNXNSHUOVNJSBVP2SQ00JCM0P',0,'9860'),
('3571643759388101','KW60GHNXNSHUOVNJSBVP2SQ00JCM0P',0,'9282'),
('6304809399264781','KW60GHNXNSHUOVNJSBVP2SQ00JCM0P',0,'5352'),
('201683530275072','HR2750206937399363641',0,'1622'),
('201925489518964','HR2750206937399363641',0,'3936'),
('201884412108924','LI6447144YSY4Z7BZZZRK',0,'8855'),
('4175009407469511','LI6447144YSY4Z7BZZZRK',0,'2552'),
('374283451677330','FR9782327987451AYUC37U0EF51',0,'0394'),
('6767540646214366','FR9782327987451AYUC37U0EF51',0,'4043'),
('3580893207036021','LU51482S5LB0GJSVOYPP',0,'8389'),
('6762997204935219529','SI74825760997584571',0,'7461'),
('5167992862040033','MC574513984017FXNQQKOYBLQ33',0,'2930'),
('560223473112182178','BA038977631439091374',0,'6496'),
('633375903429124944','PL11799872834331665811266572',0,'7858'),
('3529533658167297','CH584827884PGVRUBCRFO',0,'1048'),
('201538989464173','SI16655849116473450',0,'5121'),
('3565287306526876','FR415369337789HNEDLEYCLTX34',0,'6924'),
('3531461412798239','FR262813619748PNCVTCELAXG12',0,'9794'),
('3555815356453765','PT32784241761371374262171',0,'6085'),
('6383086381009391','PT32784241761371374262171',0,'6381'),
('201792371533919','ME97661623675960265882',0,'7897'),
('3581540990708865','FR555370117262M8MHCS4TW0778',0,'9157'),
('6331109900208395990','TN5478612701002964205356',0,'6092'),
('3547490595785665','KW82KSFYM4YY93ESZGLAMCNATMMBIG',0,'7166'),
('3559732301846942','PL89877171017396818184443026',0,'4492'),
('3564063436844377','PL89877171017396818184443026',0,'1308'),
('5100146712035293','PL89877171017396818184443026',0,'9269'),
('30549324439546','GR560395974CG6TT9ZR8OFADHFE',0,'8956'),
('5610217921553807','GR560395974CG6TT9ZR8OFADHFE',0,'3530'),
('3573380930667206','FR695430719047MSWFWEIHCAO18',0,'2362'),
('4017953136275818','GL4455269002179975',0,'5678'),
('3541279983379652','SM04O2872816220NX2CRTU1F91Z',0,'4262'),
('3588458889501098','FR2505908882660FTQILUB4R861',0,'4488'),
('201700067098907','CY8714298070SW8FV1GLHBWSTKYO',0,'6367'),
('201935579571104','CY8714298070SW8FV1GLHBWSTKYO',0,'5715'),
('3589510138564696','FR433271943275Q7IKGEEUQOE62',0,'0629'),
('5602244706896720337','KZ57817DZXUEGJAWDPRF',0,'5146'),
('3532938273718587','NL78SXNX5876067470',0,'7675'),
('3540590875582463','PT76725017952203419820774',0,'0959'),
('6384674598254485','SA4941E7VC2BUJG8DVLMIUB9',0,'8666'),
('6331106877678674','MK88922HU8SSC0WM810',0,'7644'),
('5610255888291888','MK88922HU8SSC0WM810',0,'1287'),
('5007668428035360','CH1618474PWEBI8QAGREI',0,'6061'),
('5108750075338087','HU87667080640745192379770387',0,'5519'),
('6767902773326522','SE0410756440958840317925',0,'3376'),
('201489072724521','RO18EUJTUIXL9GMIVTAD47EI',0,'5972'),
('670671603610193954','RO18EUJTUIXL9GMIVTAD47EI',0,'2108'),
('3583578364934657','RO18EUJTUIXL9GMIVTAD47EI',0,'8240'),
('343909198397190','FR1549583566069TR1N2XWOYX34',0,'9039'),
('30058474947456','FR1549583566069TR1N2XWOYX34',0,'8253'),
('6767820027863876966','FR3481428835649QEVERDZJYP38',0,'1286'),
('5641825278050780','FR3481428835649QEVERDZJYP38',0,'0509'),
('201876402720486','DK6058517087729622',0,'6998'),
('6376426678029950','LI9457531A6YJLWIJKNSQ',0,'8090'),
('5602227143912723','NL76JNXX1868440926',0,'0935'),
('3573157562013853','NL76JNXX1868440926',0,'0438'),
('30478020009637','GI83NEWZEVPW4UU7XMWZ0HZ',0,'3705'),
('3585287530211333','MD45BCMPTO0A8JEWCMIMULCR',0,'5949'),
('4903538064476957152','IE51AAOQ21828404077999',0,'1986'),
('5641829108019536','BE14175804407331',0,'5510'),
('6771162572428662052','AL5959600739QLBVKSV5UR8L5MCU',0,'7978'),
('3530438561645065','TR0759790QLUOZUYZBIF6LUMC0',0,'2465'),
('30138132384134','TR0759790QLUOZUYZBIF6LUMC0',0,'3447'),
('3563089009427127','IE42UTTQ67174907923500',0,'6144'),
('3560589707443451','LB112232GXFEIRUSUKN8WRUCRGQM',0,'9380'),
('675986042527240443','LB64197862DLT0DLQ7H8HKJHW7CI',0,'9109'),
('337941412381054','PS08YUQBD0QXSCE7LOYO3WEIIFHOA',0,'1412'),
('5602221562485451','BG96DUOA015893RAOVD5AK',0,'4542'),
('201442223382392','EE386688945979336861',0,'9542'),
('3570797197535920','GT83QMU2BFPVMOYQBSZ9SLMMIWW3',0,'7613'),
('3543194078824561','GT83QMU2BFPVMOYQBSZ9SLMMIWW3',0,'0402'),
('5100135023838404','GT83QMU2BFPVMOYQBSZ9SLMMIWW3',0,'5380'),
('3552367783051690','FR5041164036327DMV1CRBHOK58',0,'1948'),
('4041370464128149','FR836087418377IWU8PVEGDVU13',0,'7034'),
('5018413101912508490','FR836087418377IWU8PVEGDVU13',0,'3318'),
('3536046119918928','FR836087418377IWU8PVEGDVU13',0,'6287'),
('3555556511347084','BH54PCIVYK9ZY4NPXRS8O3',0,'0159'),
('5602244196558536090','GR665961948ADBSX9QJRLACNGCS',0,'0085'),
('337941822931886','BA930876333848218316',0,'4143'),
('6370290067933537','BA930876333848218316',0,'0865'),
('30242870366251','AL0870006466BDDYHJJGOUMQB7A6',0,'7374'),
('3558984929137706','LU70851H7LSUB3GSRLFG',0,'2866'),
('67590346725161592','FR5013365821287GQMMDD6OLU83',0,'3722'),
('3541704430311958','IT95C5136669136DOMHUVNPWXL1',0,'8555'),
('5100172682771758','BH67DBGDTWOO98T1IIB1GE',0,'2091'),
('3561016057060361','BH67DBGDTWOO98T1IIB1GE',0,'3152'),
('374288548540334','AT226036253155779986',0,'8545'),
('3551790106466207','DO65YOCL31275685388452922839',0,'8560'),
('5007664904066359','DO65YOCL31275685388452922839',0,'5908'),
('6392697644882868','DO65YOCL31275685388452922839',0,'4526'),
('3549672342730023','KW59IMZAU6XRJDDOMKHUQXXXQNGYBX',0,'4776'),
('3589641674323286','DO39GE7C12482803957849368595',0,'1931'),
('4405851075872225','PL02388355872187260826304548',0,'4037'),
('3575808837919666','LI9802427CPUSD02PMERA',0,'4609'),
('374288801323436','GR522354528C95EVZDAXCLHWO6W',0,'5794'),
('3540442159744098','GI02OSMLZCVPC3LI6P7EZUF',0,'3774'),
('4936031850983889','GI02OSMLZCVPC3LI6P7EZUF',0,'3315'),
('4508734851113285','MR2368945812321419374551561',0,'1608'),
('372301630023994','MU38SPRZ6561085529865602003KQY',0,'0619'),
('3582258343182402','MU38SPRZ6561085529865602003KQY',0,'8651'),
('3577210518974979','GL5292163970877711',0,'4644'),
('3557124256544072','GL5292163970877711',0,'7944'),
('3556133444573829','BG10EWTB1413962P6E6CZJ',0,'7348'),
('5100171514854535','LI9151289N8ADOGNRY7JJ',0,'1710'),
('4175005092637503','FR044345369650K70UZEP1PLB38',0,'2026'),
('3536857301814422','AE791992291992682614433',0,'1531'),
('3560533611043155','AE791992291992682614433',0,'0609'),
('5602218278991996','AZ32WDFXIMHARYKZEWVKS5QG5GQ7',0,'1921'),
('5602254203535570510','KW22OLNPISJDMT4SNHFR0DSPN5ANKQ',0,'6971'),
('3539066630670524','IT92R5558006844U0FADCFZP08W',0,'0951'),
('6331106450111040559','TR0242141JKJFDPUYFQ4BG1CHR',0,'7614'),
('5406702906298872','TR0242141JKJFDPUYFQ4BG1CHR',0,'4210'),
('3543794715217713','PS04VYBCQPFJWHXPFFNWDRHMH7Z9E',0,'5436'),
('36197795928706','PS04VYBCQPFJWHXPFFNWDRHMH7Z9E',0,'0750'),
('337941748367025','KZ08583RLSRYBXSZMLZ4',0,'8647'),
('3574341136776802','FR654459310157FSFJXHSE1FU24',0,'5450'),
('4936028390064290301','BR1205660151330024495652954UY',0,'3648'),
('3529196226076638','BR1205660151330024495652954UY',0,'4907'),
('3570660567240895','FR8531903426929BVM9A1DXCW93',0,'9346'),
('3572953643603667','FR8531903426929BVM9A1DXCW93',0,'5128'),
('5586602840946812','FR8531903426929BVM9A1DXCW93',0,'1154'),
('5610386012516757','IL864925811367077730271',0,'2204'),
('633110251712443179','LV72XXYBH0G42VAO1QZAS',0,'6978'),
('3555898894129089','GB48ENOZ97260071015756',0,'4967'),
('5048376474635551','GB48ENOZ97260071015756',0,'9082'),
('0604745800328270','LT686535476410631841',0,'6703'),
('5602212368880656','LT686535476410631841',0,'2054'),
('5602247270174442','LT686535476410631841',0,'3261'),
('5038110163419684','LT686535476410631841',0,'1902'),
('4844922553266021','MU79EOTT8963977338902634213BSU',0,'8534'),
('3551441891970884','FR241647887802ACKVGEEEQZM87',0,'1600'),
('3531089295124767','DE87413056918276489411',0,'8984'),
('3539354960643109','DO692LOA24615275459286419733',0,'3390'),
('6304908093085276','TN9828137049969786960962',0,'6433'),
('3573973616285515','SK9128096539431151563108',0,'6414'),
('376208042078316','AL33908744009C521XY5QXTPUATG',0,'7059'),
('3532918720961576','AE236837503028130721519',0,'1405'),
('3561986651645009','AE236837503028130721519',0,'7907'),
('56022521221573505','AE236837503028130721519',0,'8004'),
('6372142424651435','ME30014423925934878853',0,'5854'),
('3566289300276739','CZ7501037659587135778487',0,'1535'),
('3555712824190303','IL786557961952878739199',0,'7154'),
('372301276774066','CH6793171T2FIYUY16UEY',0,'6899'),
('50208359548162556','AL7735553150TGPITLB0SYRDI9PS',0,'7142'),
('3573734051746506','AL7735553150TGPITLB0SYRDI9PS',0,'4593'),
('348550514742902','AL7735553150TGPITLB0SYRDI9PS',0,'2886'),
('3556756284625208','HR2046564264198251845',0,'4901'),
('3528434935236016','LU67780AHKNQAGUVIQCQ',0,'5185'),
('3543693756710794','LU67780AHKNQAGUVIQCQ',0,'0056'),
('337941460841736','DE26201314004591017445',0,'9741'),
('4924094525133','FR618914331395Y2P7V6AEBDG70',0,'0037'),
('3535306234789047','FR880802642577SKWA7FFSOSY93',0,'1431'),
('5602213295387682','CH40257354COC2G42ATEJ',0,'3790'),
('3544735881472078','LB3423188JABVMUC6GSTMJQWP8DR',0,'0724'),
('5100136466129871','IL930759747392977098228',0,'3254'),
('3575551734142020','SM21J8226711495E7QWVSFSIA8R',0,'7558'),
('5290687997575909','SM21J8226711495E7QWVSFSIA8R',0,'4337'),
('503846328185810252','AE669617962979556956338',0,'8608'),
('6380286951644840','CR5054394223774342612',0,'2540'),
('3537072603817029','CZ4978198580333176676814',0,'9081'),
('337941456031631','KZ79698SAMINRDWP0SU3',0,'1066'),
('3539294115597349','IE51HMAU92310220433666',0,'2140'),
('345925527155909','LB020531YBRENLULG71HLYYHAJFW',0,'3494'),
('5489581856353675','BE73412981269660',0,'4524'),
('3528241879383401','BH89XBHG5UNJQVF7DMBYNQ',0,'5634'),
('3565766718930313','FR852149528972WKYPXKZBV9783',0,'0038'),
('201637817749381','FR852149528972WKYPXKZBV9783',0,'0009'),
('5112376173452705','FR852149528972WKYPXKZBV9783',0,'1674'),
('6331100747082383116','MD127KRR5IDXVHDKKSBDCYLZ',0,'2424'),
('3580408888742837','IL240866025059159431398',0,'8308'),
('5100147004086317','IL240866025059159431398',0,'0360'),
('3576049661406996','AD3436784333NJ8STCMDIPRF',0,'3653'),
('3546116859654138','FR355719122719UPWYHQHCWEX12',0,'9462'),
('4508933649001469','FR355719122719UPWYHQHCWEX12',0,'2937'),
('4041591175763656','FR355719122719UPWYHQHCWEX12',0,'8499'),
('5610067228254421','CY9873342199LFMKFAYXM2EDQHLW',0,'8538'),
('3559765878844429','IL954780099934615738624',0,'7502'),
('4041595692673488','PT79958979704247087374884',0,'1442'),
('5010122278903983','SM78N7809963212KRCYTRDYPGBA',0,'4419'),
('5602241383625549','SM78N7809963212KRCYTRDYPGBA',0,'2402'),
('201906897724188','SM78N7809963212KRCYTRDYPGBA',0,'9220'),
('3575587928104996','SM78N7809963212KRCYTRDYPGBA',0,'4578'),
('5610872536450813','HU68784313704422979806045343',0,'7975'),
('4175008933060299','FR545626506435USBYMLJZW4T92',0,'9222'),
('6709747392658693','LT020042583090022848',0,'8840'),
('3571392599113093','IT12D7367339631MYHBUZNQDQFH',0,'1234'),
('3541682108460002','IT13H2361404392D7MFDQT0IDVL',0,'3415'),
('6706517282942280','IT13H2361404392D7MFDQT0IDVL',0,'7596'),
('5602237600029556','IT13H2361404392D7MFDQT0IDVL',0,'4295'),
('3532915747256956','DE24606440803858670949',0,'0157'),
('490535834198647843','CR6208159620834962189',0,'3965'),
('3579848570877271','PL66688800934580256377748627',0,'7792'),
('337941399118552','SM15Z7626700133IYW0DGUTCR6Q',0,'9539'),
('201464450985689','CR4377281577857817397',0,'7723'),
('3559147067805463','CR4377281577857817397',0,'3727'),
('30541970311376','MK41477DOYFWAI1W659',0,'8327'),
('56022197697919900','MT29TBTL85012OVGSQ22YFNLREHDKPT',0,'7402'),
('6393403339013169','BR7237078533304381976578605ED',0,'0158'),
('201897421684594','SI24995381014793617',0,'5223'),
('337941191346898','DK5795947186416720',0,'7752'),
('201871826889165','AT081187867286884882',0,'1878'),
('3568739207341372','AT419337944819836915',0,'6024'),
('3567625567263796','LT072751014736594693',0,'0742'),
('3546505298559595','MR3684476395740706147116764',0,'8026'),
('30393985467417','FR5894022872945ACYX887VOH23',0,'7892'),
('5602259369645018','FR5894022872945ACYX887VOH23',0,'0675'),
('4017953976643471','PT13236191257141033561499',0,'9375'),
('3542161795731263','PK16OVGG5TABA3XNX7GFS7OG',0,'4601'),
('3574851367168305','BG80BGKW2232103ST3GTY6',0,'4331'),
('3532482557940773','GB40XYTB95618940277915',0,'2127'),
('30363130279454','GB40XYTB95618940277915',0,'2929'),
('3543332239210060','GB72MTCS12171466615466',0,'1156'),
('3536871701148885','FR828083090168ET6ILTDQURN59',0,'4397'),
('3535979670682544','FR828083090168ET6ILTDQURN59',0,'6648'),
('30272751883421','GE75WE8521088818461588',0,'5470'),
('50184631578714243','FO5917849755420235',0,'7207'),
('6304947984178421641','FO5917849755420235',0,'9021'),
('5602223816517535','FO5917849755420235',0,'7506'),
('3588711601876176','GR861288206OLQH2DAHVAN1RZMH',0,'4626'),
('3535458708599459','GR861288206OLQH2DAHVAN1RZMH',0,'5357'),
('5108756596938008','RO30KCWCK6YFATZUPK1JDJSU',0,'6537'),
('5602245322302652731','RO13UPSSRHMVA84JH0TPPTVX',0,'5976'),
('201471156238123','RO13UPSSRHMVA84JH0TPPTVX',0,'2105'),
('30593533394787','RO13UPSSRHMVA84JH0TPPTVX',0,'1316'),
('5007662396982240','LI4086518PKMEK1TNNUIG',0,'0936'),
('4913989043105958','NO5707298372619',0,'3951'),
('3574393632639570','NO5707298372619',0,'1305'),
('5602241511548894','NO5707298372619',0,'1559'),
('3532560116478284','TR7857618UXWCWBI4V4IUMMBD5',0,'9911'),
('5602247886487998','BH28EQZSLZB0CFICEYOZHW',0,'1985'),
('5100170422841238','BH28EQZSLZB0CFICEYOZHW',0,'4873'),
('5100170414589449','IS854519170803540031159058',0,'5018'),
('5007663568060773','FR768052907885WGR8C1JBYOU54',0,'1258'),
('4917908874437062','FR768052907885WGR8C1JBYOU54',0,'1999'),
('3528832945382425','IL706407341573205473112',0,'9801'),
('3552407928105017','MD62NVLXRWUOQ1BVDGBQ1HOW',0,'1269'),
('56022552842899359','MD62NVLXRWUOQ1BVDGBQ1HOW',0,'8022'),
('3562871938426796','CH0777012CHPF0RNYLH5D',0,'5906'),
('5410343059293883','FR614281571412VPU8P4TMHZR26',0,'5455'),
('3578666434900506','SA95663L8AYYQFUGNYDUDYGY',0,'4607'),
('630415802112588969','FR718643467428HIJYLT8CYGQ82',0,'9630'),
('3530390298801232','LI7115490UEKKHC5HEOMC',0,'6798'),
('30587739757318','LI7115490UEKKHC5HEOMC',0,'3540'),
('3558152436514375','LI7115490UEKKHC5HEOMC',0,'4220'),
('5007662463671080','LI7115490UEKKHC5HEOMC',0,'6010'),
('3531047221318085','PK52YQMIKKNXKJTPECSBKECZ',0,'8142'),
('630466977812649846','RO24FUJYCNJEVRWWMVTOBVYT',0,'1890'),
('5100130316698391','RO24FUJYCNJEVRWWMVTOBVYT',0,'2582'),
('6706190876729180','RO24FUJYCNJEVRWWMVTOBVYT',0,'4805'),
('3573016604085057','RO24FUJYCNJEVRWWMVTOBVYT',0,'3074'),
('36883221870121','HU58313167784880213722880914',0,'4334'),
('670961789007380152','HU58313167784880213722880914',0,'2332'),
('6385599299408289','HU58313167784880213722880914',0,'1863'),
('3543698021611347','FR823591936920GRRQXKU19RZ41',0,'9866'),
('6381488148018818','GR468571309BMGLC5BMOONSZWQT',0,'1846'),
('3538317776502331','NO7274412447600',0,'5954'),
('3536826050906440','LV70QKFNXIINGQFGQWTS8',0,'3024'),
('6331109721315501','AT656820572156158682',0,'3011'),
('374288887183001','AT656820572156158682',0,'0994'),
('3578353177470910','DO09YBQL07479057498667250098',0,'1625'),
('3534636586048266','MD352HZKLXD7BFBSGKEAUTNZ',0,'0813'),
('3586262122870274','MK2390315VYRI0CKX34',0,'8194'),
('374283878441294','LI9371923OXAYHIGPTSWF',0,'4295'),
('633421013118643727','FR919332503670XLIEN3EAJAP79',0,'6728'),
('6763972705059396','CH9064317NC6X7QUDMO5B',0,'6468'),
('5602251303356596','AZ66GLLCMWGFFSKTDRD2WLKPHLEU',0,'4045'),
('67097230789751506','AZ66GLLCMWGFFSKTDRD2WLKPHLEU',0,'8662'),
('3578105177031666','PT49707589011545865450544',0,'9490'),
('3567950627852317','DK2320762204856596',0,'4433'),
('630400174515878968','DK2320762204856596',0,'9009'),
('5007663874216994','DK2320762204856596',0,'2454'),
('5010124438475639','CY95098509140KUMVLON9VLJIQD8',0,'9291'),
('5010123535243734','IS720835397310571562917668',0,'8149'),
('3566823768463551','KZ5999506HVXYZY3JUJI',0,'9252'),
('3555643814930319','DE88503433710437310817',0,'4168'),
('5269572745814429','AT678813955725840852',0,'4168'),
('3579031528447311','AT678813955725840852',0,'8485'),
('5602220335291444','AT678813955725840852',0,'2041'),
('6374543828470801','MU31ZXVS5616427840984886555RWZ',0,'5489'),
('4891152822522','MU31ZXVS5616427840984886555RWZ',0,'3800'),
('3587009563414289','AZ64HEGTJCSUZBLP4MODQD5TXA2Y',0,'3448'),
('5602221814850775','SA82871FSUT7YMRSB9HYZFRQ',0,'9172'),
('30437030911695','BH58MVVMELSVPCFDSZUQT8',0,'2160'),
('4917363302243338','FR3141806374742YTJQIW8M8V61',0,'0187'),
('633110461488373316','HU15831059445261419254720391',0,'9523'),
('201807471240148','FR236631003080GIYTWDCWVFH78',0,'0461'),
('201466716034327','BE55191200578333',0,'6336'),
('4041592949899248','SA3362YUBLXWH0QPSXXHHUFK',0,'9416'),
('4041591480005009','SA3362YUBLXWH0QPSXXHHUFK',0,'3570'),
('561056291807543623','ES4028147503081363996112',0,'4569'),
('6767340925530751911','KZ64703VA9TXWV1O4CUM',0,'5991'),
('3587954185098582','LV98EVGAVWCBKYEZOLKU9',0,'9537'),
('4017951322870830','LV55XFBII6FKFXSK3PXAU',0,'7537'),
('3574236058941261','FR390919493726CUBB0X2AUQD94',0,'2771'),
('3531499176825913','FR390919493726CUBB0X2AUQD94',0,'7094'),
('3563981450780063','ME65998433026079128554',0,'1515'),
('3539200020844700','FR938173448585BAIZQZ14X8G91',0,'9205'),
('5020740998434993','BH97ABMEE8WLEVCLROPPPE',0,'5565'),
('3528973368519406','SI14376102936075049',0,'9589'),
('675935640797904986','CZ7345444139802983588544',0,'5025'),
('346887149054630','HU90888651622857489620287790',0,'7237'),
('6761073136434134','CR3363379287437459602',0,'7351'),
('201486478168055','SA7921PAVZLGBPQUVNDYCZNY',0,'2151'),
('201780737200703','FR9031821508967Z4A0EKZ0F802',0,'3375'),
('5007668691876706','FR9031821508967Z4A0EKZ0F802',0,'0161'),
('30309602894510','ME17166678628475535698',0,'1704'),
('3574430646269877','AZ82SJGCNRR6QR1HB8PBWOX5UT7D',0,'5115'),
('5146148763553915','AZ82SJGCNRR6QR1HB8PBWOX5UT7D',0,'7219'),
('6763486701335736610','FR263097337494WTJNN9YCWBB79',0,'2438'),
('3577066630990073','FR263097337494WTJNN9YCWBB79',0,'8497'),
('5048372469871707','FR263097337494WTJNN9YCWBB79',0,'7001'),
('3574664327552736','FR554239335295BIZEUWV3CFF55',0,'8660'),
('3546076970759473','FR554239335295BIZEUWV3CFF55',0,'7028'),
('3583004616511474','FR554239335295BIZEUWV3CFF55',0,'2212'),
('5007661759192421','ME47023169616824130549',0,'2921'),
('4970734237886645','FR984154852590FLGU1CSXJNA08',0,'0322'),
('5221151192558784','FR984154852590FLGU1CSXJNA08',0,'5511'),
('3569940716186238','MK607269Y52K7L4HG42',0,'2909'),
('3560594998942898','DK1296358774419108',0,'4967'),
('676222519979772876','MT96UJMO84351ISUKDQAC1BVUSET7YZ',0,'7758'),
('372301690933116','MT96UJMO84351ISUKDQAC1BVUSET7YZ',0,'9472'),
('56022430333252562','FR067220098632VIHYMPBGS8E97',0,'3294'),
('3549108192254905','DK2114195689978254',0,'1381'),
('3546529031304036','DE14729572230611752366',0,'8514'),
('3585479703863566','DE14729572230611752366',0,'6710'),
('3573882586442859','LI2942803QDOD3E000JXV',0,'8152'),
('5509951571829125','FR746574562519JBFAYYCZ5KX70',0,'0343'),
('67622767188193297','FR746574562519JBFAYYCZ5KX70',0,'9376'),
('201898839031204','FR553701618541DD6XFVKOG0J19',0,'7783'),
('5007667859573840','LB941675UDL4DF8O5J2L71XJLEFK',0,'3339'),
('3535505667385492','LB941675UDL4DF8O5J2L71XJLEFK',0,'1125'),
('4917199449935562','LB941675UDL4DF8O5J2L71XJLEFK',0,'3213'),
('3580673753187158','GI75AYZZSTSK4O602XYWK5Y',0,'4098'),
('6391983312754527','BG40TPDR774015VYLUI0BM',0,'0797'),
('3587022624529201','GR610161458JIHV88MPLUUKPWJ5',0,'2202'),
('30108369393462','SK8004144805657907594151',0,'5083'),
('5100175311626657','NL16YIIT3067429023',0,'5161'),
('4026168701358811','FR303288991256XXMQKCMLZAD26',0,'9351'),
('5602231806466985','HR2684646346109894181',0,'2241'),
('30507665619126','ME29934419048456282390',0,'7771'),
('374622254755167','ES6345491053851602647405',0,'5329'),
('6386552051233865','ES6345491053851602647405',0,'8740'),
('4936667853462320','ES6345491053851602647405',0,'4438'),
('3545273067569011','ES6345491053851602647405',0,'5077'),
('3584140514229402','FO0906938323937245',0,'4628'),
('3563045436411696','FO0906938323937245',0,'7210'),
('30338535439838','ES1439225274313147027314',0,'2238'),
('5100142559064207','ES1439225274313147027314',0,'5617'),
('0604041071005273611','AT671585863609047907',0,'3504'),
('4041593122344','SA5545H45I8QO6OZPKC1AJ1H',0,'2796'),
('201972263539170','SA5545H45I8QO6OZPKC1AJ1H',0,'2795'),
('3564856699217243','BG60XTTX845800OI22AMHG',0,'8831'),
('3563876262083138','BG60XTTX845800OI22AMHG',0,'4530'),
('5602258887432917','BG60XTTX845800OI22AMHG',0,'8028'),
('3575024068202711','PS73OBEGHFSEYBLYFMH8L3QPGVQC9',0,'6564'),
('3553078128212686','MK238558E9MGV3EF749',0,'2567'),
('3540449054015490','MK238558E9MGV3EF749',0,'8193'),
('3542513331087511','IT56S7325864523V7YMRWOSUY1J',0,'3448'),
('3533919127479005','IT56S7325864523V7YMRWOSUY1J',0,'3916'),
('3585750022489139','KW34WPWJBK15F3I0MTKUOEIJI89LLT',0,'0206'),
('5602218678696641','SK4311453993730578618418',0,'4405'),
('5479180955914081','SK4311453993730578618418',0,'6833'),
('3529793426069197','CY5122402135SHM0H4LXR6ZNAKUI',0,'8152'),
('3580877745030372','GE05PJ4309768640882233',0,'1730'),
('337941801617381','PS81ZQCHDLD7M5SDZUWZNKSYSTCMO',0,'8080'),
('6767733260832950879','AD0357942949XKSMVLBOOIBA',0,'5712'),
('5534464937243998','SE4479248889724865310316',0,'9617'),
('3585310205153539','SA6793YOGHIU7ALTAZLFWAKU',0,'1172'),
('4903386786073463','SA6793YOGHIU7ALTAZLFWAKU',0,'5771'),
('3576872727760449','AD6546708196DCNFM1FYRYWR',0,'3844'),
('3568688788664829','AD6546708196DCNFM1FYRYWR',0,'2631'),
('3573911343562244','PK96UAFUYAA6NVVXOQDYXM6R',0,'1634'),
('3530393600541413','PK96UAFUYAA6NVVXOQDYXM6R',0,'7128'),
('3558742752333580','AT406845176291948939',0,'8060'),
('4917669978026983','AT406845176291948939',0,'9467'),
('5602243364303971','AT406845176291948939',0,'4393'),
('6706696296765022768','BH72VEUO4WGT154P1GOGKD',0,'1553'),
('3531950922715824','BE78314242337572',0,'8829'),
('67631527148008863','SE2575710596688421800564',0,'1220'),
('3552477545199842','RS34859514741464869106',0,'8301'),
('676361386264687784','MT81YCZR60394SJQRWKMUNVEAIDXKPA',0,'3978'),
('36690731626616','FR1543277896585ZIK0CSQLQV29',0,'0732'),
('374622463716745','FR521761738278VD4WOODAQLA67',0,'1529'),
('201927261126404','AZ73BFASXO7TAC1SDXQLYB2RTNGJ',0,'5745'),
('3569033561741479','AZ73BFASXO7TAC1SDXQLYB2RTNGJ',0,'6698'),
('3575519605762101','AZ73BFASXO7TAC1SDXQLYB2RTNGJ',0,'8116'),
('371585141796251','SI27477425351749407',0,'1862'),
('633400977879960162','FR162511973191FEJLUSCLSYA55',0,'4269'),
('3536108128898077','AT312563855247280428',0,'3945'),
('3567677575743202','FR0871364849612TYD80JXEME62',0,'7640'),
('3541520957231944','FR936121328389LQQGOASLWT796',0,'0287'),
('503800593672470480','FR936121328389LQQGOASLWT796',0,'0825'),
('3576764137500459','NL57TYWJ4684226641',0,'3969'),
('341595365881884','NO1086289381692',0,'4535'),
('3589646107363445','IL489787960417879635203',0,'2690'),
('3563769379492260','IL489787960417879635203',0,'4325'),
('50388690649230690','IL489787960417879635203',0,'5832'),
('5100135658395506','AD9785172221O1G3LAZ3EHAY',0,'3031'),
('6763200761697226','EE853716562864970222',0,'9284'),
('6759219299794517','FR957095196666WZCFKX7UIOC49',0,'4376'),
('4175002363554905','FR957095196666WZCFKX7UIOC49',0,'3382'),
('4913255553549351','FR957095196666WZCFKX7UIOC49',0,'8263'),
('6767827877857082','MT69HUPA88465GU9WRY2OMXLZEBAK28',0,'1660'),
('3547567731135523','FR1177144071868EIO0XBPAQH30',0,'1744'),
('5048376136491690','DE02655198100986171775',0,'3960'),
('30469262367817','SA3042VLBFLEND4YGUQOFAGX',0,'4028'),
('3584628278295957','LT515349342197999350',0,'6587'),
('3571814317357884','GB76IQCB97160799774998',0,'9607'),
('5010120310092344','GB76IQCB97160799774998',0,'4506'),
('30352518363055','PS02JZSFMNUORGS30HF7NQVLWYEHP',0,'0537'),
('67611729706410895','PK16JVLT9WUDT2GTNRJXDCWX',0,'9149'),
('3584103437984610','BR6719619074764247260759846PC',0,'4387'),
('675940856916705939','BR6719619074764247260759846PC',0,'8714'),
('490512837844897032','IE64VVRQ32687269365888',0,'9802'),
('372301279494662','PT96360701922156082244556',0,'6257'),
('3537050793302119','SA8805TF9YHK68JRJYE64GMK',0,'1495'),
('6333981359979097518','BR0310713915481509546647092WZ',0,'7062'),
('3572388363262750','IL563665854804309369837',0,'9785'),
('5048378993480048','PT54876113908975191283835',0,'0963'),
('3579377355297703','PT54876113908975191283835',0,'7500'),
('342438540494852','PT54876113908975191283835',0,'8531'),
('6762881516605159','MK34727GCD89ZBFDW30',0,'7416'),
('6304461132262878','FR052117707973ENFZR7TSHFB68',0,'0107'),
('3582539562603800','FR266343225064PCVUZ6NADSB73',0,'3751'),
('3579837842122855','FR266343225064PCVUZ6NADSB73',0,'2418'),
('5220119512545337','FR266343225064PCVUZ6NADSB73',0,'5743'),
('201407828777338','TN2192558651311039733353',0,'8877'),
('337941914151724','CZ4646558313350058759499',0,'0747'),
('30083460908890','BA975439577438062611',0,'4329'),
('6759171730551302532','FR972388823743M5JPHUZ8VN953',0,'3584'),
('3560656041219275','VG31PSVD3306916511040551',0,'4233'),
('5108752240480935','CY32592408595KQLQUM1CG60C779',0,'2784'),
('3540066317225425','CY32592408595KQLQUM1CG60C779',0,'7109'),
('3544686753119117','CY32592408595KQLQUM1CG60C779',0,'3600'),
('3542083376979915','AL0632649694SYHHMSPXSYAET4R2',0,'3649'),
('3562070516496210','LU40354T9JDUQ2D13TJD',0,'9642'),
('4175007220957761','IE72QVSZ87136645799851',0,'6004'),
('5602229771444508450','IE72QVSZ87136645799851',0,'5392'),
('3557608276398592','IE72QVSZ87136645799851',0,'1812'),
('6771510211345444174','FR380744423606NAPDXC8TKRV13',0,'4097'),
('3529247601509139','MU31UEWC1168158191908027236MKS',0,'7221'),
('6762355853935057','CH6569821IBPATSHZIOIH',0,'5881'),
('3583772372562770','CH6569821IBPATSHZIOIH',0,'1147'),
('3563257295761885','FR273037025062NQTUZGL8HIC68',0,'4822'),
('4017958126609405','AD9218574272NDERR6HYZMER',0,'7258'),
('371478217100832','DE40064213356819991051',0,'6497'),
('3574674846973685','DE40064213356819991051',0,'7426'),
('3542046346225537','FR637609456526U9RDEVHO5CB69',0,'2099'),
('6709547490708980','FR637609456526U9RDEVHO5CB69',0,'7542'),
('3550342781737824','AE595235723883635853522',0,'1785'),
('30250263713823','RS23635468475653514503',0,'4371'),
('503867065155492265','BH68VDGEO3AQYIO5773CF6',0,'0518'),
('6395883628580507','BH68VDGEO3AQYIO5773CF6',0,'7775'),
('3589556676257920','GR398289153L5EKN5JL8GVUGQ9D',0,'8084'),
('3571061771029993','FR912313790044NAWFTQTOP3742',0,'9985'),
('5100145056329478','DE77222806807739559532',0,'1272'),
('3580115543266447','FR569310056713SC8KZOLNQYJ12',0,'7713'),
('6331100471451695','FR8950951953808OSTKJGGULZ02',0,'3280'),
('3563473014654596','FR8950951953808OSTKJGGULZ02',0,'5207'),
('4905426434615041459','FR269578997927ZXUFJFD0UIZ87',0,'3729'),
('5602238818270685','SM67I59744507953ATHJ7DUIE9D',0,'5264'),
('56022434586346873','LV85LQVR5CYMZNTJEAENO',0,'6533'),
('6333245392947061','FR9236728895752YBZZQ60JCF08',0,'3059'),
('3563748289324086','VG35WZDA4882933705963825',0,'5748'),
('3563591453268030','FI5111950414945047',0,'4496'),
('5100179793661174','FI5111950414945047',0,'8968'),
('3529515235448712','FI5111950414945047',0,'5559'),
('3556834589748197','FR156859604172LTRQ0ETNXXL69',0,'6323'),
('347151695078074','FR156859604172LTRQ0ETNXXL69',0,'5860'),
('3528436246068285','FR980951897243NIURNICRP1L79',0,'9327'),
('3536880409955343','FR980951897243NIURNICRP1L79',0,'2223'),
('6761258418333043','CZ5240340767680109789049',0,'6674'),
('3575232728860733','RS27535419511289380411',0,'3217'),
('3565898356604239','RS27535419511289380411',0,'1733'),
('5602243091084732977','KZ22464M1ORDJRMKIJGA',0,'7769'),
('5550115642427743','KZ22464M1ORDJRMKIJGA',0,'7839'),
('5508983801098859','PK91LXHIO89K2LVOSOZPAQWO',0,'3770'),
('4026799844293570','MR2233184551320834197541398',0,'2186'),
('30154537228438','SI90561448213410524',0,'1876'),
('3531018699110411','SI90561448213410524',0,'0442')

INSERT INTO [TransactionCategories] VALUES
(1,'Income'),
(2,'Housing'),
(3,'Home Services'),
(4,'Utilities'),
(5,'Household Items'),
(6,'Food'),
(7,'Transportation'),
(8,'Health'),
(9,'Kids'),
(10,'Pets'),
(11,'Subscriptions'),
(12,'Clothing'),
(13,'Personal Care'),
(14,'Travel'),
(15,'Entertainment'),
(16,'Technology'),
(17,'Charitable Giving'),
(18,'Investing'),
(19,'Debt Payments')

INSERT INTO [Deposits] VALUES
(1,'0604041071005273611',1160,45,CONVERT(DATE,'31-5-2010',105)),
(2,'0604041071005273611',1570,54,CONVERT(DATE,'21-12-2016',105)),
(3,'0604041071005273611',290,82,CONVERT(DATE,'7-8-2016',105)),
(4,'0604041071005273611',1960,2,CONVERT(DATE,'13-4-2010',105)),
(5,'0604041071005273611',2040,60,CONVERT(DATE,'6-12-2017',105)),
(6,'0604621349629116',530,10,CONVERT(DATE,'9-10-2019',105)),
(7,'0604621349629116',1420,44,CONVERT(DATE,'20-6-2014',105)),
(8,'0604621349629116',1830,85,CONVERT(DATE,'16-7-2009',105)),
(9,'0604621349629116',1170,2,CONVERT(DATE,'26-3-2014',105)),
(10,'0604621349629116',1110,54,CONVERT(DATE,'3-7-2019',105)),
(11,'0604745800328270',700,61,CONVERT(DATE,'10-3-2020',105)),
(12,'0604745800328270',850,52,CONVERT(DATE,'18-10-2012',105)),
(13,'0604745800328270',1250,8,CONVERT(DATE,'18-12-2008',105)),
(14,'060487097042830945',90,19,CONVERT(DATE,'17-3-2021',105)),
(15,'201407828777338',900,46,CONVERT(DATE,'10-1-2015',105)),
(16,'201407828777338',2060,45,CONVERT(DATE,'6-6-2021',105)),
(17,'201442223382392',1030,18,CONVERT(DATE,'1-4-2019',105)),
(18,'201442223382392',970,74,CONVERT(DATE,'23-4-2018',105)),
(19,'201442223382392',1300,69,CONVERT(DATE,'1-9-2014',105)),
(20,'201460557761601',980,40,CONVERT(DATE,'4-3-2012',105)),
(21,'201460557761601',540,18,CONVERT(DATE,'27-6-2009',105)),
(22,'201460557761601',1230,40,CONVERT(DATE,'8-12-2013',105)),
(23,'201460557761601',630,81,CONVERT(DATE,'4-6-2010',105)),
(24,'201460557761601',10,58,CONVERT(DATE,'26-7-2017',105)),
(25,'201464450985689',1540,21,CONVERT(DATE,'30-9-2013',105)),
(26,'201464450985689',1660,85,CONVERT(DATE,'27-2-2015',105)),
(27,'201464450985689',2030,50,CONVERT(DATE,'19-6-2010',105)),
(28,'201464450985689',360,85,CONVERT(DATE,'19-11-2013',105)),
(29,'201466716034327',1110,62,CONVERT(DATE,'16-5-2017',105)),
(30,'201466716034327',2180,13,CONVERT(DATE,'10-10-2011',105)),
(31,'201466716034327',500,34,CONVERT(DATE,'27-12-2011',105)),
(32,'201466716034327',1200,9,CONVERT(DATE,'25-4-2012',105)),
(33,'201466716034327',780,32,CONVERT(DATE,'18-8-2015',105)),
(34,'201471156238123',310,63,CONVERT(DATE,'4-9-2018',105)),
(35,'201471156238123',1110,10,CONVERT(DATE,'12-3-2011',105)),
(36,'201471156238123',1900,6,CONVERT(DATE,'30-6-2018',105)),
(37,'201486478168055',790,3,CONVERT(DATE,'18-8-2020',105)),
(38,'201486478168055',2360,29,CONVERT(DATE,'22-11-2012',105)),
(39,'201486478168055',480,54,CONVERT(DATE,'3-6-2014',105)),
(40,'201486478168055',2230,72,CONVERT(DATE,'22-9-2008',105)),
(41,'201486478168055',600,84,CONVERT(DATE,'16-10-2019',105)),
(42,'201489072724521',2050,55,CONVERT(DATE,'30-10-2014',105)),
(43,'201489072724521',370,58,CONVERT(DATE,'20-11-2010',105)),
(44,'201489072724521',790,36,CONVERT(DATE,'20-5-2018',105)),
(45,'201538989464173',2160,7,CONVERT(DATE,'16-7-2021',105)),
(46,'201637817749381',2050,27,CONVERT(DATE,'4-5-2020',105)),
(47,'201637817749381',620,55,CONVERT(DATE,'27-10-2012',105)),
(48,'201637817749381',2050,59,CONVERT(DATE,'18-5-2008',105)),
(49,'201683530275072',1630,74,CONVERT(DATE,'13-2-2010',105)),
(50,'201683530275072',100,58,CONVERT(DATE,'5-8-2015',105)),
(51,'201694443691883',2090,39,CONVERT(DATE,'20-12-2010',105)),
(52,'201700067098907',1850,27,CONVERT(DATE,'7-10-2008',105)),
(53,'201700067098907',1370,60,CONVERT(DATE,'12-8-2021',105)),
(54,'201780737200703',640,31,CONVERT(DATE,'16-12-2010',105)),
(55,'201792371533919',1420,25,CONVERT(DATE,'23-9-2009',105)),
(56,'201807471240148',100,54,CONVERT(DATE,'20-9-2022',105)),
(57,'201807471240148',710,32,CONVERT(DATE,'31-7-2009',105)),
(58,'201807471240148',1770,67,CONVERT(DATE,'7-4-2020',105)),
(59,'201871826889165',660,36,CONVERT(DATE,'10-6-2016',105)),
(60,'201871826889165',1400,77,CONVERT(DATE,'16-7-2012',105)),
(61,'201876402720486',210,16,CONVERT(DATE,'4-12-2013',105)),
(62,'201876402720486',1710,86,CONVERT(DATE,'29-3-2018',105)),
(63,'201876402720486',710,62,CONVERT(DATE,'28-7-2012',105)),
(64,'201876402720486',1440,42,CONVERT(DATE,'20-6-2020',105)),
(65,'201897421684594',1980,53,CONVERT(DATE,'21-11-2018',105)),
(66,'201897421684594',1140,80,CONVERT(DATE,'14-12-2010',105)),
(67,'201897421684594',2440,84,CONVERT(DATE,'15-10-2021',105)),
(68,'201897421684594',1320,13,CONVERT(DATE,'9-5-2016',105)),
(69,'201897421684594',530,12,CONVERT(DATE,'14-4-2015',105)),
(70,'201906897724188',830,85,CONVERT(DATE,'24-7-2010',105)),
(71,'201906897724188',540,39,CONVERT(DATE,'4-3-2018',105)),
(72,'201925489518964',2390,63,CONVERT(DATE,'17-7-2010',105)),
(73,'201925489518964',1000,84,CONVERT(DATE,'26-4-2013',105)),
(74,'201925489518964',1400,57,CONVERT(DATE,'16-9-2007',105)),
(75,'201935579571104',640,33,CONVERT(DATE,'13-2-2008',105)),
(76,'201972263539170',1830,70,CONVERT(DATE,'1-7-2008',105)),
(77,'201972263539170',1430,5,CONVERT(DATE,'26-9-2015',105)),
(78,'201972263539170',1750,60,CONVERT(DATE,'5-5-2012',105)),
(79,'201972263539170',60,32,CONVERT(DATE,'18-8-2020',105)),
(80,'30020475989275',2330,78,CONVERT(DATE,'8-1-2015',105)),
(81,'30020475989275',900,73,CONVERT(DATE,'13-1-2009',105)),
(82,'30020475989275',1380,13,CONVERT(DATE,'1-11-2020',105)),
(83,'30020475989275',1600,71,CONVERT(DATE,'6-1-2015',105)),
(84,'30020475989275',2400,19,CONVERT(DATE,'30-1-2019',105)),
(85,'30023680009277',770,4,CONVERT(DATE,'13-12-2019',105)),
(86,'30023680009277',1760,27,CONVERT(DATE,'18-8-2009',105)),
(87,'30023680009277',1060,5,CONVERT(DATE,'8-4-2008',105)),
(88,'30058474947456',2060,79,CONVERT(DATE,'22-8-2018',105)),
(89,'30108369393462',280,62,CONVERT(DATE,'11-8-2010',105)),
(90,'30108369393462',1690,75,CONVERT(DATE,'5-11-2011',105)),
(91,'30138132384134',330,77,CONVERT(DATE,'13-8-2008',105)),
(92,'30154537228438',1340,13,CONVERT(DATE,'22-12-2021',105)),
(93,'30154537228438',540,23,CONVERT(DATE,'29-11-2020',105)),
(94,'30242870366251',770,8,CONVERT(DATE,'19-7-2016',105)),
(95,'30242870366251',740,73,CONVERT(DATE,'27-12-2016',105)),
(96,'30242870366251',200,66,CONVERT(DATE,'6-5-2018',105)),
(97,'30242870366251',1840,1,CONVERT(DATE,'2-2-2018',105)),
(98,'30242870366251',2030,51,CONVERT(DATE,'1-8-2014',105)),
(99,'30250263713823',600,29,CONVERT(DATE,'3-6-2015',105)),
(100,'30250263713823',570,43,CONVERT(DATE,'24-1-2016',105)),
(101,'30250263713823',2410,3,CONVERT(DATE,'2-7-2022',105)),
(102,'30272751883421',1180,19,CONVERT(DATE,'21-3-2010',105)),
(103,'30272751883421',1490,51,CONVERT(DATE,'18-8-2008',105)),
(104,'30272751883421',240,18,CONVERT(DATE,'29-4-2018',105)),
(105,'30338535439838',1810,46,CONVERT(DATE,'21-2-2021',105)),
(106,'30338535439838',780,54,CONVERT(DATE,'30-12-2022',105)),
(107,'30338535439838',1450,56,CONVERT(DATE,'20-4-2010',105)),
(108,'30338535439838',1550,72,CONVERT(DATE,'5-4-2022',105)),
(109,'30338535439838',1530,85,CONVERT(DATE,'16-5-2012',105)),
(110,'30352518363055',520,48,CONVERT(DATE,'12-7-2009',105)),
(111,'30352518363055',300,23,CONVERT(DATE,'13-10-2015',105)),
(112,'30352518363055',840,66,CONVERT(DATE,'26-2-2010',105)),
(113,'30393985467417',2340,70,CONVERT(DATE,'8-11-2012',105)),
(114,'30393985467417',700,81,CONVERT(DATE,'6-2-2013',105)),
(115,'30393985467417',150,42,CONVERT(DATE,'5-4-2014',105)),
(116,'30437030911695',2480,49,CONVERT(DATE,'24-10-2010',105)),
(117,'30469262367817',1770,7,CONVERT(DATE,'30-9-2021',105)),
(118,'30469262367817',440,56,CONVERT(DATE,'16-5-2013',105)),
(119,'30469262367817',1280,57,CONVERT(DATE,'4-8-2012',105)),
(120,'30469262367817',970,6,CONVERT(DATE,'31-5-2010',105)),
(121,'30507665619126',2330,68,CONVERT(DATE,'4-8-2015',105)),
(122,'30541970311376',160,56,CONVERT(DATE,'20-7-2007',105)),
(123,'30541970311376',1030,86,CONVERT(DATE,'23-5-2008',105)),
(124,'30541970311376',820,49,CONVERT(DATE,'1-6-2008',105)),
(125,'30549324439546',1080,49,CONVERT(DATE,'26-6-2016',105)),
(126,'30549324439546',130,86,CONVERT(DATE,'27-9-2017',105)),
(127,'30549324439546',530,31,CONVERT(DATE,'10-1-2019',105)),
(128,'30549324439546',2340,84,CONVERT(DATE,'12-5-2012',105)),
(129,'30549324439546',2090,62,CONVERT(DATE,'11-6-2020',105)),
(130,'30587739757318',410,51,CONVERT(DATE,'5-6-2017',105)),
(131,'30587739757318',520,70,CONVERT(DATE,'4-8-2013',105)),
(132,'30593533394787',1750,35,CONVERT(DATE,'29-7-2013',105)),
(133,'337941399118552',1300,32,CONVERT(DATE,'20-1-2020',105)),
(134,'337941456031631',2390,27,CONVERT(DATE,'8-4-2013',105)),
(135,'337941456031631',1270,81,CONVERT(DATE,'11-2-2020',105)),
(136,'337941456031631',210,18,CONVERT(DATE,'26-2-2008',105)),
(137,'337941460841736',1760,9,CONVERT(DATE,'23-10-2020',105)),
(138,'337941460841736',2330,59,CONVERT(DATE,'24-8-2012',105)),
(139,'337941748367025',920,53,CONVERT(DATE,'10-6-2016',105)),
(140,'337941748367025',1880,37,CONVERT(DATE,'8-10-2009',105)),
(141,'337941748367025',1540,13,CONVERT(DATE,'23-10-2012',105)),
(142,'337941748367025',1060,16,CONVERT(DATE,'1-9-2018',105)),
(143,'337941748367025',1370,43,CONVERT(DATE,'26-8-2013',105)),
(144,'337941801617381',1390,17,CONVERT(DATE,'2-2-2007',105)),
(145,'337941801617381',1660,73,CONVERT(DATE,'22-7-2016',105)),
(146,'337941801617381',420,56,CONVERT(DATE,'19-7-2021',105)),
(147,'337941801617381',1730,57,CONVERT(DATE,'16-11-2021',105)),
(148,'337941801617381',530,55,CONVERT(DATE,'1-12-2017',105)),
(149,'337941822931886',1310,51,CONVERT(DATE,'5-3-2009',105)),
(150,'337941822931886',600,24,CONVERT(DATE,'31-7-2007',105)),
(151,'337941822931886',530,52,CONVERT(DATE,'28-11-2010',105)),
(152,'337941914151724',1730,31,CONVERT(DATE,'17-5-2015',105)),
(153,'342438540494852',400,66,CONVERT(DATE,'3-4-2008',105)),
(154,'342438540494852',900,32,CONVERT(DATE,'17-2-2007',105)),
(155,'342438540494852',1810,53,CONVERT(DATE,'9-1-2010',105)),
(156,'342438540494852',1330,34,CONVERT(DATE,'9-8-2015',105)),
(157,'342813972450376',150,20,CONVERT(DATE,'2-2-2018',105)),
(158,'342813972450376',1480,48,CONVERT(DATE,'2-5-2019',105)),
(159,'342813972450376',1360,79,CONVERT(DATE,'8-10-2012',105)),
(160,'343909198397190',2230,13,CONVERT(DATE,'17-12-2012',105)),
(161,'343909198397190',370,78,CONVERT(DATE,'21-1-2019',105)),
(162,'345925527155909',1970,24,CONVERT(DATE,'16-6-2014',105)),
(163,'345925527155909',370,50,CONVERT(DATE,'16-10-2011',105)),
(164,'345925527155909',1270,59,CONVERT(DATE,'7-8-2019',105)),
(165,'346887149054630',280,55,CONVERT(DATE,'21-5-2016',105)),
(166,'346887149054630',2330,61,CONVERT(DATE,'9-2-2013',105)),
(167,'347151695078074',1580,63,CONVERT(DATE,'11-11-2014',105)),
(168,'347151695078074',20,86,CONVERT(DATE,'19-11-2021',105)),
(169,'3528241879383401',630,36,CONVERT(DATE,'19-8-2017',105)),
(170,'3528241879383401',1150,33,CONVERT(DATE,'21-9-2011',105)),
(171,'3528434935236016',2240,29,CONVERT(DATE,'7-9-2013',105)),
(172,'3528434935236016',1260,10,CONVERT(DATE,'28-2-2021',105)),
(173,'3528434935236016',2190,75,CONVERT(DATE,'21-6-2011',105)),
(174,'3528436246068285',1850,4,CONVERT(DATE,'13-1-2009',105)),
(175,'3528436246068285',300,78,CONVERT(DATE,'7-3-2020',105)),
(176,'3528832945382425',1960,75,CONVERT(DATE,'25-8-2010',105)),
(177,'3528832945382425',1590,4,CONVERT(DATE,'27-9-2015',105)),
(178,'3528832945382425',1390,21,CONVERT(DATE,'21-6-2011',105)),
(179,'3528973368519406',1350,10,CONVERT(DATE,'25-4-2020',105)),
(180,'3529196226076638',1410,14,CONVERT(DATE,'19-8-2016',105)),
(181,'3529247601509139',660,8,CONVERT(DATE,'4-11-2020',105)),
(182,'3529472894383931',1970,2,CONVERT(DATE,'28-8-2014',105)),
(183,'3529515235448712',410,73,CONVERT(DATE,'23-8-2018',105)),
(184,'3529515235448712',2280,71,CONVERT(DATE,'25-2-2012',105)),
(185,'3529515235448712',1360,2,CONVERT(DATE,'7-11-2008',105)),
(186,'3529515235448712',750,48,CONVERT(DATE,'22-6-2020',105)),
(187,'3529515235448712',1690,75,CONVERT(DATE,'29-2-2020',105)),
(188,'3530390298801232',780,7,CONVERT(DATE,'28-10-2020',105)),
(189,'3530390298801232',840,10,CONVERT(DATE,'2-1-2009',105)),
(190,'3530390298801232',1840,26,CONVERT(DATE,'11-5-2018',105)),
(191,'3530393600541413',770,50,CONVERT(DATE,'25-2-2012',105)),
(192,'3530393600541413',1460,75,CONVERT(DATE,'19-8-2013',105)),
(193,'3530393600541413',90,21,CONVERT(DATE,'1-6-2022',105)),
(194,'3530393600541413',1410,59,CONVERT(DATE,'15-10-2019',105)),
(195,'3530438561645065',1690,3,CONVERT(DATE,'18-1-2019',105)),
(196,'3530438561645065',200,73,CONVERT(DATE,'28-8-2008',105)),
(197,'3531018699110411',70,70,CONVERT(DATE,'5-3-2013',105)),
(198,'3531018699110411',670,45,CONVERT(DATE,'26-2-2015',105)),
(199,'3531018699110411',970,62,CONVERT(DATE,'9-8-2009',105)),
(200,'3531018699110411',560,84,CONVERT(DATE,'7-3-2019',105)),
(201,'3531018699110411',510,80,CONVERT(DATE,'9-3-2011',105)),
(202,'3531047221318085',1330,30,CONVERT(DATE,'11-6-2021',105)),
(203,'3531047221318085',610,65,CONVERT(DATE,'28-10-2015',105)),
(204,'3531047221318085',560,2,CONVERT(DATE,'16-8-2011',105)),
(205,'3531089295124767',1060,5,CONVERT(DATE,'17-5-2022',105)),
(206,'3531089295124767',1530,20,CONVERT(DATE,'5-6-2014',105)),
(207,'3531089295124767',2240,1,CONVERT(DATE,'31-5-2018',105)),
(208,'3531461412798239',1040,62,CONVERT(DATE,'29-3-2019',105)),
(209,'3531461412798239',580,84,CONVERT(DATE,'4-3-2016',105)),
(210,'3531461412798239',870,66,CONVERT(DATE,'25-4-2018',105)),
(211,'3531461412798239',2130,82,CONVERT(DATE,'20-10-2020',105)),
(212,'3531461412798239',2400,5,CONVERT(DATE,'6-7-2017',105)),
(213,'3531499176825913',2390,33,CONVERT(DATE,'11-5-2019',105)),
(214,'3531499176825913',2200,13,CONVERT(DATE,'15-1-2020',105)),
(215,'3531499176825913',410,4,CONVERT(DATE,'9-12-2014',105)),
(216,'3531950922715824',1550,59,CONVERT(DATE,'9-9-2018',105)),
(217,'3531950922715824',1010,76,CONVERT(DATE,'6-9-2007',105)),
(218,'3531950922715824',830,5,CONVERT(DATE,'22-8-2015',105)),
(219,'3531950922715824',2490,35,CONVERT(DATE,'21-5-2017',105)),
(220,'3531950922715824',120,63,CONVERT(DATE,'5-12-2020',105)),
(221,'3532482557940773',920,23,CONVERT(DATE,'17-11-2007',105)),
(222,'3532482557940773',1580,14,CONVERT(DATE,'25-5-2017',105)),
(223,'3532482557940773',1250,77,CONVERT(DATE,'15-6-2008',105)),
(224,'3532482557940773',1960,80,CONVERT(DATE,'6-12-2021',105)),
(225,'3532560116478284',1190,78,CONVERT(DATE,'12-12-2008',105)),
(226,'3532560116478284',2330,45,CONVERT(DATE,'16-9-2019',105)),
(227,'3532729689299365',1600,82,CONVERT(DATE,'7-6-2018',105)),
(228,'3532729689299365',350,80,CONVERT(DATE,'5-2-2020',105)),
(229,'3532915747256956',740,58,CONVERT(DATE,'28-10-2019',105)),
(230,'3532918720961576',1390,45,CONVERT(DATE,'16-11-2009',105)),
(231,'3532918720961576',120,54,CONVERT(DATE,'20-1-2018',105)),
(232,'3532918720961576',1190,28,CONVERT(DATE,'10-7-2012',105)),
(233,'3532918720961576',2160,39,CONVERT(DATE,'11-11-2008',105)),
(234,'3532938273718587',2200,36,CONVERT(DATE,'18-3-2011',105)),
(235,'3532938273718587',1620,21,CONVERT(DATE,'6-11-2021',105)),
(236,'3532938273718587',1770,35,CONVERT(DATE,'10-6-2017',105)),
(237,'3532938273718587',1700,55,CONVERT(DATE,'4-9-2014',105)),
(238,'3532938273718587',490,66,CONVERT(DATE,'17-3-2020',105)),
(239,'3534778381727627',1550,42,CONVERT(DATE,'9-1-2014',105)),
(240,'3535306234789047',70,65,CONVERT(DATE,'3-11-2017',105)),
(241,'3535306234789047',1690,60,CONVERT(DATE,'25-4-2016',105)),
(242,'3535306234789047',2290,73,CONVERT(DATE,'18-9-2012',105)),
(243,'3535306234789047',830,85,CONVERT(DATE,'24-11-2010',105)),
(244,'3535458708599459',1360,60,CONVERT(DATE,'16-6-2007',105)),
(245,'3535458708599459',560,45,CONVERT(DATE,'29-10-2021',105)),
(246,'3535458708599459',2110,13,CONVERT(DATE,'27-3-2013',105)),
(247,'3535505667385492',1780,39,CONVERT(DATE,'20-3-2010',105)),
(248,'3535505667385492',140,56,CONVERT(DATE,'16-4-2020',105)),
(249,'3535505667385492',130,40,CONVERT(DATE,'14-8-2014',105)),
(250,'3535505667385492',850,43,CONVERT(DATE,'15-11-2010',105)),
(251,'3535505667385492',580,76,CONVERT(DATE,'21-9-2022',105)),
(252,'3535979670682544',400,64,CONVERT(DATE,'20-5-2020',105)),
(253,'3535979670682544',1570,53,CONVERT(DATE,'4-4-2021',105)),
(254,'3535979670682544',1820,59,CONVERT(DATE,'6-8-2014',105)),
(255,'3536046119918928',110,83,CONVERT(DATE,'17-11-2009',105)),
(256,'3536046119918928',350,64,CONVERT(DATE,'16-7-2010',105)),
(257,'3536046119918928',2230,55,CONVERT(DATE,'15-7-2020',105)),
(258,'3536046119918928',660,22,CONVERT(DATE,'17-9-2013',105)),
(259,'3536826050906440',1570,6,CONVERT(DATE,'12-8-2009',105)),
(260,'3536826050906440',210,43,CONVERT(DATE,'17-2-2010',105)),
(261,'3536826050906440',890,69,CONVERT(DATE,'13-1-2019',105)),
(262,'3536857301814422',2360,85,CONVERT(DATE,'27-10-2007',105)),
(263,'3536857301814422',1360,67,CONVERT(DATE,'13-6-2016',105)),
(264,'3536857301814422',590,51,CONVERT(DATE,'14-4-2011',105)),
(265,'3536857301814422',560,23,CONVERT(DATE,'29-5-2015',105)),
(266,'3536857301814422',2120,82,CONVERT(DATE,'17-8-2019',105)),
(267,'3536871701148885',1110,10,CONVERT(DATE,'20-6-2015',105)),
(268,'3536871701148885',970,35,CONVERT(DATE,'3-1-2013',105)),
(269,'3536871701148885',100,66,CONVERT(DATE,'9-3-2012',105)),
(270,'3536871701148885',740,6,CONVERT(DATE,'30-4-2012',105)),
(271,'3536871701148885',560,30,CONVERT(DATE,'3-11-2017',105)),
(272,'3536880409955343',2390,60,CONVERT(DATE,'27-1-2009',105)),
(273,'3537050793302119',1840,5,CONVERT(DATE,'10-11-2017',105)),
(274,'3537050793302119',1220,83,CONVERT(DATE,'13-7-2008',105)),
(275,'3537072603817029',1060,11,CONVERT(DATE,'4-1-2010',105)),
(276,'3537072603817029',1300,38,CONVERT(DATE,'29-9-2019',105)),
(277,'3537072603817029',1340,45,CONVERT(DATE,'28-5-2019',105)),
(278,'3537072603817029',600,43,CONVERT(DATE,'5-11-2010',105)),
(279,'3537072603817029',1890,49,CONVERT(DATE,'4-9-2020',105)),
(280,'3538317776502331',1270,83,CONVERT(DATE,'19-8-2020',105)),
(281,'3538317776502331',720,21,CONVERT(DATE,'26-8-2019',105)),
(282,'3538317776502331',1860,71,CONVERT(DATE,'28-8-2019',105)),
(283,'3538317776502331',850,27,CONVERT(DATE,'13-3-2022',105)),
(284,'3539066630670524',560,84,CONVERT(DATE,'13-4-2007',105)),
(285,'3539066630670524',1640,60,CONVERT(DATE,'5-2-2009',105)),
(286,'3539066630670524',1800,55,CONVERT(DATE,'19-9-2020',105)),
(287,'3539066630670524',570,2,CONVERT(DATE,'12-1-2018',105)),
(288,'3539200020844700',1710,72,CONVERT(DATE,'5-4-2014',105)),
(289,'3539354960643109',2000,25,CONVERT(DATE,'24-1-2007',105)),
(290,'3539354960643109',2440,42,CONVERT(DATE,'10-7-2008',105)),
(291,'3539415381991003',1650,72,CONVERT(DATE,'17-5-2021',105)),
(292,'3539415381991003',910,20,CONVERT(DATE,'10-11-2020',105)),
(293,'3540066317225425',1440,64,CONVERT(DATE,'19-4-2011',105)),
(294,'3540066317225425',740,77,CONVERT(DATE,'28-8-2013',105)),
(295,'3540066317225425',1490,6,CONVERT(DATE,'8-2-2011',105)),
(296,'3540066317225425',1730,18,CONVERT(DATE,'19-9-2007',105)),
(297,'3540066317225425',2310,41,CONVERT(DATE,'7-6-2011',105)),
(298,'3540442159744098',2050,65,CONVERT(DATE,'22-7-2013',105)),
(299,'3540449054015490',520,81,CONVERT(DATE,'22-8-2022',105)),
(300,'3540449054015490',2470,12,CONVERT(DATE,'17-11-2008',105)),
(301,'3540449054015490',340,76,CONVERT(DATE,'29-11-2009',105)),
(302,'3540590875582463',1050,52,CONVERT(DATE,'14-5-2011',105)),
(303,'3540590875582463',1760,47,CONVERT(DATE,'27-5-2007',105)),
(304,'3540590875582463',2020,68,CONVERT(DATE,'15-3-2018',105)),
(305,'3540590875582463',930,36,CONVERT(DATE,'4-4-2018',105)),
(306,'3540590875582463',750,49,CONVERT(DATE,'13-11-2011',105)),
(307,'3541279983379652',2070,49,CONVERT(DATE,'5-12-2014',105)),
(308,'3541279983379652',10,16,CONVERT(DATE,'24-1-2008',105)),
(309,'3541279983379652',1450,23,CONVERT(DATE,'27-10-2008',105)),
(310,'3541279983379652',660,56,CONVERT(DATE,'11-8-2011',105)),
(311,'3541704430311958',1350,6,CONVERT(DATE,'12-11-2009',105)),
(312,'3541704430311958',850,34,CONVERT(DATE,'23-10-2017',105)),
(313,'3541704430311958',2260,11,CONVERT(DATE,'28-5-2021',105)),
(314,'3542046346225537',660,24,CONVERT(DATE,'23-9-2012',105)),
(315,'3542046346225537',1110,70,CONVERT(DATE,'4-5-2020',105)),
(316,'3542083376979915',1870,35,CONVERT(DATE,'23-5-2013',105)),
(317,'3542083376979915',670,25,CONVERT(DATE,'2-5-2019',105)),
(318,'3542083376979915',1170,86,CONVERT(DATE,'1-3-2018',105)),
(319,'3542083376979915',500,6,CONVERT(DATE,'30-6-2007',105)),
(320,'3542083376979915',710,71,CONVERT(DATE,'30-1-2014',105)),
(321,'3542513331087511',1480,2,CONVERT(DATE,'4-12-2021',105)),
(322,'3543227276454094',590,74,CONVERT(DATE,'21-2-2021',105)),
(323,'3543227276454094',770,78,CONVERT(DATE,'27-2-2019',105)),
(324,'3543332239210060',1120,51,CONVERT(DATE,'27-4-2015',105)),
(325,'3543332239210060',760,4,CONVERT(DATE,'16-6-2008',105)),
(326,'3543332239210060',1230,59,CONVERT(DATE,'13-3-2017',105)),
(327,'3543332239210060',2010,61,CONVERT(DATE,'1-12-2012',105)),
(328,'3543332239210060',1050,2,CONVERT(DATE,'4-1-2019',105)),
(329,'3543693756710794',160,20,CONVERT(DATE,'17-12-2014',105)),
(330,'3543693756710794',450,34,CONVERT(DATE,'14-2-2022',105)),
(331,'3543693756710794',850,20,CONVERT(DATE,'11-2-2016',105)),
(332,'3543698021611347',1220,35,CONVERT(DATE,'17-10-2016',105)),
(333,'3543698021611347',1820,72,CONVERT(DATE,'30-7-2014',105)),
(334,'3543794715217713',1740,40,CONVERT(DATE,'19-7-2014',105)),
(335,'3544686753119117',1710,24,CONVERT(DATE,'17-6-2020',105)),
(336,'3545214934208144',820,84,CONVERT(DATE,'7-3-2008',105)),
(337,'3545214934208144',410,46,CONVERT(DATE,'29-3-2020',105)),
(338,'3545214934208144',970,38,CONVERT(DATE,'14-2-2019',105)),
(339,'3545273067569011',2360,14,CONVERT(DATE,'17-5-2010',105)),
(340,'3545273067569011',2240,73,CONVERT(DATE,'20-7-2014',105)),
(341,'3545273067569011',2310,21,CONVERT(DATE,'29-11-2013',105)),
(342,'3546116859654138',2440,82,CONVERT(DATE,'3-6-2008',105)),
(343,'3546505298559595',580,16,CONVERT(DATE,'5-3-2014',105)),
(344,'3546505298559595',710,44,CONVERT(DATE,'14-5-2015',105)),
(345,'3546505298559595',520,24,CONVERT(DATE,'5-9-2011',105)),
(346,'3546529031304036',1510,36,CONVERT(DATE,'13-2-2022',105)),
(347,'3546529031304036',2080,19,CONVERT(DATE,'28-9-2014',105)),
(348,'3546529031304036',350,84,CONVERT(DATE,'6-3-2015',105)),
(349,'3546529031304036',1010,17,CONVERT(DATE,'16-5-2017',105)),
(350,'3549108192254905',1440,71,CONVERT(DATE,'30-12-2016',105)),
(351,'3549108192254905',2360,71,CONVERT(DATE,'2-5-2013',105)),
(352,'3549108192254905',2250,44,CONVERT(DATE,'9-3-2017',105)),
(353,'3549108192254905',780,54,CONVERT(DATE,'2-8-2010',105)),
(354,'3549108192254905',1780,9,CONVERT(DATE,'9-11-2008',105)),
(355,'3549323678371269',1990,30,CONVERT(DATE,'29-7-2019',105)),
(356,'3549323678371269',670,15,CONVERT(DATE,'30-6-2013',105)),
(357,'3549323678371269',1480,68,CONVERT(DATE,'25-3-2013',105)),
(358,'3549364286215787',2300,32,CONVERT(DATE,'5-6-2008',105)),
(359,'3549364286215787',160,61,CONVERT(DATE,'28-11-2022',105)),
(360,'3549364286215787',0,46,CONVERT(DATE,'24-4-2008',105)),
(361,'3549364286215787',1300,43,CONVERT(DATE,'16-12-2019',105)),
(362,'3549672342730023',870,60,CONVERT(DATE,'5-10-2014',105)),
(363,'3549672342730023',970,50,CONVERT(DATE,'10-12-2018',105)),
(364,'3550002078422221',910,42,CONVERT(DATE,'13-9-2018',105)),
(365,'3550002078422221',1770,17,CONVERT(DATE,'3-3-2013',105)),
(366,'3550002078422221',930,3,CONVERT(DATE,'14-10-2008',105)),
(367,'3550002078422221',630,38,CONVERT(DATE,'12-7-2014',105)),
(368,'3550342781737824',2290,12,CONVERT(DATE,'9-9-2016',105)),
(369,'3550342781737824',700,33,CONVERT(DATE,'16-5-2012',105)),
(370,'3550949620549275',1430,70,CONVERT(DATE,'27-12-2012',105)),
(371,'3550949620549275',1250,13,CONVERT(DATE,'2-7-2015',105)),
(372,'3550949620549275',1950,79,CONVERT(DATE,'19-10-2009',105)),
(373,'3550949620549275',1940,22,CONVERT(DATE,'24-2-2009',105)),
(374,'3551717138112475',1200,20,CONVERT(DATE,'17-5-2013',105)),
(375,'3551717138112475',2100,29,CONVERT(DATE,'20-5-2016',105)),
(376,'3551717138112475',1440,56,CONVERT(DATE,'24-4-2009',105)),
(377,'3551717138112475',1830,82,CONVERT(DATE,'23-12-2009',105)),
(378,'3551790106466207',630,39,CONVERT(DATE,'5-3-2013',105)),
(379,'3552214792903331',810,15,CONVERT(DATE,'26-7-2008',105)),
(380,'3552214792903331',280,45,CONVERT(DATE,'30-10-2015',105)),
(381,'3552214792903331',2310,1,CONVERT(DATE,'24-8-2018',105)),
(382,'3552307858932689',1750,74,CONVERT(DATE,'26-12-2014',105)),
(383,'3552367783051690',90,12,CONVERT(DATE,'20-8-2018',105)),
(384,'3552367783051690',2300,6,CONVERT(DATE,'30-12-2013',105)),
(385,'3552407928105017',2260,53,CONVERT(DATE,'31-1-2007',105)),
(386,'3552407928105017',2370,17,CONVERT(DATE,'19-4-2017',105)),
(387,'3552407928105017',1410,45,CONVERT(DATE,'18-12-2014',105)),
(388,'3552407928105017',1940,60,CONVERT(DATE,'12-5-2020',105)),
(389,'3553021434179678',2390,2,CONVERT(DATE,'21-9-2009',105)),
(390,'3553021434179678',570,45,CONVERT(DATE,'21-7-2017',105)),
(391,'3553021434179678',1240,17,CONVERT(DATE,'3-10-2009',105)),
(392,'3553021434179678',2350,83,CONVERT(DATE,'5-10-2014',105)),
(393,'3553021434179678',2260,9,CONVERT(DATE,'5-11-2012',105)),
(394,'3553078128212686',350,68,CONVERT(DATE,'2-4-2013',105)),
(395,'3553078128212686',2290,31,CONVERT(DATE,'16-1-2010',105)),
(396,'3553078128212686',2360,22,CONVERT(DATE,'17-10-2010',105)),
(397,'3553394739569566',1420,42,CONVERT(DATE,'12-6-2016',105)),
(398,'3553394739569566',1660,69,CONVERT(DATE,'17-9-2018',105)),
(399,'3553394739569566',1410,81,CONVERT(DATE,'28-5-2009',105)),
(400,'3553394739569566',1680,45,CONVERT(DATE,'25-2-2012',105)),
(401,'3553394739569566',280,21,CONVERT(DATE,'25-7-2009',105)),
(402,'3555556511347084',2450,50,CONVERT(DATE,'11-7-2020',105)),
(403,'3555556511347084',1430,61,CONVERT(DATE,'11-6-2019',105)),
(404,'3555556511347084',1810,9,CONVERT(DATE,'3-12-2013',105)),
(405,'3555556511347084',410,68,CONVERT(DATE,'4-3-2011',105)),
(406,'3555556511347084',1310,65,CONVERT(DATE,'11-10-2010',105)),
(407,'3555712824190303',1470,27,CONVERT(DATE,'16-3-2015',105)),
(408,'3555712824190303',1860,36,CONVERT(DATE,'2-3-2008',105)),
(409,'3555712824190303',1740,43,CONVERT(DATE,'15-1-2007',105)),
(410,'3555712824190303',2290,48,CONVERT(DATE,'6-8-2012',105)),
(411,'3555815356453765',2150,57,CONVERT(DATE,'4-2-2008',105)),
(412,'3555815356453765',1260,71,CONVERT(DATE,'23-4-2013',105)),
(413,'3555815356453765',2240,23,CONVERT(DATE,'24-2-2021',105)),
(414,'3555815356453765',2160,78,CONVERT(DATE,'18-8-2020',105)),
(415,'3555815356453765',2050,19,CONVERT(DATE,'16-1-2015',105)),
(416,'3555898894129089',180,58,CONVERT(DATE,'16-3-2014',105)),
(417,'3555898894129089',2300,30,CONVERT(DATE,'31-7-2010',105)),
(418,'3556133444573829',1400,61,CONVERT(DATE,'11-6-2018',105)),
(419,'3556133444573829',2150,76,CONVERT(DATE,'24-11-2009',105)),
(420,'3556133444573829',2470,5,CONVERT(DATE,'30-11-2017',105)),
(421,'3556439484402054',100,3,CONVERT(DATE,'28-12-2008',105)),
(422,'3556756284625208',2190,85,CONVERT(DATE,'3-1-2021',105)),
(423,'3556756284625208',610,76,CONVERT(DATE,'30-4-2021',105)),
(424,'3556756284625208',1670,40,CONVERT(DATE,'11-7-2018',105)),
(425,'3557124256544072',1340,72,CONVERT(DATE,'23-1-2010',105)),
(426,'3557124256544072',860,84,CONVERT(DATE,'23-9-2018',105)),
(427,'3557124256544072',870,29,CONVERT(DATE,'9-9-2011',105)),
(428,'3557124256544072',2050,43,CONVERT(DATE,'19-7-2021',105)),
(429,'3557574175422240',1400,69,CONVERT(DATE,'3-7-2020',105)),
(430,'3557574175422240',650,75,CONVERT(DATE,'15-9-2010',105)),
(431,'3557574175422240',440,38,CONVERT(DATE,'15-9-2016',105)),
(432,'3557574175422240',1200,58,CONVERT(DATE,'7-10-2018',105)),
(433,'3557608276398592',720,18,CONVERT(DATE,'10-8-2009',105)),
(434,'3557608276398592',1530,59,CONVERT(DATE,'27-2-2013',105)),
(435,'3557608276398592',1790,36,CONVERT(DATE,'9-11-2017',105)),
(436,'3557608276398592',10,13,CONVERT(DATE,'23-7-2015',105)),
(437,'3557608276398592',50,37,CONVERT(DATE,'28-4-2021',105)),
(438,'3558152436514375',1960,75,CONVERT(DATE,'17-3-2009',105)),
(439,'3558152436514375',1700,73,CONVERT(DATE,'14-10-2010',105)),
(440,'3558984929137706',1950,12,CONVERT(DATE,'30-12-2020',105)),
(441,'3558984929137706',1080,75,CONVERT(DATE,'15-5-2021',105)),
(442,'3559732301846942',330,73,CONVERT(DATE,'26-6-2010',105)),
(443,'3559732301846942',1790,11,CONVERT(DATE,'31-3-2010',105)),
(444,'3559732301846942',950,22,CONVERT(DATE,'12-5-2013',105)),
(445,'3559732301846942',2190,81,CONVERT(DATE,'8-12-2013',105)),
(446,'3560533611043155',80,58,CONVERT(DATE,'13-3-2008',105)),
(447,'3560533611043155',770,82,CONVERT(DATE,'14-4-2016',105)),
(448,'3560533611043155',1840,43,CONVERT(DATE,'13-10-2019',105)),
(449,'3560589707443451',2390,67,CONVERT(DATE,'19-11-2016',105)),
(450,'3560589707443451',110,20,CONVERT(DATE,'3-9-2018',105)),
(451,'3560589707443451',2270,22,CONVERT(DATE,'26-9-2009',105)),
(452,'3560594998942898',1250,30,CONVERT(DATE,'14-3-2008',105)),
(453,'3560594998942898',630,23,CONVERT(DATE,'20-7-2009',105)),
(454,'3560594998942898',1660,84,CONVERT(DATE,'1-7-2016',105)),
(455,'3560594998942898',2330,34,CONVERT(DATE,'14-3-2019',105)),
(456,'3560778843290989',600,4,CONVERT(DATE,'25-10-2008',105)),
(457,'3560778843290989',300,52,CONVERT(DATE,'23-7-2010',105)),
(458,'3560778843290989',320,9,CONVERT(DATE,'26-9-2019',105)),
(459,'3560778843290989',580,6,CONVERT(DATE,'30-1-2010',105)),
(460,'3560778843290989',940,59,CONVERT(DATE,'28-9-2016',105)),
(461,'3561016057060361',650,62,CONVERT(DATE,'9-4-2010',105)),
(462,'3561016057060361',1650,13,CONVERT(DATE,'2-12-2012',105)),
(463,'3561016057060361',1220,74,CONVERT(DATE,'28-5-2010',105)),
(464,'3561986651645009',2440,28,CONVERT(DATE,'23-7-2013',105)),
(465,'3561986651645009',1480,13,CONVERT(DATE,'18-9-2011',105)),
(466,'3561986651645009',1290,30,CONVERT(DATE,'19-9-2009',105)),
(467,'3563045436411696',380,79,CONVERT(DATE,'6-6-2014',105)),
(468,'3563257295761885',1690,27,CONVERT(DATE,'29-11-2016',105)),
(469,'3563257295761885',1300,73,CONVERT(DATE,'5-3-2014',105)),
(470,'3563257295761885',850,48,CONVERT(DATE,'7-7-2018',105)),
(471,'3563473014654596',910,7,CONVERT(DATE,'10-4-2014',105)),
(472,'3563473014654596',2040,72,CONVERT(DATE,'8-6-2018',105)),
(473,'3563572642250030',1130,43,CONVERT(DATE,'8-10-2017',105)),
(474,'3563572642250030',1060,58,CONVERT(DATE,'1-5-2011',105)),
(475,'3563572642250030',1400,31,CONVERT(DATE,'12-2-2015',105)),
(476,'3563572642250030',1940,40,CONVERT(DATE,'22-7-2009',105)),
(477,'3563748289324086',2250,17,CONVERT(DATE,'13-9-2016',105)),
(478,'3563748289324086',1570,62,CONVERT(DATE,'27-9-2013',105)),
(479,'3563748289324086',300,10,CONVERT(DATE,'15-9-2018',105)),
(480,'3563748289324086',970,41,CONVERT(DATE,'18-1-2017',105)),
(481,'3563876262083138',2080,54,CONVERT(DATE,'29-12-2014',105)),
(482,'3563981450780063',1540,82,CONVERT(DATE,'15-10-2015',105)),
(483,'3563981450780063',1900,26,CONVERT(DATE,'18-2-2011',105)),
(484,'3563981450780063',0,59,CONVERT(DATE,'5-5-2013',105)),
(485,'3563981450780063',2310,33,CONVERT(DATE,'28-11-2018',105)),
(486,'3563981450780063',1380,67,CONVERT(DATE,'15-1-2015',105)),
(487,'3564063436844377',1100,37,CONVERT(DATE,'15-3-2018',105)),
(488,'3564155171648292',610,62,CONVERT(DATE,'9-12-2012',105)),
(489,'3564155171648292',1660,85,CONVERT(DATE,'14-5-2008',105)),
(490,'3564155171648292',1910,5,CONVERT(DATE,'3-4-2021',105)),
(491,'3564155171648292',10,7,CONVERT(DATE,'4-11-2014',105)),
(492,'3564290435393557',1120,55,CONVERT(DATE,'1-7-2017',105)),
(493,'3564290435393557',250,13,CONVERT(DATE,'21-1-2008',105)),
(494,'3564290435393557',1350,28,CONVERT(DATE,'29-4-2014',105)),
(495,'3564290435393557',1260,71,CONVERT(DATE,'8-5-2013',105)),
(496,'3564856699217243',30,1,CONVERT(DATE,'21-5-2022',105)),
(497,'3565287306526876',180,3,CONVERT(DATE,'15-1-2008',105)),
(498,'3565287306526876',1250,54,CONVERT(DATE,'24-6-2019',105)),
(499,'3565766718930313',10,83,CONVERT(DATE,'4-6-2019',105)),
(500,'3565766718930313',2270,48,CONVERT(DATE,'16-10-2011',105)),
(501,'3565766718930313',150,2,CONVERT(DATE,'21-1-2021',105)),
(502,'3565766718930313',1410,62,CONVERT(DATE,'16-11-2021',105)),
(503,'3565898356604239',2230,74,CONVERT(DATE,'24-4-2012',105)),
(504,'3565898356604239',110,61,CONVERT(DATE,'16-9-2008',105)),
(505,'3566289300276739',2470,17,CONVERT(DATE,'14-11-2020',105)),
(506,'3566289300276739',400,38,CONVERT(DATE,'3-2-2009',105)),
(507,'3566289300276739',940,60,CONVERT(DATE,'5-7-2009',105)),
(508,'3567625567263796',1850,53,CONVERT(DATE,'28-4-2007',105)),
(509,'3567625567263796',1440,44,CONVERT(DATE,'6-4-2017',105)),
(510,'3567625567263796',1330,47,CONVERT(DATE,'23-2-2020',105)),
(511,'3567625567263796',810,66,CONVERT(DATE,'16-10-2018',105)),
(512,'3567677575743202',660,72,CONVERT(DATE,'31-8-2021',105)),
(513,'3567677575743202',290,65,CONVERT(DATE,'9-8-2016',105)),
(514,'3567677575743202',510,52,CONVERT(DATE,'16-1-2008',105)),
(515,'3567677630072431',1010,80,CONVERT(DATE,'3-8-2007',105)),
(516,'3567677630072431',2070,50,CONVERT(DATE,'30-7-2008',105)),
(517,'3567677630072431',1830,7,CONVERT(DATE,'9-2-2009',105)),
(518,'3567677630072431',610,54,CONVERT(DATE,'22-12-2013',105)),
(519,'3567677630072431',500,83,CONVERT(DATE,'11-12-2020',105)),
(520,'3567884420394112',710,46,CONVERT(DATE,'26-4-2018',105)),
(521,'3567884420394112',920,84,CONVERT(DATE,'9-2-2018',105)),
(522,'3567884420394112',2260,45,CONVERT(DATE,'16-9-2008',105)),
(523,'3567884420394112',190,35,CONVERT(DATE,'2-8-2007',105)),
(524,'3567950627852317',530,41,CONVERT(DATE,'22-4-2017',105)),
(525,'3567950627852317',1420,78,CONVERT(DATE,'2-2-2021',105)),
(526,'3568556781170070',2330,79,CONVERT(DATE,'23-9-2021',105)),
(527,'3568556781170070',1810,29,CONVERT(DATE,'19-10-2019',105)),
(528,'3568556781170070',2280,40,CONVERT(DATE,'23-12-2017',105)),
(529,'3568556781170070',490,7,CONVERT(DATE,'19-3-2018',105)),
(530,'3568688788664829',420,46,CONVERT(DATE,'10-3-2017',105)),
(531,'3568739207341372',1140,86,CONVERT(DATE,'16-3-2011',105)),
(532,'3568739207341372',2150,36,CONVERT(DATE,'16-8-2014',105)),
(533,'3568739207341372',2120,33,CONVERT(DATE,'7-8-2012',105)),
(534,'3568739207341372',910,56,CONVERT(DATE,'24-10-2018',105)),
(535,'3568739207341372',2130,21,CONVERT(DATE,'10-8-2017',105)),
(536,'3569033561741479',1700,47,CONVERT(DATE,'7-9-2016',105)),
(537,'3569940716186238',2440,66,CONVERT(DATE,'30-8-2017',105)),
(538,'3569940716186238',430,44,CONVERT(DATE,'13-3-2015',105)),
(539,'3569940716186238',520,40,CONVERT(DATE,'18-6-2009',105)),
(540,'3570660567240895',100,8,CONVERT(DATE,'21-12-2016',105)),
(541,'3570660567240895',90,67,CONVERT(DATE,'15-2-2019',105)),
(542,'3570660567240895',2430,47,CONVERT(DATE,'26-2-2019',105)),
(543,'3570797197535920',1730,5,CONVERT(DATE,'17-9-2021',105)),
(544,'3570797197535920',200,80,CONVERT(DATE,'10-9-2011',105)),
(545,'3570797197535920',1450,31,CONVERT(DATE,'31-8-2017',105)),
(546,'3570797197535920',1380,54,CONVERT(DATE,'4-3-2009',105)),
(547,'3570797197535920',1890,73,CONVERT(DATE,'20-12-2017',105)),
(548,'3571061771029993',2220,78,CONVERT(DATE,'19-4-2021',105)),
(549,'3571061771029993',0,45,CONVERT(DATE,'30-3-2015',105)),
(550,'3571392599113093',1460,18,CONVERT(DATE,'7-1-2013',105)),
(551,'3571392599113093',140,19,CONVERT(DATE,'8-5-2012',105)),
(552,'3571392599113093',940,66,CONVERT(DATE,'5-7-2015',105)),
(553,'3571614843598856',420,7,CONVERT(DATE,'11-7-2013',105)),
(554,'3571643759388101',1400,22,CONVERT(DATE,'14-1-2008',105)),
(555,'3571643759388101',1580,68,CONVERT(DATE,'31-5-2013',105)),
(556,'3571643759388101',2130,73,CONVERT(DATE,'22-1-2015',105)),
(557,'3571643759388101',700,36,CONVERT(DATE,'11-1-2010',105)),
(558,'3571643759388101',620,68,CONVERT(DATE,'22-10-2019',105)),
(559,'3571814317357884',1350,74,CONVERT(DATE,'17-12-2015',105)),
(560,'3571814317357884',1530,4,CONVERT(DATE,'24-12-2013',105)),
(561,'3571814317357884',80,24,CONVERT(DATE,'15-11-2014',105)),
(562,'3572388363262750',330,47,CONVERT(DATE,'2-2-2013',105)),
(563,'3572388363262750',450,45,CONVERT(DATE,'11-10-2010',105)),
(564,'3572388363262750',1830,20,CONVERT(DATE,'4-7-2012',105)),
(565,'3572953643603667',2260,7,CONVERT(DATE,'4-4-2016',105)),
(566,'3572953643603667',1500,77,CONVERT(DATE,'27-3-2013',105)),
(567,'3572953643603667',2270,74,CONVERT(DATE,'7-6-2021',105)),
(568,'3572953643603667',2170,45,CONVERT(DATE,'22-11-2008',105)),
(569,'3573016604085057',2460,58,CONVERT(DATE,'11-1-2018',105)),
(570,'3573016604085057',1870,42,CONVERT(DATE,'29-7-2012',105)),
(571,'3573380930667206',450,73,CONVERT(DATE,'13-10-2008',105)),
(572,'3573380930667206',1720,36,CONVERT(DATE,'26-9-2015',105)),
(573,'3573380930667206',1520,73,CONVERT(DATE,'30-12-2012',105)),
(574,'3573882586442859',430,7,CONVERT(DATE,'23-5-2018',105)),
(575,'3573911343562244',2300,8,CONVERT(DATE,'4-11-2008',105)),
(576,'3573973616285515',2210,79,CONVERT(DATE,'11-8-2015',105)),
(577,'3573973616285515',40,80,CONVERT(DATE,'22-11-2015',105)),
(578,'3573973616285515',770,16,CONVERT(DATE,'10-6-2012',105)),
(579,'3573973616285515',400,65,CONVERT(DATE,'18-1-2019',105)),
(580,'3574144298800935',1560,54,CONVERT(DATE,'20-1-2020',105)),
(581,'3574144298800935',1370,52,CONVERT(DATE,'3-1-2015',105)),
(582,'3574236058941261',1780,70,CONVERT(DATE,'9-4-2011',105)),
(583,'3574236058941261',430,34,CONVERT(DATE,'8-3-2020',105)),
(584,'3574236058941261',430,24,CONVERT(DATE,'9-4-2017',105)),
(585,'3574341136776802',1920,13,CONVERT(DATE,'7-1-2010',105)),
(586,'3574341136776802',2110,60,CONVERT(DATE,'8-9-2020',105)),
(587,'3574393632639570',1790,75,CONVERT(DATE,'19-6-2013',105)),
(588,'3574393632639570',920,53,CONVERT(DATE,'1-2-2009',105)),
(589,'3574393632639570',840,78,CONVERT(DATE,'8-7-2018',105)),
(590,'3574393632639570',650,72,CONVERT(DATE,'26-2-2018',105)),
(591,'3574430646269877',2430,44,CONVERT(DATE,'9-7-2016',105)),
(592,'3574430646269877',2430,4,CONVERT(DATE,'21-12-2010',105)),
(593,'3574430646269877',1720,9,CONVERT(DATE,'18-3-2019',105)),
(594,'3574430646269877',1770,73,CONVERT(DATE,'15-12-2016',105)),
(595,'3574430646269877',300,30,CONVERT(DATE,'24-4-2019',105)),
(596,'3574664327552736',560,50,CONVERT(DATE,'21-3-2018',105)),
(597,'3574664327552736',300,41,CONVERT(DATE,'2-11-2014',105)),
(598,'3574664327552736',1290,85,CONVERT(DATE,'14-6-2017',105)),
(599,'3574671817835992',50,47,CONVERT(DATE,'3-3-2020',105)),
(600,'3574671817835992',150,71,CONVERT(DATE,'21-7-2019',105)),
(601,'3574671817835992',1000,3,CONVERT(DATE,'9-4-2014',105)),
(602,'3575024068202711',1900,64,CONVERT(DATE,'19-9-2021',105)),
(603,'3575024068202711',680,33,CONVERT(DATE,'30-7-2007',105)),
(604,'3575024068202711',1650,22,CONVERT(DATE,'18-10-2010',105)),
(605,'3575024068202711',2070,36,CONVERT(DATE,'1-5-2010',105)),
(606,'3575024068202711',2250,48,CONVERT(DATE,'30-5-2010',105)),
(607,'3575232728860733',1910,21,CONVERT(DATE,'22-4-2011',105)),
(608,'3575232728860733',2150,38,CONVERT(DATE,'10-5-2008',105)),
(609,'3575232728860733',770,44,CONVERT(DATE,'23-4-2014',105)),
(610,'3575519605762101',2490,54,CONVERT(DATE,'26-8-2016',105)),
(611,'3575519605762101',670,44,CONVERT(DATE,'10-1-2013',105)),
(612,'3575519605762101',1580,52,CONVERT(DATE,'11-8-2012',105)),
(613,'3575519605762101',550,18,CONVERT(DATE,'18-3-2010',105)),
(614,'3575587928104996',150,69,CONVERT(DATE,'7-4-2019',105)),
(615,'3575587928104996',1550,51,CONVERT(DATE,'30-7-2022',105)),
(616,'3575587928104996',2090,34,CONVERT(DATE,'20-7-2020',105)),
(617,'3575587928104996',80,27,CONVERT(DATE,'5-3-2010',105)),
(618,'3575587928104996',820,73,CONVERT(DATE,'4-9-2017',105)),
(619,'3575808837919666',1630,85,CONVERT(DATE,'12-6-2021',105)),
(620,'3575808837919666',440,28,CONVERT(DATE,'4-3-2007',105)),
(621,'3575808837919666',1390,53,CONVERT(DATE,'10-9-2008',105)),
(622,'3575808837919666',590,62,CONVERT(DATE,'12-4-2020',105)),
(623,'3576610069377319',510,59,CONVERT(DATE,'1-3-2008',105)),
(624,'3576610069377319',1470,46,CONVERT(DATE,'30-6-2011',105)),
(625,'3576610069377319',1410,29,CONVERT(DATE,'19-6-2019',105)),
(626,'3576610069377319',610,33,CONVERT(DATE,'20-2-2018',105)),
(627,'3576764137500459',790,4,CONVERT(DATE,'1-9-2010',105)),
(628,'3576764137500459',1430,77,CONVERT(DATE,'7-4-2012',105)),
(629,'3576764137500459',450,38,CONVERT(DATE,'14-1-2010',105)),
(630,'3576764137500459',680,20,CONVERT(DATE,'22-3-2010',105)),
(631,'3576872727760449',0,61,CONVERT(DATE,'4-11-2014',105)),
(632,'3577066630990073',470,56,CONVERT(DATE,'13-8-2019',105)),
(633,'3577066630990073',70,33,CONVERT(DATE,'24-8-2017',105)),
(634,'3577210518974979',1110,18,CONVERT(DATE,'1-9-2015',105)),
(635,'3577210518974979',2160,19,CONVERT(DATE,'12-10-2009',105)),
(636,'3577210518974979',1040,74,CONVERT(DATE,'24-4-2018',105)),
(637,'3577210518974979',720,86,CONVERT(DATE,'4-11-2008',105)),
(638,'3577211324914126',1900,81,CONVERT(DATE,'14-9-2015',105)),
(639,'3577792074504605',2350,65,CONVERT(DATE,'28-6-2011',105)),
(640,'3577792074504605',1870,20,CONVERT(DATE,'5-5-2022',105)),
(641,'3577792074504605',1850,42,CONVERT(DATE,'11-10-2014',105)),
(642,'3577792074504605',1750,68,CONVERT(DATE,'11-3-2008',105)),
(643,'3577792074504605',50,68,CONVERT(DATE,'24-1-2013',105)),
(644,'3578105177031666',1550,68,CONVERT(DATE,'23-12-2015',105)),
(645,'3578105177031666',1750,42,CONVERT(DATE,'23-4-2016',105)),
(646,'3578105177031666',930,80,CONVERT(DATE,'28-12-2019',105)),
(647,'3578105177031666',1140,64,CONVERT(DATE,'28-7-2010',105)),
(648,'3578666434900506',310,33,CONVERT(DATE,'22-7-2012',105)),
(649,'3579837842122855',1700,41,CONVERT(DATE,'23-4-2017',105)),
(650,'3579837842122855',610,11,CONVERT(DATE,'6-8-2018',105)),
(651,'3579837842122855',1070,49,CONVERT(DATE,'27-2-2016',105)),
(652,'3579848570877271',1290,84,CONVERT(DATE,'10-8-2011',105)),
(653,'3579848570877271',1070,43,CONVERT(DATE,'28-9-2018',105)),
(654,'3579848570877271',390,6,CONVERT(DATE,'4-9-2014',105)),
(655,'3579848570877271',40,27,CONVERT(DATE,'12-2-2012',105)),
(656,'3580115543266447',710,11,CONVERT(DATE,'6-2-2018',105)),
(657,'3580115543266447',2140,2,CONVERT(DATE,'29-6-2015',105)),
(658,'3580115543266447',360,85,CONVERT(DATE,'26-7-2021',105)),
(659,'3580115543266447',1670,33,CONVERT(DATE,'13-12-2009',105)),
(660,'3580115543266447',310,26,CONVERT(DATE,'27-11-2011',105)),
(661,'3580408888742837',550,28,CONVERT(DATE,'17-12-2008',105)),
(662,'3580408888742837',2350,5,CONVERT(DATE,'12-10-2017',105)),
(663,'3580408888742837',1830,85,CONVERT(DATE,'24-8-2017',105)),
(664,'3580877745030372',1550,61,CONVERT(DATE,'16-10-2011',105)),
(665,'3580877745030372',820,2,CONVERT(DATE,'25-11-2012',105)),
(666,'3580877745030372',1060,25,CONVERT(DATE,'30-1-2013',105)),
(667,'3580877745030372',720,71,CONVERT(DATE,'10-9-2020',105)),
(668,'3580893207036021',1820,62,CONVERT(DATE,'13-6-2018',105)),
(669,'3580893207036021',500,38,CONVERT(DATE,'22-1-2019',105)),
(670,'3580893207036021',880,76,CONVERT(DATE,'4-10-2016',105)),
(671,'3580893207036021',110,38,CONVERT(DATE,'2-8-2008',105)),
(672,'3581054556496048',1740,16,CONVERT(DATE,'3-7-2009',105)),
(673,'3581054556496048',1440,86,CONVERT(DATE,'12-7-2015',105)),
(674,'3581054556496048',1990,5,CONVERT(DATE,'21-1-2007',105)),
(675,'3581209164061929',1640,37,CONVERT(DATE,'28-10-2015',105)),
(676,'3581209164061929',1680,35,CONVERT(DATE,'4-6-2022',105)),
(677,'3581209164061929',2490,81,CONVERT(DATE,'17-12-2021',105)),
(678,'3581209164061929',2260,77,CONVERT(DATE,'9-12-2021',105)),
(679,'3581209164061929',1060,66,CONVERT(DATE,'24-8-2013',105)),
(680,'3581540990708865',1790,7,CONVERT(DATE,'3-10-2011',105)),
(681,'3582258343182402',80,65,CONVERT(DATE,'22-12-2015',105)),
(682,'3582258343182402',2060,49,CONVERT(DATE,'31-8-2018',105)),
(683,'3582258343182402',490,38,CONVERT(DATE,'11-1-2019',105)),
(684,'3582539562603800',100,68,CONVERT(DATE,'16-3-2010',105)),
(685,'3582539562603800',840,11,CONVERT(DATE,'28-5-2013',105)),
(686,'3583004616511474',70,16,CONVERT(DATE,'29-10-2016',105)),
(687,'3583004616511474',1190,83,CONVERT(DATE,'2-9-2016',105)),
(688,'3583004616511474',100,60,CONVERT(DATE,'11-5-2011',105)),
(689,'3583772372562770',1550,82,CONVERT(DATE,'13-4-2007',105)),
(690,'3584140514229402',1480,33,CONVERT(DATE,'22-10-2018',105)),
(691,'3584628278295957',170,16,CONVERT(DATE,'5-1-2022',105)),
(692,'3584628278295957',2020,11,CONVERT(DATE,'10-3-2021',105)),
(693,'3584628278295957',2170,84,CONVERT(DATE,'7-9-2017',105)),
(694,'3584628278295957',1480,47,CONVERT(DATE,'11-11-2009',105)),
(695,'3584628278295957',1500,17,CONVERT(DATE,'22-6-2010',105)),
(696,'3585287530211333',1860,83,CONVERT(DATE,'27-7-2015',105)),
(697,'3585287530211333',1480,84,CONVERT(DATE,'17-10-2012',105)),
(698,'3585310205153539',2250,25,CONVERT(DATE,'31-3-2010',105)),
(699,'3585389241553134',1560,15,CONVERT(DATE,'4-7-2021',105)),
(700,'3585479703863566',1820,61,CONVERT(DATE,'5-6-2018',105)),
(701,'3585479703863566',1240,34,CONVERT(DATE,'27-10-2016',105)),
(702,'3585479703863566',1520,54,CONVERT(DATE,'26-1-2015',105)),
(703,'3585479703863566',1630,16,CONVERT(DATE,'17-2-2017',105)),
(704,'3585479703863566',1620,17,CONVERT(DATE,'26-4-2022',105)),
(705,'3585750022489139',680,40,CONVERT(DATE,'6-9-2021',105)),
(706,'3585750022489139',2210,3,CONVERT(DATE,'19-11-2015',105)),
(707,'3585750022489139',2250,46,CONVERT(DATE,'29-12-2007',105)),
(708,'3585750022489139',670,62,CONVERT(DATE,'8-7-2012',105)),
(709,'3585750022489139',1290,84,CONVERT(DATE,'11-7-2019',105)),
(710,'3586262122870274',100,60,CONVERT(DATE,'8-2-2009',105)),
(711,'3586262122870274',1090,29,CONVERT(DATE,'31-3-2008',105)),
(712,'3586262122870274',1660,59,CONVERT(DATE,'4-12-2007',105)),
(713,'3587009563414289',1130,56,CONVERT(DATE,'9-7-2017',105)),
(714,'3587022624529201',520,7,CONVERT(DATE,'2-10-2010',105)),
(715,'3587954185098582',2280,9,CONVERT(DATE,'24-8-2010',105)),
(716,'3587954185098582',2060,39,CONVERT(DATE,'2-5-2011',105)),
(717,'3587954185098582',2000,26,CONVERT(DATE,'10-7-2012',105)),
(718,'3588458889501098',290,79,CONVERT(DATE,'30-3-2010',105)),
(719,'3588458889501098',1930,21,CONVERT(DATE,'22-9-2020',105)),
(720,'3588458889501098',1000,76,CONVERT(DATE,'28-11-2022',105)),
(721,'3588711601876176',2410,27,CONVERT(DATE,'25-6-2019',105)),
(722,'3588711601876176',1080,39,CONVERT(DATE,'31-1-2020',105)),
(723,'3588711601876176',720,43,CONVERT(DATE,'30-12-2008',105)),
(724,'3589510138564696',1960,64,CONVERT(DATE,'19-12-2016',105)),
(725,'3589510138564696',1270,23,CONVERT(DATE,'30-9-2012',105)),
(726,'3589510138564696',1140,10,CONVERT(DATE,'30-9-2014',105)),
(727,'3589556676257920',1230,13,CONVERT(DATE,'14-6-2008',105)),
(728,'3589556676257920',1040,78,CONVERT(DATE,'8-4-2019',105)),
(729,'3589556676257920',650,81,CONVERT(DATE,'19-8-2014',105)),
(730,'3589646107363445',1710,3,CONVERT(DATE,'10-2-2010',105)),
(731,'36197795928706',820,59,CONVERT(DATE,'1-11-2008',105)),
(732,'36197795928706',2330,4,CONVERT(DATE,'11-7-2013',105)),
(733,'36197795928706',1260,6,CONVERT(DATE,'9-11-2011',105)),
(734,'36690731626616',2050,44,CONVERT(DATE,'3-3-2016',105)),
(735,'36690731626616',670,15,CONVERT(DATE,'4-7-2022',105)),
(736,'36690731626616',670,51,CONVERT(DATE,'2-11-2012',105)),
(737,'36690731626616',910,37,CONVERT(DATE,'20-10-2016',105)),
(738,'36690731626616',1400,80,CONVERT(DATE,'28-12-2009',105)),
(739,'36883221870121',2350,2,CONVERT(DATE,'24-10-2017',105)),
(740,'36883221870121',1740,12,CONVERT(DATE,'3-3-2008',105)),
(741,'36883221870121',1620,25,CONVERT(DATE,'10-8-2016',105)),
(742,'36883221870121',2150,15,CONVERT(DATE,'17-1-2019',105)),
(743,'36991258804572',890,48,CONVERT(DATE,'27-4-2017',105)),
(744,'371478217100832',520,45,CONVERT(DATE,'6-3-2016',105)),
(745,'371478217100832',1810,59,CONVERT(DATE,'6-8-2021',105)),
(746,'371478217100832',1370,51,CONVERT(DATE,'28-5-2017',105)),
(747,'371585141796251',40,16,CONVERT(DATE,'16-4-2019',105)),
(748,'372301276774066',1850,50,CONVERT(DATE,'14-12-2019',105)),
(749,'372301276774066',1010,64,CONVERT(DATE,'28-7-2014',105)),
(750,'372301276774066',1150,28,CONVERT(DATE,'1-7-2018',105)),
(751,'372301276774066',90,56,CONVERT(DATE,'21-4-2012',105)),
(752,'372301276774066',390,36,CONVERT(DATE,'28-6-2010',105)),
(753,'372301279494662',2010,20,CONVERT(DATE,'9-12-2009',105)),
(754,'372301279494662',880,72,CONVERT(DATE,'22-4-2021',105)),
(755,'372301279494662',420,9,CONVERT(DATE,'18-11-2022',105)),
(756,'372301630023994',2330,54,CONVERT(DATE,'12-12-2014',105)),
(757,'372301630023994',2330,15,CONVERT(DATE,'16-9-2009',105)),
(758,'372301630023994',1310,51,CONVERT(DATE,'11-4-2009',105)),
(759,'372301630023994',1120,61,CONVERT(DATE,'22-6-2021',105)),
(760,'372301630023994',1940,50,CONVERT(DATE,'20-1-2021',105)),
(761,'372301690933116',700,24,CONVERT(DATE,'17-10-2019',105)),
(762,'372301690933116',840,1,CONVERT(DATE,'1-5-2014',105)),
(763,'372301690933116',730,12,CONVERT(DATE,'3-4-2007',105)),
(764,'374283710655978',1670,66,CONVERT(DATE,'22-2-2011',105)),
(765,'374283710655978',910,17,CONVERT(DATE,'11-4-2016',105)),
(766,'374283878441294',370,27,CONVERT(DATE,'5-9-2008',105)),
(767,'374283878441294',130,18,CONVERT(DATE,'6-7-2014',105)),
(768,'374283878441294',740,41,CONVERT(DATE,'25-9-2021',105)),
(769,'374288548540334',70,23,CONVERT(DATE,'29-5-2008',105)),
(770,'374288548540334',2140,31,CONVERT(DATE,'23-5-2019',105)),
(771,'374288801323436',2050,34,CONVERT(DATE,'13-8-2011',105)),
(772,'374288801323436',750,72,CONVERT(DATE,'24-8-2013',105)),
(773,'374288801323436',1090,41,CONVERT(DATE,'8-8-2018',105)),
(774,'374288801323436',20,17,CONVERT(DATE,'23-11-2014',105)),
(775,'374288887183001',1960,84,CONVERT(DATE,'30-10-2017',105)),
(776,'374622254755167',1890,75,CONVERT(DATE,'29-12-2017',105)),
(777,'374622254755167',1130,17,CONVERT(DATE,'12-9-2016',105)),
(778,'374622254755167',2230,52,CONVERT(DATE,'18-11-2019',105)),
(779,'374622254755167',2290,24,CONVERT(DATE,'16-6-2013',105)),
(780,'4017953136275818',1390,61,CONVERT(DATE,'26-8-2018',105)),
(781,'4017953136275818',2450,43,CONVERT(DATE,'10-3-2007',105)),
(782,'4017953136275818',1330,12,CONVERT(DATE,'3-4-2018',105)),
(783,'4017953136275818',340,15,CONVERT(DATE,'4-2-2020',105)),
(784,'4017953976643471',50,68,CONVERT(DATE,'13-12-2010',105)),
(785,'4017953976643471',2340,63,CONVERT(DATE,'27-3-2011',105)),
(786,'4017953976643471',2410,6,CONVERT(DATE,'6-2-2015',105)),
(787,'4017953976643471',850,48,CONVERT(DATE,'26-12-2020',105)),
(788,'4017958126609405',1730,78,CONVERT(DATE,'20-9-2012',105)),
(789,'4017958126609405',390,64,CONVERT(DATE,'31-8-2010',105)),
(790,'4017958126609405',580,43,CONVERT(DATE,'20-11-2012',105)),
(791,'4026846817407651',150,51,CONVERT(DATE,'21-9-2008',105)),
(792,'4041370464128149',1120,5,CONVERT(DATE,'22-12-2009',105)),
(793,'4041591175763656',2440,21,CONVERT(DATE,'14-4-2007',105)),
(794,'4041591175763656',2360,55,CONVERT(DATE,'14-4-2016',105)),
(795,'4041591175763656',2250,7,CONVERT(DATE,'25-10-2019',105)),
(796,'4041591480005009',480,79,CONVERT(DATE,'21-10-2009',105)),
(797,'4041592949899248',30,9,CONVERT(DATE,'11-2-2016',105)),
(798,'4041592949899248',2390,29,CONVERT(DATE,'27-4-2019',105)),
(799,'4041592949899248',2420,11,CONVERT(DATE,'11-11-2021',105)),
(800,'4041592949899248',1790,44,CONVERT(DATE,'23-4-2016',105)),
(801,'4041592949899248',590,1,CONVERT(DATE,'5-7-2011',105)),
(802,'4041593122344',690,60,CONVERT(DATE,'1-11-2017',105)),
(803,'4041593122344',2140,63,CONVERT(DATE,'8-5-2015',105)),
(804,'4041593122344',670,73,CONVERT(DATE,'8-8-2009',105)),
(805,'4041593122344',1100,38,CONVERT(DATE,'15-3-2018',105)),
(806,'4041593122344',410,41,CONVERT(DATE,'31-5-2013',105)),
(807,'4041595692673488',1160,32,CONVERT(DATE,'26-4-2009',105)),
(808,'4041595692673488',500,31,CONVERT(DATE,'31-3-2008',105)),
(809,'4041595692673488',2420,59,CONVERT(DATE,'15-9-2018',105)),
(810,'4041595692673488',350,47,CONVERT(DATE,'11-3-2009',105)),
(811,'4175002257416617',1300,74,CONVERT(DATE,'25-5-2017',105)),
(812,'4175002363554905',460,60,CONVERT(DATE,'28-8-2014',105)),
(813,'4175002363554905',2440,17,CONVERT(DATE,'9-9-2012',105)),
(814,'4175002363554905',1010,14,CONVERT(DATE,'20-4-2021',105)),
(815,'4175002363554905',960,38,CONVERT(DATE,'24-12-2020',105)),
(816,'4175002363554905',2140,45,CONVERT(DATE,'23-4-2010',105)),
(817,'4175005092637503',2380,40,CONVERT(DATE,'10-3-2016',105)),
(818,'4175005092637503',2040,86,CONVERT(DATE,'8-11-2015',105)),
(819,'4175005092637503',70,32,CONVERT(DATE,'10-7-2017',105)),
(820,'4175005092637503',1700,59,CONVERT(DATE,'10-10-2010',105)),
(821,'4175007220957761',1100,20,CONVERT(DATE,'18-10-2010',105)),
(822,'4175007220957761',2450,33,CONVERT(DATE,'29-8-2011',105)),
(823,'4175007220957761',950,12,CONVERT(DATE,'23-3-2007',105)),
(824,'4175008933060299',970,20,CONVERT(DATE,'28-12-2021',105)),
(825,'4175008933060299',1510,4,CONVERT(DATE,'26-3-2015',105)),
(826,'4175009407469511',1130,66,CONVERT(DATE,'9-2-2010',105)),
(827,'4405851075872225',790,75,CONVERT(DATE,'9-8-2011',105)),
(828,'4405851075872225',1880,44,CONVERT(DATE,'18-3-2010',105)),
(829,'4405851075872225',1170,11,CONVERT(DATE,'13-11-2018',105)),
(830,'4405851075872225',100,22,CONVERT(DATE,'11-12-2021',105)),
(831,'4508734851113285',1470,17,CONVERT(DATE,'27-9-2015',105)),
(832,'4508734851113285',580,18,CONVERT(DATE,'18-7-2017',105)),
(833,'4508734851113285',1380,43,CONVERT(DATE,'21-2-2013',105)),
(834,'4508734851113285',80,17,CONVERT(DATE,'5-11-2019',105)),
(835,'4508933649001469',520,85,CONVERT(DATE,'13-2-2021',105)),
(836,'4844799801048777',1080,23,CONVERT(DATE,'17-2-2010',105)),
(837,'4891152822522',2250,52,CONVERT(DATE,'10-12-2021',105)),
(838,'4891152822522',770,20,CONVERT(DATE,'29-12-2015',105)),
(839,'4903386786073463',310,78,CONVERT(DATE,'29-5-2020',105)),
(840,'4903386786073463',620,82,CONVERT(DATE,'30-3-2019',105)),
(841,'4903386786073463',910,20,CONVERT(DATE,'25-5-2012',105)),
(842,'4903538064476957152',2000,46,CONVERT(DATE,'8-2-2019',105)),
(843,'4903538064476957152',2100,50,CONVERT(DATE,'24-8-2017',105)),
(844,'4903538064476957152',970,47,CONVERT(DATE,'20-11-2013',105)),
(845,'490512837844897032',700,56,CONVERT(DATE,'20-8-2016',105)),
(846,'490512837844897032',1220,29,CONVERT(DATE,'29-7-2008',105)),
(847,'490512837844897032',2320,2,CONVERT(DATE,'28-7-2022',105)),
(848,'490535834198647843',1190,28,CONVERT(DATE,'4-10-2017',105)),
(849,'490535834198647843',2230,65,CONVERT(DATE,'7-6-2011',105)),
(850,'490535834198647843',1890,48,CONVERT(DATE,'24-9-2011',105)),
(851,'4905426434615041459',2110,75,CONVERT(DATE,'12-2-2013',105)),
(852,'4905426434615041459',420,69,CONVERT(DATE,'21-7-2013',105)),
(853,'4905426434615041459',1670,59,CONVERT(DATE,'18-11-2016',105)),
(854,'4905426434615041459',250,55,CONVERT(DATE,'27-4-2012',105)),
(855,'4905426434615041459',2020,43,CONVERT(DATE,'3-5-2017',105)),
(856,'4913255553549351',1270,36,CONVERT(DATE,'7-1-2020',105)),
(857,'4913255553549351',2310,82,CONVERT(DATE,'13-6-2021',105)),
(858,'4913255553549351',670,68,CONVERT(DATE,'23-9-2008',105)),
(859,'4913496706825070',1530,86,CONVERT(DATE,'29-3-2020',105)),
(860,'4913496706825070',520,79,CONVERT(DATE,'2-4-2021',105)),
(861,'4913496706825070',2370,11,CONVERT(DATE,'9-1-2011',105)),
(862,'4913496706825070',1990,39,CONVERT(DATE,'3-8-2010',105)),
(863,'4913496706825070',610,49,CONVERT(DATE,'25-4-2009',105)),
(864,'4913989043105958',2280,14,CONVERT(DATE,'11-2-2022',105)),
(865,'4913989043105958',1900,53,CONVERT(DATE,'22-11-2013',105)),
(866,'4913989043105958',1120,85,CONVERT(DATE,'27-9-2021',105)),
(867,'4917199449935562',1570,61,CONVERT(DATE,'14-9-2015',105)),
(868,'4917199449935562',1420,39,CONVERT(DATE,'9-10-2015',105)),
(869,'4917199449935562',220,71,CONVERT(DATE,'25-9-2013',105)),
(870,'4924094525133',1420,24,CONVERT(DATE,'19-9-2013',105)),
(871,'4924094525133',500,26,CONVERT(DATE,'9-5-2017',105)),
(872,'4924094525133',190,75,CONVERT(DATE,'30-9-2020',105)),
(873,'4924094525133',10,26,CONVERT(DATE,'29-12-2016',105)),
(874,'4936028390064290301',310,7,CONVERT(DATE,'19-3-2013',105)),
(875,'4936028390064290301',660,11,CONVERT(DATE,'23-7-2022',105)),
(876,'493651543509687982',950,11,CONVERT(DATE,'21-12-2010',105)),
(877,'493651543509687982',320,9,CONVERT(DATE,'28-4-2019',105)),
(878,'493651543509687982',2260,73,CONVERT(DATE,'17-3-2009',105)),
(879,'493651543509687982',1390,38,CONVERT(DATE,'24-9-2010',105)),
(880,'4970734237886645',1990,72,CONVERT(DATE,'20-9-2016',105)),
(881,'4970734237886645',2100,12,CONVERT(DATE,'26-11-2009',105)),
(882,'4970734237886645',190,10,CONVERT(DATE,'17-9-2009',105)),
(883,'4970734237886645',970,25,CONVERT(DATE,'6-5-2015',105)),
(884,'4970734237886645',1910,81,CONVERT(DATE,'16-6-2010',105)),
(885,'5002352740179686',2430,54,CONVERT(DATE,'3-11-2017',105)),
(886,'5007662396982240',2290,79,CONVERT(DATE,'20-4-2016',105)),
(887,'5007662396982240',830,51,CONVERT(DATE,'30-4-2016',105)),
(888,'5007662396982240',560,45,CONVERT(DATE,'5-12-2009',105)),
(889,'5007662396982240',1680,43,CONVERT(DATE,'11-12-2011',105)),
(890,'5007662396982240',750,66,CONVERT(DATE,'24-11-2019',105)),
(891,'5007662463671080',270,36,CONVERT(DATE,'7-6-2016',105)),
(892,'5007662463671080',1750,47,CONVERT(DATE,'20-1-2013',105)),
(893,'5007662463671080',1130,55,CONVERT(DATE,'1-8-2015',105)),
(894,'5007662463671080',1560,14,CONVERT(DATE,'25-6-2007',105)),
(895,'5007662463671080',1940,72,CONVERT(DATE,'11-4-2015',105)),
(896,'5007663568060773',950,83,CONVERT(DATE,'7-6-2015',105)),
(897,'5007663568060773',270,19,CONVERT(DATE,'12-6-2010',105)),
(898,'5007663568060773',1050,19,CONVERT(DATE,'1-9-2010',105)),
(899,'5007663568060773',2490,37,CONVERT(DATE,'8-2-2012',105)),
(900,'5007663568060773',2490,22,CONVERT(DATE,'23-7-2008',105)),
(901,'5007663874216994',1930,82,CONVERT(DATE,'23-5-2011',105)),
(902,'5007664904066359',860,69,CONVERT(DATE,'14-5-2014',105)),
(903,'5007664904066359',1190,57,CONVERT(DATE,'22-7-2017',105)),
(904,'5007664904066359',1840,59,CONVERT(DATE,'9-1-2017',105)),
(905,'5007664904066359',860,26,CONVERT(DATE,'6-9-2014',105)),
(906,'5007668428035360',1250,50,CONVERT(DATE,'8-12-2016',105)),
(907,'5007668691876706',210,29,CONVERT(DATE,'27-10-2007',105)),
(908,'5010122278903983',550,2,CONVERT(DATE,'16-4-2010',105)),
(909,'5010122278903983',1710,15,CONVERT(DATE,'4-5-2009',105)),
(910,'5010122278903983',1920,37,CONVERT(DATE,'15-7-2020',105)),
(911,'5010122278903983',2250,10,CONVERT(DATE,'9-2-2008',105)),
(912,'5018413101912508490',2410,22,CONVERT(DATE,'10-11-2009',105)),
(913,'5018413101912508490',1740,52,CONVERT(DATE,'26-5-2008',105)),
(914,'5018413101912508490',2080,44,CONVERT(DATE,'14-8-2012',105)),
(915,'50184631578714243',1550,74,CONVERT(DATE,'2-4-2008',105)),
(916,'5020740998434993',2280,36,CONVERT(DATE,'25-11-2012',105)),
(917,'5020740998434993',430,61,CONVERT(DATE,'6-4-2007',105)),
(918,'5020740998434993',1350,53,CONVERT(DATE,'1-10-2021',105)),
(919,'5020740998434993',1430,45,CONVERT(DATE,'18-11-2011',105)),
(920,'5020740998434993',2340,44,CONVERT(DATE,'15-8-2015',105)),
(921,'50208359548162556',1540,53,CONVERT(DATE,'21-6-2010',105)),
(922,'50208359548162556',1730,58,CONVERT(DATE,'22-3-2013',105)),
(923,'50208359548162556',850,70,CONVERT(DATE,'2-7-2019',105)),
(924,'50208359548162556',2080,60,CONVERT(DATE,'1-1-2014',105)),
(925,'503800593672470480',1760,38,CONVERT(DATE,'9-8-2011',105)),
(926,'5038050721609766',720,50,CONVERT(DATE,'31-1-2019',105)),
(927,'5038050721609766',970,37,CONVERT(DATE,'14-5-2020',105)),
(928,'5038050721609766',120,48,CONVERT(DATE,'5-9-2014',105)),
(929,'5038050721609766',1400,29,CONVERT(DATE,'5-2-2020',105)),
(930,'5038050721609766',590,22,CONVERT(DATE,'20-8-2011',105)),
(931,'5038110163419684',2030,67,CONVERT(DATE,'24-1-2018',105)),
(932,'5038110163419684',1340,10,CONVERT(DATE,'15-1-2008',105)),
(933,'5038110163419684',430,82,CONVERT(DATE,'26-2-2011',105)),
(934,'5038110163419684',20,29,CONVERT(DATE,'20-6-2014',105)),
(935,'5038110163419684',2160,23,CONVERT(DATE,'9-2-2014',105)),
(936,'503820145758726032',1950,69,CONVERT(DATE,'5-11-2011',105)),
(937,'503820145758726032',980,35,CONVERT(DATE,'24-2-2014',105)),
(938,'503842127260007436',1030,66,CONVERT(DATE,'27-7-2008',105)),
(939,'503846328185810252',1030,33,CONVERT(DATE,'8-1-2012',105)),
(940,'5038740113738278',1350,50,CONVERT(DATE,'28-12-2008',105)),
(941,'5038740113738278',1200,39,CONVERT(DATE,'4-2-2012',105)),
(942,'50388690649230690',290,3,CONVERT(DATE,'27-2-2022',105)),
(943,'50388690649230690',1400,71,CONVERT(DATE,'4-9-2008',105)),
(944,'5048371680941778',1670,42,CONVERT(DATE,'17-2-2009',105)),
(945,'5048371680941778',1320,68,CONVERT(DATE,'7-2-2016',105)),
(946,'5048371680941778',2100,58,CONVERT(DATE,'26-2-2020',105)),
(947,'5048371680941778',2130,17,CONVERT(DATE,'29-11-2009',105)),
(948,'5048372469871707',1810,4,CONVERT(DATE,'2-5-2011',105)),
(949,'5048372469871707',1290,33,CONVERT(DATE,'5-12-2020',105)),
(950,'5048376136491690',240,66,CONVERT(DATE,'30-7-2014',105)),
(951,'5048378993480048',1980,28,CONVERT(DATE,'17-8-2012',105)),
(952,'5100130316698391',280,22,CONVERT(DATE,'8-1-2010',105)),
(953,'5100130316698391',810,31,CONVERT(DATE,'14-1-2013',105)),
(954,'5100135023838404',1890,61,CONVERT(DATE,'8-3-2013',105)),
(955,'5100135023838404',2430,79,CONVERT(DATE,'26-11-2013',105)),
(956,'5100135023838404',2260,31,CONVERT(DATE,'10-10-2015',105)),
(957,'5100135023838404',100,44,CONVERT(DATE,'22-9-2017',105)),
(958,'5100135023838404',1420,3,CONVERT(DATE,'14-2-2013',105)),
(959,'5100142559064207',860,11,CONVERT(DATE,'2-12-2019',105)),
(960,'5100142559064207',2040,17,CONVERT(DATE,'30-10-2014',105)),
(961,'5100146712035293',1730,44,CONVERT(DATE,'13-4-2008',105)),
(962,'5100146712035293',2160,27,CONVERT(DATE,'18-7-2015',105)),
(963,'5100147004086317',1050,12,CONVERT(DATE,'7-8-2019',105)),
(964,'5100147004086317',2210,5,CONVERT(DATE,'25-4-2014',105)),
(965,'5100147004086317',1440,54,CONVERT(DATE,'28-3-2015',105)),
(966,'5100147004086317',2060,1,CONVERT(DATE,'26-4-2018',105)),
(967,'5100170414589449',1680,23,CONVERT(DATE,'27-4-2018',105)),
(968,'5100170414589449',1700,51,CONVERT(DATE,'22-7-2022',105)),
(969,'5100170414589449',10,9,CONVERT(DATE,'13-2-2012',105)),
(970,'5100170422841238',960,54,CONVERT(DATE,'21-4-2012',105)),
(971,'5100171514854535',440,79,CONVERT(DATE,'16-2-2020',105)),
(972,'5100172682771758',200,22,CONVERT(DATE,'16-1-2010',105)),
(973,'5100172682771758',440,85,CONVERT(DATE,'5-5-2019',105)),
(974,'5100179793661174',1730,10,CONVERT(DATE,'5-12-2011',105)),
(975,'5108750075338087',1020,34,CONVERT(DATE,'4-4-2020',105)),
(976,'5108750075338087',1920,39,CONVERT(DATE,'14-10-2012',105)),
(977,'5108750075338087',2210,3,CONVERT(DATE,'5-2-2017',105)),
(978,'5108756596938008',400,20,CONVERT(DATE,'4-12-2008',105)),
(979,'5108756596938008',2250,77,CONVERT(DATE,'5-12-2020',105)),
(980,'5108756596938008',1440,86,CONVERT(DATE,'5-4-2016',105)),
(981,'5108757155064335',1990,70,CONVERT(DATE,'13-5-2010',105)),
(982,'5108757155064335',1390,52,CONVERT(DATE,'22-6-2013',105)),
(983,'5108757155064335',1350,73,CONVERT(DATE,'7-9-2009',105)),
(984,'5108759701882616',1820,30,CONVERT(DATE,'16-2-2014',105)),
(985,'5112376173452705',30,11,CONVERT(DATE,'16-6-2017',105)),
(986,'5112376173452705',1000,56,CONVERT(DATE,'8-3-2012',105)),
(987,'5112376173452705',940,8,CONVERT(DATE,'13-10-2017',105)),
(988,'5112376173452705',560,50,CONVERT(DATE,'18-5-2021',105)),
(989,'5137661735748273',470,2,CONVERT(DATE,'13-9-2008',105)),
(990,'5137661735748273',440,48,CONVERT(DATE,'12-8-2009',105)),
(991,'5144878953176703',500,19,CONVERT(DATE,'19-5-2020',105)),
(992,'5144878953176703',890,40,CONVERT(DATE,'8-9-2007',105)),
(993,'5144878953176703',1760,22,CONVERT(DATE,'19-2-2012',105)),
(994,'5144878953176703',1470,52,CONVERT(DATE,'23-3-2014',105)),
(995,'5146148763553915',530,57,CONVERT(DATE,'15-7-2012',105)),
(996,'5146148763553915',1830,56,CONVERT(DATE,'24-1-2010',105)),
(997,'5146148763553915',2450,10,CONVERT(DATE,'7-5-2015',105)),
(998,'5146148763553915',180,68,CONVERT(DATE,'5-1-2009',105)),
(999,'5146148763553915',980,38,CONVERT(DATE,'30-3-2008',105)),
(1000,'5167992862040033',1090,85,CONVERT(DATE,'27-1-2022',105))
INSERT INTO [Deposits] VALUES
(1001,'5167992862040033',90,41,CONVERT(DATE,'14-11-2010',105)),
(1002,'5167992862040033',430,59,CONVERT(DATE,'5-4-2011',105)),
(1003,'5167992862040033',1150,85,CONVERT(DATE,'26-1-2010',105)),
(1004,'5220119512545337',1270,45,CONVERT(DATE,'28-3-2017',105)),
(1005,'5220119512545337',1730,31,CONVERT(DATE,'18-9-2009',105)),
(1006,'5220119512545337',700,75,CONVERT(DATE,'15-1-2010',105)),
(1007,'5220119512545337',1140,65,CONVERT(DATE,'19-1-2016',105)),
(1008,'5221151192558784',980,56,CONVERT(DATE,'7-6-2018',105)),
(1009,'5221151192558784',2330,54,CONVERT(DATE,'4-12-2011',105)),
(1010,'5221151192558784',220,17,CONVERT(DATE,'25-6-2015',105)),
(1011,'5221151192558784',740,52,CONVERT(DATE,'22-12-2009',105)),
(1012,'5269572745814429',1670,39,CONVERT(DATE,'20-4-2009',105)),
(1013,'5269572745814429',280,15,CONVERT(DATE,'5-5-2009',105)),
(1014,'5269572745814429',560,28,CONVERT(DATE,'12-12-2009',105)),
(1015,'5290687997575909',2310,23,CONVERT(DATE,'8-3-2015',105)),
(1016,'5290687997575909',940,21,CONVERT(DATE,'17-1-2014',105)),
(1017,'5290687997575909',1140,82,CONVERT(DATE,'12-11-2014',105)),
(1018,'5406702906298872',690,11,CONVERT(DATE,'31-7-2020',105)),
(1019,'5406702906298872',2480,64,CONVERT(DATE,'22-6-2021',105)),
(1020,'5406702906298872',1960,12,CONVERT(DATE,'2-3-2011',105)),
(1021,'5410343059293883',130,45,CONVERT(DATE,'4-12-2017',105)),
(1022,'5410343059293883',2130,40,CONVERT(DATE,'27-11-2014',105)),
(1023,'5410343059293883',140,25,CONVERT(DATE,'3-11-2016',105)),
(1024,'5410343059293883',1150,79,CONVERT(DATE,'29-11-2019',105)),
(1025,'5410343059293883',1770,63,CONVERT(DATE,'25-12-2011',105)),
(1026,'5479180955914081',1410,22,CONVERT(DATE,'11-6-2008',105)),
(1027,'5489581856353675',1560,21,CONVERT(DATE,'14-1-2011',105)),
(1028,'5508983801098859',1160,36,CONVERT(DATE,'2-8-2008',105)),
(1029,'5508983801098859',160,36,CONVERT(DATE,'22-3-2017',105)),
(1030,'5508983801098859',1350,6,CONVERT(DATE,'25-6-2022',105)),
(1031,'5508983801098859',330,19,CONVERT(DATE,'24-3-2017',105)),
(1032,'5508983801098859',560,55,CONVERT(DATE,'6-12-2012',105)),
(1033,'5509951571829125',1610,40,CONVERT(DATE,'15-10-2019',105)),
(1034,'5534464937243998',1580,60,CONVERT(DATE,'9-7-2010',105)),
(1035,'5550115642427743',2320,68,CONVERT(DATE,'29-3-2007',105)),
(1036,'5586602840946812',2430,30,CONVERT(DATE,'4-4-2018',105)),
(1037,'5586602840946812',1320,19,CONVERT(DATE,'4-4-2008',105)),
(1038,'5586602840946812',510,69,CONVERT(DATE,'3-1-2019',105)),
(1039,'5602212368880656',1640,71,CONVERT(DATE,'4-3-2008',105)),
(1040,'5602213295387682',2020,11,CONVERT(DATE,'18-1-2018',105)),
(1041,'5602213295387682',1350,73,CONVERT(DATE,'8-2-2018',105)),
(1042,'5602213295387682',310,5,CONVERT(DATE,'5-5-2019',105)),
(1043,'5602213295387682',1520,24,CONVERT(DATE,'2-5-2012',105)),
(1044,'5602214913961221',1180,6,CONVERT(DATE,'7-3-2012',105)),
(1045,'5602214913961221',830,32,CONVERT(DATE,'10-6-2010',105)),
(1046,'5602214913961221',990,30,CONVERT(DATE,'14-5-2014',105)),
(1047,'5602214913961221',1930,39,CONVERT(DATE,'18-10-2018',105)),
(1048,'5602214913961221',1200,67,CONVERT(DATE,'1-1-2007',105)),
(1049,'5602218278991996',360,23,CONVERT(DATE,'8-4-2008',105)),
(1050,'5602218278991996',470,6,CONVERT(DATE,'12-9-2007',105)),
(1051,'5602218278991996',620,6,CONVERT(DATE,'22-1-2012',105)),
(1052,'5602218278991996',2480,35,CONVERT(DATE,'18-11-2019',105)),
(1053,'56022197697919900',2050,48,CONVERT(DATE,'23-12-2014',105)),
(1054,'56022197697919900',920,1,CONVERT(DATE,'14-9-2018',105)),
(1055,'56022197697919900',1410,61,CONVERT(DATE,'28-7-2022',105)),
(1056,'56022197697919900',1700,27,CONVERT(DATE,'23-1-2018',105)),
(1057,'5602220335291444',800,48,CONVERT(DATE,'29-11-2019',105)),
(1058,'5602220335291444',1980,12,CONVERT(DATE,'22-12-2016',105)),
(1059,'5602220335291444',420,21,CONVERT(DATE,'19-2-2007',105)),
(1060,'5602220335291444',1130,2,CONVERT(DATE,'26-10-2019',105)),
(1061,'5602221562485451',1570,50,CONVERT(DATE,'25-2-2009',105)),
(1062,'5602221562485451',2430,69,CONVERT(DATE,'12-7-2017',105)),
(1063,'5602221814850775',2470,21,CONVERT(DATE,'29-5-2013',105)),
(1064,'5602221814850775',640,79,CONVERT(DATE,'27-4-2015',105)),
(1065,'5602221814850775',90,64,CONVERT(DATE,'15-11-2021',105)),
(1066,'5602223816517535',2310,33,CONVERT(DATE,'3-3-2014',105)),
(1067,'5602223816517535',2200,29,CONVERT(DATE,'13-1-2008',105)),
(1068,'5602223816517535',290,63,CONVERT(DATE,'31-8-2011',105)),
(1069,'5602223816517535',1040,60,CONVERT(DATE,'15-12-2009',105)),
(1070,'5602227143912723',380,1,CONVERT(DATE,'19-9-2015',105)),
(1071,'5602227143912723',1200,55,CONVERT(DATE,'9-3-2011',105)),
(1072,'5602227143912723',440,46,CONVERT(DATE,'7-1-2015',105)),
(1073,'5602228333040291816',1360,66,CONVERT(DATE,'29-8-2018',105)),
(1074,'5602228333040291816',1860,18,CONVERT(DATE,'10-1-2013',105)),
(1075,'5602229771444508450',1330,79,CONVERT(DATE,'6-6-2010',105)),
(1076,'5602229771444508450',2140,43,CONVERT(DATE,'22-10-2013',105)),
(1077,'5602229771444508450',1190,46,CONVERT(DATE,'23-7-2017',105)),
(1078,'5602231806466985',1660,48,CONVERT(DATE,'17-12-2008',105)),
(1079,'5602231806466985',1080,19,CONVERT(DATE,'14-4-2010',105)),
(1080,'5602231806466985',380,9,CONVERT(DATE,'25-5-2014',105)),
(1081,'560223473112182178',560,76,CONVERT(DATE,'19-1-2017',105)),
(1082,'560223473112182178',540,47,CONVERT(DATE,'14-11-2016',105)),
(1083,'560223473112182178',240,7,CONVERT(DATE,'18-11-2020',105)),
(1084,'5602238818270685',1740,30,CONVERT(DATE,'8-9-2012',105)),
(1085,'5602238818270685',1330,71,CONVERT(DATE,'19-2-2008',105)),
(1086,'5602238818270685',1340,11,CONVERT(DATE,'5-2-2020',105)),
(1087,'5602238818270685',2110,12,CONVERT(DATE,'21-7-2017',105)),
(1088,'5602238818270685',2240,76,CONVERT(DATE,'8-8-2014',105)),
(1089,'5602239865489699',1460,8,CONVERT(DATE,'10-4-2015',105)),
(1090,'5602239865489699',510,50,CONVERT(DATE,'8-8-2019',105)),
(1091,'5602241383625549',1080,16,CONVERT(DATE,'8-4-2018',105)),
(1092,'5602241383625549',830,33,CONVERT(DATE,'18-5-2014',105)),
(1093,'5602241383625549',560,21,CONVERT(DATE,'12-7-2017',105)),
(1094,'5602241383625549',30,58,CONVERT(DATE,'3-11-2014',105)),
(1095,'56022430333252562',2030,76,CONVERT(DATE,'11-4-2008',105)),
(1096,'56022430333252562',1580,74,CONVERT(DATE,'7-2-2018',105)),
(1097,'5602243091084732977',1890,68,CONVERT(DATE,'15-4-2015',105)),
(1098,'5602243091084732977',1360,67,CONVERT(DATE,'23-4-2011',105)),
(1099,'5602243091084732977',960,50,CONVERT(DATE,'21-5-2019',105)),
(1100,'5602243091084732977',2310,3,CONVERT(DATE,'22-12-2014',105)),
(1101,'5602243364303971',1130,24,CONVERT(DATE,'9-4-2017',105)),
(1102,'5602243364303971',1050,62,CONVERT(DATE,'23-6-2017',105)),
(1103,'5602243364303971',1340,42,CONVERT(DATE,'14-8-2013',105)),
(1104,'5602243364303971',2380,53,CONVERT(DATE,'27-2-2014',105)),
(1105,'56022434586346873',860,62,CONVERT(DATE,'26-8-2020',105)),
(1106,'56022434586346873',480,1,CONVERT(DATE,'30-1-2009',105)),
(1107,'5602244196558536090',740,17,CONVERT(DATE,'3-5-2015',105)),
(1108,'5602244196558536090',2270,3,CONVERT(DATE,'9-4-2019',105)),
(1109,'5602244196558536090',260,26,CONVERT(DATE,'13-6-2016',105)),
(1110,'5602245322302652731',1460,2,CONVERT(DATE,'23-11-2016',105)),
(1111,'5602245322302652731',1880,2,CONVERT(DATE,'31-12-2020',105)),
(1112,'5602247270174442',910,60,CONVERT(DATE,'26-10-2012',105)),
(1113,'5602247270174442',1730,48,CONVERT(DATE,'12-7-2022',105)),
(1114,'5602247270174442',390,6,CONVERT(DATE,'25-6-2016',105)),
(1115,'5602247270174442',1200,46,CONVERT(DATE,'4-2-2015',105)),
(1116,'5602247270174442',1840,23,CONVERT(DATE,'13-3-2008',105)),
(1117,'5602247886487998',2100,60,CONVERT(DATE,'1-12-2022',105)),
(1118,'5602247886487998',1150,57,CONVERT(DATE,'4-8-2015',105)),
(1119,'5602247886487998',2000,18,CONVERT(DATE,'1-1-2012',105)),
(1120,'5602251303356596',500,61,CONVERT(DATE,'17-12-2016',105)),
(1121,'5602251303356596',750,9,CONVERT(DATE,'23-3-2009',105)),
(1122,'5602251303356596',1980,13,CONVERT(DATE,'25-2-2008',105)),
(1123,'5602251303356596',1750,47,CONVERT(DATE,'17-10-2015',105)),
(1124,'56022521221573505',1610,80,CONVERT(DATE,'1-8-2014',105)),
(1125,'56022521221573505',280,58,CONVERT(DATE,'9-5-2013',105)),
(1126,'56022521221573505',1990,1,CONVERT(DATE,'16-1-2011',105)),
(1127,'56022521221573505',1270,77,CONVERT(DATE,'17-3-2019',105)),
(1128,'56022521221573505',860,85,CONVERT(DATE,'8-11-2019',105)),
(1129,'5602252148308313402',1150,16,CONVERT(DATE,'14-11-2022',105)),
(1130,'5602252148308313402',1480,22,CONVERT(DATE,'4-2-2015',105)),
(1131,'5602254203535570510',1280,66,CONVERT(DATE,'14-4-2012',105)),
(1132,'5602254203535570510',380,55,CONVERT(DATE,'27-8-2020',105)),
(1133,'56022552842899359',480,51,CONVERT(DATE,'30-8-2008',105)),
(1134,'56022552842899359',2320,45,CONVERT(DATE,'5-1-2016',105)),
(1135,'56022552842899359',1560,40,CONVERT(DATE,'6-7-2012',105)),
(1136,'5602258887432917',60,44,CONVERT(DATE,'5-10-2008',105)),
(1137,'5602258887432917',700,23,CONVERT(DATE,'20-9-2019',105)),
(1138,'5602258887432917',290,47,CONVERT(DATE,'17-2-2012',105)),
(1139,'5602258887432917',840,57,CONVERT(DATE,'5-5-2008',105)),
(1140,'5602259369645018',110,23,CONVERT(DATE,'14-11-2013',105)),
(1141,'5602259369645018',1510,10,CONVERT(DATE,'4-4-2013',105)),
(1142,'5602259369645018',480,21,CONVERT(DATE,'3-4-2020',105)),
(1143,'5602259369645018',2420,21,CONVERT(DATE,'12-6-2018',105)),
(1144,'5610067228254421',1730,38,CONVERT(DATE,'3-2-2010',105)),
(1145,'5610067228254421',1440,10,CONVERT(DATE,'20-6-2012',105)),
(1146,'5610067228254421',1750,86,CONVERT(DATE,'23-12-2021',105)),
(1147,'5610067228254421',690,34,CONVERT(DATE,'2-3-2021',105)),
(1148,'5610067228254421',990,51,CONVERT(DATE,'30-6-2011',105)),
(1149,'5610217921553807',2310,86,CONVERT(DATE,'13-8-2011',105)),
(1150,'5610217921553807',2430,49,CONVERT(DATE,'25-2-2014',105)),
(1151,'5610255888291888',2200,23,CONVERT(DATE,'30-11-2019',105)),
(1152,'5610255888291888',220,55,CONVERT(DATE,'22-7-2021',105)),
(1153,'5610255888291888',690,18,CONVERT(DATE,'3-4-2010',105)),
(1154,'5610448283291799',1290,8,CONVERT(DATE,'13-7-2018',105)),
(1155,'5610448283291799',850,25,CONVERT(DATE,'21-7-2018',105)),
(1156,'5610448283291799',280,79,CONVERT(DATE,'28-6-2013',105)),
(1157,'5610448283291799',830,56,CONVERT(DATE,'14-10-2017',105)),
(1158,'561056291807543623',2380,72,CONVERT(DATE,'15-9-2017',105)),
(1159,'561056291807543623',1060,80,CONVERT(DATE,'15-12-2011',105)),
(1160,'561056291807543623',310,57,CONVERT(DATE,'23-11-2021',105)),
(1161,'630400174515878968',1480,65,CONVERT(DATE,'14-9-2016',105)),
(1162,'630400174515878968',1000,78,CONVERT(DATE,'12-10-2014',105)),
(1163,'630400174515878968',50,67,CONVERT(DATE,'29-4-2021',105)),
(1164,'630400174515878968',1650,77,CONVERT(DATE,'5-3-2008',105)),
(1165,'630400174515878968',1550,25,CONVERT(DATE,'20-2-2012',105)),
(1166,'630415802112588969',390,22,CONVERT(DATE,'9-7-2011',105)),
(1167,'630415802112588969',650,2,CONVERT(DATE,'12-12-2018',105)),
(1168,'630415802112588969',1940,79,CONVERT(DATE,'14-8-2015',105)),
(1169,'6304186574414609735',630,54,CONVERT(DATE,'6-8-2013',105)),
(1170,'6304186574414609735',140,2,CONVERT(DATE,'17-11-2013',105)),
(1171,'6304186574414609735',1430,19,CONVERT(DATE,'16-6-2010',105)),
(1172,'6304186574414609735',1440,11,CONVERT(DATE,'8-3-2018',105)),
(1173,'6304461132262878',60,62,CONVERT(DATE,'14-1-2008',105)),
(1174,'6304461132262878',1600,42,CONVERT(DATE,'12-2-2017',105)),
(1175,'6304461132262878',1300,24,CONVERT(DATE,'17-10-2008',105)),
(1176,'63046335544247343',1600,26,CONVERT(DATE,'14-4-2014',105)),
(1177,'63046335544247343',150,6,CONVERT(DATE,'15-8-2008',105)),
(1178,'63046335544247343',310,20,CONVERT(DATE,'29-11-2013',105)),
(1179,'630466977812649846',370,26,CONVERT(DATE,'9-6-2012',105)),
(1180,'630466977812649846',510,85,CONVERT(DATE,'10-3-2010',105)),
(1181,'630466977812649846',1050,16,CONVERT(DATE,'28-10-2013',105)),
(1182,'630466977812649846',220,49,CONVERT(DATE,'22-3-2015',105)),
(1183,'630466977812649846',1540,61,CONVERT(DATE,'4-8-2014',105)),
(1184,'6304809399264781',2290,1,CONVERT(DATE,'20-10-2018',105)),
(1185,'6304809399264781',1790,31,CONVERT(DATE,'24-9-2010',105)),
(1186,'6331100471451695',1440,75,CONVERT(DATE,'7-10-2014',105)),
(1187,'6331100471451695',1100,6,CONVERT(DATE,'13-5-2012',105)),
(1188,'6331100471451695',560,86,CONVERT(DATE,'6-12-2014',105)),
(1189,'6331100747082383116',10,85,CONVERT(DATE,'3-9-2014',105)),
(1190,'6331100747082383116',1900,29,CONVERT(DATE,'28-5-2009',105)),
(1191,'6331100747082383116',1900,37,CONVERT(DATE,'29-3-2022',105)),
(1192,'633110251712443179',2420,57,CONVERT(DATE,'25-4-2018',105)),
(1193,'633110251712443179',1470,27,CONVERT(DATE,'6-8-2019',105)),
(1194,'633110461488373316',1230,32,CONVERT(DATE,'23-9-2018',105)),
(1195,'633110461488373316',1590,7,CONVERT(DATE,'24-3-2011',105)),
(1196,'633110461488373316',150,56,CONVERT(DATE,'11-1-2011',105)),
(1197,'6331106877678674',2210,86,CONVERT(DATE,'3-10-2010',105)),
(1198,'6331106877678674',1200,58,CONVERT(DATE,'12-9-2009',105)),
(1199,'6331106877678674',220,50,CONVERT(DATE,'28-7-2013',105)),
(1200,'6331107991319781',2150,59,CONVERT(DATE,'18-1-2022',105)),
(1201,'6333260678108171',150,63,CONVERT(DATE,'26-8-2014',105)),
(1202,'6333260678108171',1720,59,CONVERT(DATE,'5-3-2017',105)),
(1203,'6333260678108171',2290,56,CONVERT(DATE,'13-12-2016',105)),
(1204,'6333260678108171',1630,37,CONVERT(DATE,'19-1-2011',105)),
(1205,'6333260678108171',210,22,CONVERT(DATE,'21-4-2011',105)),
(1206,'633375903429124944',870,31,CONVERT(DATE,'21-7-2011',105)),
(1207,'633375903429124944',140,3,CONVERT(DATE,'3-6-2015',105)),
(1208,'6333981359979097518',1630,62,CONVERT(DATE,'4-10-2009',105)),
(1209,'6333981359979097518',510,43,CONVERT(DATE,'3-4-2014',105)),
(1210,'633400977879960162',770,2,CONVERT(DATE,'21-12-2015',105)),
(1211,'633400977879960162',2010,80,CONVERT(DATE,'24-8-2008',105)),
(1212,'633400977879960162',2090,59,CONVERT(DATE,'1-6-2017',105)),
(1213,'633400977879960162',2430,55,CONVERT(DATE,'19-12-2019',105)),
(1214,'633400977879960162',1090,4,CONVERT(DATE,'1-10-2012',105)),
(1215,'633421013118643727',1890,5,CONVERT(DATE,'26-2-2012',105)),
(1216,'633421013118643727',2020,21,CONVERT(DATE,'7-3-2009',105)),
(1217,'633421013118643727',430,24,CONVERT(DATE,'31-5-2008',105)),
(1218,'633421013118643727',2250,3,CONVERT(DATE,'9-1-2014',105)),
(1219,'633421013118643727',70,2,CONVERT(DATE,'31-7-2022',105)),
(1220,'6370290067933537',1340,16,CONVERT(DATE,'14-7-2017',105)),
(1221,'6370290067933537',1220,66,CONVERT(DATE,'28-1-2020',105)),
(1222,'6370290067933537',1980,14,CONVERT(DATE,'23-9-2013',105)),
(1223,'6370290067933537',200,14,CONVERT(DATE,'23-3-2015',105)),
(1224,'6372142424651435',1570,85,CONVERT(DATE,'2-1-2013',105)),
(1225,'6372142424651435',2100,6,CONVERT(DATE,'25-8-2008',105)),
(1226,'6372142424651435',1540,42,CONVERT(DATE,'16-6-2019',105)),
(1227,'6372142424651435',360,24,CONVERT(DATE,'13-5-2016',105)),
(1228,'6374543828470801',2420,42,CONVERT(DATE,'5-10-2014',105)),
(1229,'6374543828470801',2090,63,CONVERT(DATE,'9-3-2012',105)),
(1230,'6374543828470801',1520,74,CONVERT(DATE,'9-10-2019',105)),
(1231,'6374543828470801',2220,7,CONVERT(DATE,'18-2-2016',105)),
(1232,'6374543828470801',1030,37,CONVERT(DATE,'5-12-2016',105)),
(1233,'6376426678029950',1400,42,CONVERT(DATE,'4-6-2014',105)),
(1234,'6376426678029950',1970,73,CONVERT(DATE,'2-1-2010',105)),
(1235,'6376426678029950',2210,19,CONVERT(DATE,'20-11-2014',105)),
(1236,'6380286951644840',1750,27,CONVERT(DATE,'22-8-2022',105)),
(1237,'6380286951644840',1490,75,CONVERT(DATE,'18-7-2020',105)),
(1238,'6380286951644840',1340,62,CONVERT(DATE,'2-9-2013',105)),
(1239,'6380286951644840',590,71,CONVERT(DATE,'4-6-2013',105)),
(1240,'6381488148018818',590,22,CONVERT(DATE,'16-3-2013',105)),
(1241,'6381488148018818',1330,51,CONVERT(DATE,'7-9-2017',105)),
(1242,'6381488148018818',2210,42,CONVERT(DATE,'5-1-2008',105)),
(1243,'6381488148018818',880,61,CONVERT(DATE,'11-6-2018',105)),
(1244,'6383086381009391',660,46,CONVERT(DATE,'23-11-2008',105)),
(1245,'6383086381009391',50,15,CONVERT(DATE,'30-10-2008',105)),
(1246,'6383086381009391',760,44,CONVERT(DATE,'2-4-2009',105)),
(1247,'6383086381009391',620,42,CONVERT(DATE,'9-2-2020',105)),
(1248,'6383086381009391',370,76,CONVERT(DATE,'26-3-2009',105)),
(1249,'6384674598254485',110,36,CONVERT(DATE,'29-12-2007',105)),
(1250,'6384674598254485',1900,63,CONVERT(DATE,'18-8-2019',105)),
(1251,'6384674598254485',1310,70,CONVERT(DATE,'10-8-2017',105)),
(1252,'6385599299408289',1720,25,CONVERT(DATE,'2-10-2012',105)),
(1253,'6385599299408289',2430,8,CONVERT(DATE,'16-10-2007',105)),
(1254,'6385599299408289',590,70,CONVERT(DATE,'26-4-2007',105)),
(1255,'6385599299408289',1310,3,CONVERT(DATE,'30-1-2022',105)),
(1256,'6385599299408289',1750,48,CONVERT(DATE,'11-9-2013',105)),
(1257,'6386552051233865',2250,84,CONVERT(DATE,'11-10-2021',105)),
(1258,'6386552051233865',1760,74,CONVERT(DATE,'30-8-2021',105)),
(1259,'6386552051233865',230,15,CONVERT(DATE,'23-4-2010',105)),
(1260,'6386552051233865',330,22,CONVERT(DATE,'9-1-2020',105)),
(1261,'6386552051233865',240,55,CONVERT(DATE,'23-3-2018',105)),
(1262,'6391983312754527',2370,61,CONVERT(DATE,'11-7-2020',105)),
(1263,'6391983312754527',1640,14,CONVERT(DATE,'2-1-2014',105)),
(1264,'6391983312754527',1200,13,CONVERT(DATE,'26-9-2011',105)),
(1265,'6391983312754527',2110,43,CONVERT(DATE,'21-2-2010',105)),
(1266,'6391983312754527',810,8,CONVERT(DATE,'22-7-2013',105)),
(1267,'6392697644882868',1080,30,CONVERT(DATE,'26-8-2018',105)),
(1268,'6393403339013169',400,72,CONVERT(DATE,'19-6-2009',105)),
(1269,'6395883628580507',1190,37,CONVERT(DATE,'7-10-2021',105)),
(1270,'6706190876729180',310,76,CONVERT(DATE,'28-8-2008',105)),
(1271,'6706190876729180',1100,52,CONVERT(DATE,'5-3-2011',105)),
(1272,'6706190876729180',510,9,CONVERT(DATE,'26-8-2021',105)),
(1273,'6706190876729180',1940,11,CONVERT(DATE,'20-10-2012',105)),
(1274,'6706190876729180',1070,71,CONVERT(DATE,'29-1-2007',105)),
(1275,'6706517282942280',680,54,CONVERT(DATE,'9-12-2014',105)),
(1276,'6706517282942280',30,30,CONVERT(DATE,'14-12-2007',105)),
(1277,'6706517282942280',2020,25,CONVERT(DATE,'5-2-2009',105)),
(1278,'6706517282942280',890,80,CONVERT(DATE,'15-10-2018',105)),
(1279,'6706517282942280',1850,58,CONVERT(DATE,'2-11-2014',105)),
(1280,'6706696296765022768',1210,24,CONVERT(DATE,'14-8-2014',105)),
(1281,'6706696296765022768',1320,59,CONVERT(DATE,'17-8-2014',105)),
(1282,'6706696296765022768',2240,52,CONVERT(DATE,'19-2-2015',105)),
(1283,'6706696296765022768',250,25,CONVERT(DATE,'10-6-2015',105)),
(1284,'6706696296765022768',1090,24,CONVERT(DATE,'1-12-2009',105)),
(1285,'6709547490708980',420,47,CONVERT(DATE,'29-11-2016',105)),
(1286,'6709547490708980',480,24,CONVERT(DATE,'22-11-2007',105)),
(1287,'6709547490708980',1820,34,CONVERT(DATE,'5-7-2022',105)),
(1288,'670961789007380152',2440,27,CONVERT(DATE,'26-12-2009',105)),
(1289,'67097230789751506',1070,49,CONVERT(DATE,'29-3-2014',105)),
(1290,'6709747392658693',510,59,CONVERT(DATE,'3-4-2007',105)),
(1291,'67590346725161592',2450,13,CONVERT(DATE,'6-5-2014',105)),
(1292,'67590346725161592',1800,75,CONVERT(DATE,'27-7-2020',105)),
(1293,'67590346725161592',1870,51,CONVERT(DATE,'27-4-2021',105)),
(1294,'6759171730551302532',1750,63,CONVERT(DATE,'3-5-2018',105)),
(1295,'6759171730551302532',740,25,CONVERT(DATE,'24-9-2021',105)),
(1296,'6759171730551302532',40,57,CONVERT(DATE,'29-7-2011',105)),
(1297,'6759171730551302532',880,76,CONVERT(DATE,'6-4-2021',105)),
(1298,'6759219299794517',1830,68,CONVERT(DATE,'27-3-2008',105)),
(1299,'6759219299794517',1030,25,CONVERT(DATE,'25-6-2011',105)),
(1300,'6759219299794517',2300,82,CONVERT(DATE,'1-6-2022',105)),
(1301,'6759278077429969',1410,29,CONVERT(DATE,'7-1-2013',105)),
(1302,'6759278077429969',2410,46,CONVERT(DATE,'15-10-2007',105)),
(1303,'675935640797904986',480,33,CONVERT(DATE,'3-11-2019',105)),
(1304,'675935640797904986',220,83,CONVERT(DATE,'8-7-2008',105)),
(1305,'675935640797904986',1150,50,CONVERT(DATE,'13-8-2011',105)),
(1306,'675940856916705939',1630,53,CONVERT(DATE,'14-6-2011',105)),
(1307,'675940856916705939',500,7,CONVERT(DATE,'29-3-2013',105)),
(1308,'675940856916705939',1080,22,CONVERT(DATE,'19-7-2009',105)),
(1309,'675940856916705939',100,3,CONVERT(DATE,'16-11-2018',105)),
(1310,'675940856916705939',1560,45,CONVERT(DATE,'21-1-2019',105)),
(1311,'6759479480860507',1640,69,CONVERT(DATE,'5-3-2014',105)),
(1312,'6759479480860507',1090,11,CONVERT(DATE,'21-2-2007',105)),
(1313,'6759479480860507',610,59,CONVERT(DATE,'15-6-2015',105)),
(1314,'6759479480860507',270,43,CONVERT(DATE,'24-4-2011',105)),
(1315,'6759791248221529806',1230,17,CONVERT(DATE,'13-3-2016',105)),
(1316,'6759791248221529806',1880,54,CONVERT(DATE,'30-3-2015',105)),
(1317,'675986042527240443',1100,68,CONVERT(DATE,'1-5-2009',105)),
(1318,'675986042527240443',390,46,CONVERT(DATE,'21-4-2019',105)),
(1319,'67611729706410895',1590,7,CONVERT(DATE,'11-4-2010',105)),
(1320,'67611729706410895',1770,58,CONVERT(DATE,'16-5-2007',105)),
(1321,'67611729706410895',250,55,CONVERT(DATE,'3-3-2009',105)),
(1322,'676120792052315177',1290,76,CONVERT(DATE,'22-5-2010',105)),
(1323,'676120792052315177',2170,66,CONVERT(DATE,'7-1-2011',105)),
(1324,'676120792052315177',620,28,CONVERT(DATE,'27-4-2018',105)),
(1325,'6761258418333043',1990,65,CONVERT(DATE,'14-2-2013',105)),
(1326,'6761258418333043',2410,16,CONVERT(DATE,'13-3-2012',105)),
(1327,'6761258418333043',210,76,CONVERT(DATE,'19-7-2012',105)),
(1328,'6761258418333043',1940,6,CONVERT(DATE,'13-3-2011',105)),
(1329,'676222519979772876',640,1,CONVERT(DATE,'2-1-2016',105)),
(1330,'676222519979772876',180,81,CONVERT(DATE,'13-9-2022',105)),
(1331,'676222519979772876',410,79,CONVERT(DATE,'3-1-2012',105)),
(1332,'67622767188193297',2200,13,CONVERT(DATE,'15-10-2019',105)),
(1333,'67622767188193297',30,19,CONVERT(DATE,'1-12-2021',105)),
(1334,'6762355853935057',1260,85,CONVERT(DATE,'21-6-2008',105)),
(1335,'6762355853935057',410,14,CONVERT(DATE,'29-11-2013',105)),
(1336,'6762355853935057',1150,85,CONVERT(DATE,'20-8-2020',105)),
(1337,'6762355853935057',2480,2,CONVERT(DATE,'8-10-2017',105)),
(1338,'67629884540120505',90,77,CONVERT(DATE,'1-9-2015',105)),
(1339,'67629884540120505',1030,80,CONVERT(DATE,'13-12-2015',105)),
(1340,'67629884540120505',2040,62,CONVERT(DATE,'21-4-2019',105)),
(1341,'67629884540120505',1120,16,CONVERT(DATE,'29-3-2016',105)),
(1342,'6763200761697226',1930,36,CONVERT(DATE,'14-5-2011',105)),
(1343,'6763200761697226',1140,14,CONVERT(DATE,'22-11-2008',105)),
(1344,'6763200761697226',1090,68,CONVERT(DATE,'6-10-2022',105)),
(1345,'6763200761697226',1840,44,CONVERT(DATE,'23-2-2011',105)),
(1346,'6763200761697226',320,44,CONVERT(DATE,'16-3-2009',105)),
(1347,'6763486701335736610',520,21,CONVERT(DATE,'24-8-2018',105)),
(1348,'6763972705059396',2370,65,CONVERT(DATE,'13-11-2020',105)),
(1349,'6763972705059396',610,7,CONVERT(DATE,'11-4-2011',105)),
(1350,'6767194131657216',1500,22,CONVERT(DATE,'12-7-2007',105)),
(1351,'6767194131657216',2350,60,CONVERT(DATE,'24-9-2016',105)),
(1352,'6767194131657216',1160,1,CONVERT(DATE,'9-4-2020',105)),
(1353,'6767194131657216',2180,77,CONVERT(DATE,'6-2-2020',105)),
(1354,'6767540646214366',840,12,CONVERT(DATE,'27-6-2020',105)),
(1355,'6767540646214366',1800,3,CONVERT(DATE,'25-8-2014',105)),
(1356,'6767540646214366',450,13,CONVERT(DATE,'14-5-2016',105)),
(1357,'6767733260832950879',1030,39,CONVERT(DATE,'2-1-2017',105)),
(1358,'6767733260832950879',1810,53,CONVERT(DATE,'7-10-2008',105)),
(1359,'6767733260832950879',1890,60,CONVERT(DATE,'1-12-2013',105)),
(1360,'6767733260832950879',490,12,CONVERT(DATE,'16-1-2019',105)),
(1361,'6767733260832950879',2370,10,CONVERT(DATE,'13-11-2013',105)),
(1362,'6767827877857082',520,39,CONVERT(DATE,'21-11-2017',105)),
(1363,'6767902773326522',30,40,CONVERT(DATE,'6-10-2019',105)),
(1364,'6767902773326522',160,82,CONVERT(DATE,'1-5-2012',105)),
(1365,'6767902773326522',870,13,CONVERT(DATE,'12-3-2014',105)),
(1366,'6767902773326522',2380,85,CONVERT(DATE,'12-4-2012',105)),
(1367,'6767902773326522',2090,80,CONVERT(DATE,'26-9-2012',105)),
(1368,'6771162572428662052',1420,83,CONVERT(DATE,'11-4-2008',105)),
(1369,'6771510211345444174',100,24,CONVERT(DATE,'29-1-2009',105))

INSERT INTO [Withdraws] VALUES
(1,'6767733260832950879',370,80,CONVERT(DATE,'24-06-2011',105)),
(2,'6767733260832950879',180,50,CONVERT(DATE,'18-11-2013',105)),
(3,'6767733260832950879',1530,50,CONVERT(DATE,'17-12-2015',105)),
(4,'6767733260832950879',1640,79,CONVERT(DATE,'01-06-2018',105)),
(5,'4017958126609405',40,24,CONVERT(DATE,'01-10-2012',105)),
(6,'3553394739569566',430,66,CONVERT(DATE,'16-07-2009',105)),
(7,'3553394739569566',410,66,CONVERT(DATE,'29-09-2009',105)),
(8,'3553394739569566',910,73,CONVERT(DATE,'20-12-2012',105)),
(9,'5610448283291799',290,22,CONVERT(DATE,'27-08-2013',105)),
(10,'5108759701882616',1130,65,CONVERT(DATE,'19-04-2016',105)),
(11,'3553394739569566',2030,39,CONVERT(DATE,'06-09-2017',105)),
(12,'5610448283291799',2240,84,CONVERT(DATE,'20-04-2018',105)),
(13,'5610448283291799',2690,71,CONVERT(DATE,'17-07-2018',105)),
(14,'5610448283291799',2540,82,CONVERT(DATE,'18-08-2018',105)),
(15,'3564290435393557',60,27,CONVERT(DATE,'03-07-2009',105)),
(16,'342813972450376',20,33,CONVERT(DATE,'09-10-2012',105)),
(17,'3564290435393557',350,4,CONVERT(DATE,'05-03-2014',105)),
(18,'3564290435393557',10,11,CONVERT(DATE,'16-06-2017',105)),
(19,'3564290435393557',700,10,CONVERT(DATE,'04-02-2018',105)),
(20,'342813972450376',570,75,CONVERT(DATE,'18-08-2018',105)),
(21,'3532918720961576',380,5,CONVERT(DATE,'03-12-2008',105)),
(22,'3561986651645009',350,40,CONVERT(DATE,'18-10-2009',105)),
(23,'3532918720961576',990,30,CONVERT(DATE,'06-12-2009',105)),
(24,'56022521221573505',1800,81,CONVERT(DATE,'02-07-2011',105)),
(25,'3561986651645009',540,13,CONVERT(DATE,'31-10-2011',105)),
(26,'3532918720961576',730,12,CONVERT(DATE,'15-08-2012',105)),
(27,'56022521221573505',140,35,CONVERT(DATE,'01-07-2013',105)),
(28,'3561986651645009',1280,73,CONVERT(DATE,'19-07-2014',105)),
(29,'56022521221573505',1040,10,CONVERT(DATE,'26-11-2015',105)),
(30,'3532918720961576',830,17,CONVERT(DATE,'10-05-2018',105)),
(31,'56022521221573505',2960,77,CONVERT(DATE,'11-05-2019',105)),
(32,'3550342781737824',120,52,CONVERT(DATE,'29-11-2012',105)),
(33,'3536857301814422',470,32,CONVERT(DATE,'29-11-2007',105)),
(34,'3560533611043155',300,69,CONVERT(DATE,'03-06-2008',105)),
(35,'3536857301814422',480,43,CONVERT(DATE,'30-08-2014',105)),
(36,'3536857301814422',380,54,CONVERT(DATE,'18-06-2015',105)),
(37,'3560533611043155',1400,14,CONVERT(DATE,'10-05-2016',105)),
(38,'3536857301814422',690,10,CONVERT(DATE,'21-06-2019',105)),
(39,'3536857301814422',2480,18,CONVERT(DATE,'16-09-2019',105)),
(40,'3542083376979915',110,27,CONVERT(DATE,'15-08-2009',105)),
(41,'3542083376979915',780,84,CONVERT(DATE,'23-12-2013',105)),
(42,'3542083376979915',430,37,CONVERT(DATE,'07-05-2017',105)),
(43,'3542083376979915',740,23,CONVERT(DATE,'16-01-2019',105)),
(44,'30242870366251',600,41,CONVERT(DATE,'11-06-2016',105)),
(45,'30242870366251',90,27,CONVERT(DATE,'03-12-2016',105)),
(46,'30242870366251',510,32,CONVERT(DATE,'28-03-2017',105)),
(47,'30242870366251',240,54,CONVERT(DATE,'04-03-2018',105)),
(48,'50208359548162556',900,19,CONVERT(DATE,'14-07-2013',105)),
(49,'50208359548162556',1320,1,CONVERT(DATE,'25-09-2017',105)),
(50,'6759278077429969',130,6,CONVERT(DATE,'30-04-2009',105)),
(51,'201871826889165',20,53,CONVERT(DATE,'26-01-2013',105)),
(52,'5602243364303971',280,47,CONVERT(DATE,'01-10-2013',105)),
(53,'5602243364303971',870,83,CONVERT(DATE,'03-12-2015',105)),
(54,'5602243364303971',360,31,CONVERT(DATE,'17-04-2017',105)),
(55,'3568739207341372',110,61,CONVERT(DATE,'30-11-2011',105)),
(56,'3568739207341372',560,43,CONVERT(DATE,'01-04-2013',105)),
(57,'3568739207341372',700,32,CONVERT(DATE,'03-09-2016',105)),
(58,'3568739207341372',880,35,CONVERT(DATE,'01-02-2018',105)),
(59,'0604041071005273611',350,73,CONVERT(DATE,'02-05-2010',105)),
(60,'0604041071005273611',910,83,CONVERT(DATE,'11-03-2011',105)),
(61,'0604041071005273611',750,7,CONVERT(DATE,'23-09-2016',105)),
(62,'0604041071005273611',190,70,CONVERT(DATE,'16-06-2017',105)),
(63,'5602220335291444',40,3,CONVERT(DATE,'20-06-2008',105)),
(64,'5269572745814429',340,10,CONVERT(DATE,'21-04-2009',105)),
(65,'5269572745814429',120,44,CONVERT(DATE,'24-08-2009',105)),
(66,'5269572745814429',90,34,CONVERT(DATE,'09-11-2016',105)),
(67,'5602220335291444',260,1,CONVERT(DATE,'12-04-2017',105)),
(68,'5602220335291444',110,66,CONVERT(DATE,'30-10-2019',105)),
(69,'5602218278991996',140,46,CONVERT(DATE,'22-12-2007',105)),
(70,'5602218278991996',250,8,CONVERT(DATE,'01-09-2010',105)),
(71,'5602218278991996',50,49,CONVERT(DATE,'18-04-2015',105)),
(72,'5602251303356596',490,41,CONVERT(DATE,'09-05-2008',105)),
(73,'5602251303356596',780,59,CONVERT(DATE,'30-09-2009',105)),
(74,'67097230789751506',1100,19,CONVERT(DATE,'19-09-2015',105)),
(75,'5602251303356596',1200,11,CONVERT(DATE,'29-09-2016',105)),
(76,'3575519605762101',100,8,CONVERT(DATE,'13-06-2012',105)),
(77,'3575519605762101',650,62,CONVERT(DATE,'05-10-2012',105)),
(78,'3575519605762101',330,8,CONVERT(DATE,'16-03-2013',105)),
(79,'3575519605762101',320,70,CONVERT(DATE,'02-09-2016',105)),
(80,'5146148763553915',260,79,CONVERT(DATE,'13-09-2008',105)),
(81,'5146148763553915',140,69,CONVERT(DATE,'04-03-2009',105)),
(82,'5146148763553915',590,76,CONVERT(DATE,'26-06-2010',105)),
(83,'3574430646269877',870,80,CONVERT(DATE,'14-03-2012',105)),
(84,'5146148763553915',1900,27,CONVERT(DATE,'04-01-2013',105)),
(85,'5146148763553915',320,84,CONVERT(DATE,'14-05-2015',105)),
(86,'3574430646269877',2560,41,CONVERT(DATE,'03-11-2016',105)),
(87,'3574430646269877',2260,40,CONVERT(DATE,'07-11-2017',105)),
(88,'3574430646269877',3890,67,CONVERT(DATE,'23-04-2019',105)),
(89,'560223473112182178',60,24,CONVERT(DATE,'17-11-2016',105)),
(90,'337941822931886',170,30,CONVERT(DATE,'12-01-2009',105)),
(91,'337941822931886',240,41,CONVERT(DATE,'23-10-2009',105)),
(92,'337941822931886',400,48,CONVERT(DATE,'02-09-2011',105)),
(93,'6370290067933537',950,62,CONVERT(DATE,'08-12-2013',105)),
(94,'6370290067933537',980,40,CONVERT(DATE,'20-05-2016',105)),
(95,'6370290067933537',630,64,CONVERT(DATE,'19-05-2019',105)),
(96,'201466716034327',550,76,CONVERT(DATE,'26-12-2011',105)),
(97,'201466716034327',370,80,CONVERT(DATE,'02-02-2012',105)),
(98,'201466716034327',490,39,CONVERT(DATE,'14-10-2012',105)),
(99,'201466716034327',1270,36,CONVERT(DATE,'09-02-2017',105)),
(100,'3531950922715824',530,84,CONVERT(DATE,'27-12-2015',105)),
(101,'3531950922715824',670,14,CONVERT(DATE,'15-12-2017',105)),
(102,'3531950922715824',1800,12,CONVERT(DATE,'23-07-2019',105)),
(103,'3556133444573829',390,22,CONVERT(DATE,'02-04-2010',105)),
(104,'3556133444573829',1350,72,CONVERT(DATE,'26-03-2018',105)),
(105,'3549323678371269',280,60,CONVERT(DATE,'15-04-2013',105)),
(106,'3549323678371269',540,38,CONVERT(DATE,'03-01-2014',105)),
(107,'5002352740179686',1220,16,CONVERT(DATE,'08-05-2019',105)),
(108,'6391983312754527',270,66,CONVERT(DATE,'21-05-2011',105)),
(109,'6391983312754527',640,24,CONVERT(DATE,'01-12-2011',105)),
(110,'6391983312754527',1080,57,CONVERT(DATE,'13-12-2013',105)),
(111,'6391983312754527',170,61,CONVERT(DATE,'14-10-2017',105)),
(112,'5602258887432917',150,61,CONVERT(DATE,'11-06-2008',105)),
(113,'5602258887432917',150,84,CONVERT(DATE,'15-10-2009',105)),
(114,'5602258887432917',130,21,CONVERT(DATE,'10-05-2013',105)),
(115,'3563876262083138',840,27,CONVERT(DATE,'15-10-2018',105)),
(116,'5602258887432917',1100,60,CONVERT(DATE,'03-07-2021',105)),
(117,'5602221562485451',300,29,CONVERT(DATE,'04-06-2012',105)),
(118,'5602247886487998',100,66,CONVERT(DATE,'16-03-2012',105)),
(119,'5100170422841238',130,8,CONVERT(DATE,'02-07-2014',105)),
(120,'5602247886487998',120,65,CONVERT(DATE,'02-06-2021',105)),
(121,'3555556511347084',320,60,CONVERT(DATE,'28-01-2011',105)),
(122,'3555556511347084',420,73,CONVERT(DATE,'24-12-2011',105)),
(123,'3555556511347084',430,75,CONVERT(DATE,'29-05-2017',105)),
(124,'3555556511347084',790,82,CONVERT(DATE,'20-12-2019',105)),
(125,'5100172682771758',10,23,CONVERT(DATE,'21-01-2010',105)),
(126,'3561016057060361',50,48,CONVERT(DATE,'21-04-2010',105)),
(127,'3561016057060361',550,57,CONVERT(DATE,'10-02-2012',105)),
(128,'3561016057060361',1080,8,CONVERT(DATE,'19-11-2018',105)),
(129,'6706696296765022768',200,16,CONVERT(DATE,'10-06-2012',105)),
(130,'6706696296765022768',70,43,CONVERT(DATE,'14-08-2014',105)),
(131,'6706696296765022768',150,34,CONVERT(DATE,'17-10-2014',105)),
(132,'6706696296765022768',490,27,CONVERT(DATE,'07-03-2015',105)),
(133,'3528241879383401',250,58,CONVERT(DATE,'16-05-2017',105)),
(134,'5020740998434993',10,75,CONVERT(DATE,'18-08-2009',105)),
(135,'5020740998434993',20,21,CONVERT(DATE,'30-03-2012',105)),
(136,'5020740998434993',160,51,CONVERT(DATE,'17-10-2014',105)),
(137,'5020740998434993',1640,43,CONVERT(DATE,'19-11-2016',105)),
(138,'6333981359979097518',510,15,CONVERT(DATE,'18-07-2010',105)),
(139,'4936028390064290301',20,10,CONVERT(DATE,'11-03-2016',105)),
(140,'3529196226076638',90,37,CONVERT(DATE,'25-05-2022',105)),
(141,'675940856916705939',70,41,CONVERT(DATE,'22-04-2010',105)),
(142,'675940856916705939',730,74,CONVERT(DATE,'15-06-2012',105)),
(143,'675940856916705939',790,70,CONVERT(DATE,'15-09-2013',105)),
(144,'675940856916705939',310,59,CONVERT(DATE,'27-12-2018',105)),
(145,'5602213295387682',20,46,CONVERT(DATE,'11-02-2017',105)),
(146,'5602213295387682',80,40,CONVERT(DATE,'02-02-2018',105)),
(147,'5602213295387682',350,31,CONVERT(DATE,'02-06-2018',105)),
(148,'3583772372562770',10,51,CONVERT(DATE,'21-07-2007',105)),
(149,'6762355853935057',620,82,CONVERT(DATE,'29-08-2009',105)),
(150,'6762355853935057',580,31,CONVERT(DATE,'16-06-2015',105)),
(151,'6762355853935057',1080,65,CONVERT(DATE,'05-07-2018',105)),
(152,'372301276774066',90,14,CONVERT(DATE,'21-02-2012',105)),
(153,'372301276774066',20,18,CONVERT(DATE,'06-06-2013',105)),
(154,'372301276774066',190,54,CONVERT(DATE,'03-11-2016',105)),
(155,'372301276774066',470,74,CONVERT(DATE,'09-08-2019',105)),
(156,'6763972705059396',90,73,CONVERT(DATE,'05-04-2012',105)),
(157,'201464450985689',390,36,CONVERT(DATE,'18-06-2011',105)),
(158,'201464450985689',260,72,CONVERT(DATE,'16-11-2013',105)),
(159,'201464450985689',430,39,CONVERT(DATE,'08-11-2014',105)),
(160,'6380286951644840',110,12,CONVERT(DATE,'09-08-2013',105)),
(161,'6380286951644840',190,29,CONVERT(DATE,'15-10-2014',105)),
(162,'6380286951644840',20,82,CONVERT(DATE,'08-01-2022',105)),
(163,'490535834198647843',120,72,CONVERT(DATE,'20-08-2011',105)),
(164,'490535834198647843',390,10,CONVERT(DATE,'11-03-2016',105)),
(165,'67629884540120505',10,63,CONVERT(DATE,'25-11-2015',105)),
(166,'67629884540120505',270,27,CONVERT(DATE,'18-01-2016',105)),
(167,'67629884540120505',40,3,CONVERT(DATE,'09-01-2019',105)),
(168,'3540066317225425',410,2,CONVERT(DATE,'16-07-2009',105)),
(169,'3540066317225425',890,43,CONVERT(DATE,'09-02-2011',105)),
(170,'3540066317225425',1420,39,CONVERT(DATE,'21-05-2011',105)),
(171,'3540066317225425',240,81,CONVERT(DATE,'05-12-2012',105)),
(172,'3540066317225425',1070,54,CONVERT(DATE,'05-12-2016',105)),
(173,'201935579571104',50,8,CONVERT(DATE,'06-07-2008',105)),
(174,'201700067098907',620,43,CONVERT(DATE,'17-01-2018',105)),
(175,'6767194131657216',210,19,CONVERT(DATE,'10-11-2011',105)),
(176,'6767194131657216',1210,27,CONVERT(DATE,'27-05-2019',105)),
(177,'6767194131657216',920,29,CONVERT(DATE,'13-03-2020',105)),
(178,'5610067228254421',170,3,CONVERT(DATE,'10-02-2011',105)),
(179,'5610067228254421',20,59,CONVERT(DATE,'02-09-2011',105)),
(180,'5610067228254421',30,46,CONVERT(DATE,'17-07-2018',105)),
(181,'5610067228254421',1430,24,CONVERT(DATE,'08-04-2021',105)),
(182,'3537072603817029',20,45,CONVERT(DATE,'10-04-2010',105)),
(183,'3537072603817029',290,35,CONVERT(DATE,'05-12-2011',105)),
(184,'3537072603817029',130,10,CONVERT(DATE,'05-06-2019',105)),
(185,'3537072603817029',550,40,CONVERT(DATE,'13-03-2020',105)),
(186,'6761258418333043',350,78,CONVERT(DATE,'02-05-2011',105)),
(187,'6761258418333043',50,4,CONVERT(DATE,'24-03-2012',105)),
(188,'6761258418333043',750,50,CONVERT(DATE,'26-10-2012',105)),
(189,'675935640797904986',10,19,CONVERT(DATE,'19-03-2009',105)),
(190,'675935640797904986',50,32,CONVERT(DATE,'23-04-2014',105)),
(191,'3566289300276739',70,44,CONVERT(DATE,'18-06-2009',105)),
(192,'3566289300276739',50,41,CONVERT(DATE,'21-04-2016',105)),
(193,'3546529031304036',470,8,CONVERT(DATE,'17-11-2014',105)),
(194,'3585479703863566',1070,54,CONVERT(DATE,'26-02-2015',105)),
(195,'3546529031304036',190,75,CONVERT(DATE,'03-05-2015',105)),
(196,'3585479703863566',900,74,CONVERT(DATE,'14-01-2017',105)),
(197,'3585479703863566',440,69,CONVERT(DATE,'26-02-2017',105)),
(198,'3546529031304036',1900,41,CONVERT(DATE,'05-05-2018',105)),
(199,'3585479703863566',1280,23,CONVERT(DATE,'16-09-2020',105)),
(200,'3546529031304036',2260,60,CONVERT(DATE,'19-02-2022',105)),
(201,'337941460841736',110,36,CONVERT(DATE,'25-03-2013',105)),
(202,'371478217100832',50,10,CONVERT(DATE,'12-09-2016',105)),
(203,'371478217100832',160,39,CONVERT(DATE,'21-12-2020',105)),
(204,'3531089295124767',420,60,CONVERT(DATE,'25-08-2014',105)),
(205,'3531089295124767',200,44,CONVERT(DATE,'04-06-2019',105)),
(206,'3560594998942898',20,86,CONVERT(DATE,'08-09-2008',105)),
(207,'3560594998942898',240,19,CONVERT(DATE,'21-09-2010',105)),
(208,'3560594998942898',1150,70,CONVERT(DATE,'11-05-2018',105)),
(209,'3549108192254905',110,77,CONVERT(DATE,'05-01-2010',105)),
(210,'3549108192254905',390,11,CONVERT(DATE,'16-10-2012',105)),
(211,'3549108192254905',1440,28,CONVERT(DATE,'13-11-2016',105)),
(212,'3549108192254905',160,84,CONVERT(DATE,'01-03-2017',105)),
(213,'630400174515878968',480,12,CONVERT(DATE,'11-10-2009',105)),
(214,'5007663874216994',270,7,CONVERT(DATE,'10-11-2011',105)),
(215,'630400174515878968',1400,68,CONVERT(DATE,'24-10-2012',105)),
(216,'630400174515878968',430,34,CONVERT(DATE,'31-08-2016',105)),
(217,'630400174515878968',660,35,CONVERT(DATE,'26-09-2016',105)),
(218,'3567950627852317',200,28,CONVERT(DATE,'10-05-2020',105)),
(219,'3567950627852317',90,29,CONVERT(DATE,'28-02-2021',105)),
(220,'201876402720486',140,28,CONVERT(DATE,'26-10-2012',105)),
(221,'201876402720486',190,66,CONVERT(DATE,'17-05-2016',105)),
(222,'201876402720486',690,11,CONVERT(DATE,'08-09-2018',105)),
(223,'3551790106466207',10,51,CONVERT(DATE,'08-06-2013',105)),
(224,'5007664904066359',150,16,CONVERT(DATE,'11-08-2014',105)),
(225,'5007664904066359',150,82,CONVERT(DATE,'28-03-2016',105)),
(226,'5007664904066359',40,23,CONVERT(DATE,'15-05-2017',105)),
(227,'5007664904066359',480,50,CONVERT(DATE,'06-09-2017',105)),
(228,'3539354960643109',470,50,CONVERT(DATE,'17-05-2007',105)),
(229,'201442223382392',200,74,CONVERT(DATE,'10-01-2019',105)),
(230,'6763200761697226',130,47,CONVERT(DATE,'15-12-2008',105)),
(231,'6763200761697226',350,25,CONVERT(DATE,'08-11-2010',105)),
(232,'6763200761697226',910,12,CONVERT(DATE,'16-03-2011',105)),
(233,'6763200761697226',220,2,CONVERT(DATE,'12-05-2015',105)),
(234,'30338535439838',100,74,CONVERT(DATE,'22-10-2011',105)),
(235,'30338535439838',740,32,CONVERT(DATE,'27-02-2013',105)),
(236,'5100142559064207',260,9,CONVERT(DATE,'24-01-2016',105)),
(237,'5100142559064207',570,54,CONVERT(DATE,'17-12-2020',105)),
(238,'30338535439838',240,36,CONVERT(DATE,'17-12-2021',105)),
(239,'30338535439838',2040,44,CONVERT(DATE,'31-10-2022',105)),
(240,'4913496706825070',20,82,CONVERT(DATE,'03-06-2009',105)),
(241,'4913496706825070',240,13,CONVERT(DATE,'19-09-2010',105)),
(242,'4913496706825070',460,33,CONVERT(DATE,'16-03-2011',105)),
(243,'4913496706825070',400,16,CONVERT(DATE,'22-08-2020',105)),
(244,'561056291807543623',40,68,CONVERT(DATE,'26-03-2014',105)),
(245,'561056291807543623',1130,78,CONVERT(DATE,'26-07-2019',105)),
(246,'6386552051233865',20,4,CONVERT(DATE,'03-05-2010',105)),
(247,'3545273067569011',390,43,CONVERT(DATE,'20-04-2013',105)),
(248,'374622254755167',810,3,CONVERT(DATE,'22-09-2013',105)),
(249,'3545273067569011',690,71,CONVERT(DATE,'15-04-2014',105)),
(250,'3545273067569011',2800,63,CONVERT(DATE,'18-02-2015',105)),
(251,'374622254755167',2010,76,CONVERT(DATE,'25-09-2016',105)),
(252,'374622254755167',4010,40,CONVERT(DATE,'01-03-2018',105)),
(253,'6386552051233865',1180,63,CONVERT(DATE,'02-08-2018',105)),
(254,'374622254755167',2310,16,CONVERT(DATE,'07-01-2020',105)),
(255,'6386552051233865',2040,62,CONVERT(DATE,'07-04-2020',105)),
(256,'6386552051233865',3480,18,CONVERT(DATE,'09-09-2021',105)),
(257,'493651543509687982',400,18,CONVERT(DATE,'19-07-2010',105)),
(258,'493651543509687982',760,75,CONVERT(DATE,'14-11-2010',105)),
(259,'493651543509687982',380,27,CONVERT(DATE,'23-08-2014',105)),
(260,'6304186574414609735',50,20,CONVERT(DATE,'19-12-2010',105)),
(261,'6304186574414609735',600,15,CONVERT(DATE,'17-11-2013',105)),
(262,'6304186574414609735',640,14,CONVERT(DATE,'30-03-2015',105)),
(263,'6304186574414609735',240,30,CONVERT(DATE,'25-02-2019',105)),
(264,'3543227276454094',840,13,CONVERT(DATE,'01-06-2019',105)),
(265,'3529515235448712',360,79,CONVERT(DATE,'21-09-2010',105)),
(266,'5100179793661174',460,84,CONVERT(DATE,'25-12-2011',105)),
(267,'3529515235448712',480,34,CONVERT(DATE,'10-12-2014',105)),
(268,'3529515235448712',460,31,CONVERT(DATE,'12-02-2020',105)),
(269,'3529515235448712',1260,80,CONVERT(DATE,'03-04-2020',105)),
(270,'3563045436411696',90,85,CONVERT(DATE,'17-07-2015',105)),
(271,'5602223816517535',630,85,CONVERT(DATE,'21-03-2008',105)),
(272,'50184631578714243',370,42,CONVERT(DATE,'10-10-2008',105)),
(273,'5602223816517535',1460,39,CONVERT(DATE,'04-05-2011',105)),
(274,'5602223816517535',480,41,CONVERT(DATE,'22-12-2012',105)),
(275,'3539415381991003',80,25,CONVERT(DATE,'06-02-2021',105)),
(276,'4175005092637503',400,31,CONVERT(DATE,'15-01-2013',105)),
(277,'4175005092637503',700,63,CONVERT(DATE,'29-11-2015',105)),
(278,'4175005092637503',380,8,CONVERT(DATE,'14-03-2017',105)),
(279,'6304461132262878',10,16,CONVERT(DATE,'02-09-2008',105)),
(280,'6304461132262878',390,34,CONVERT(DATE,'20-03-2015',105)),
(281,'56022430333252562',510,61,CONVERT(DATE,'19-01-2016',105)),
(282,'3567677575743202',140,17,CONVERT(DATE,'13-04-2011',105)),
(283,'3567677575743202',110,1,CONVERT(DATE,'19-09-2020',105)),
(284,'3532729689299365',180,67,CONVERT(DATE,'23-10-2019',105)),
(285,'36690731626616',220,3,CONVERT(DATE,'20-12-2010',105)),
(286,'36690731626616',200,6,CONVERT(DATE,'12-07-2015',105)),
(287,'36690731626616',720,82,CONVERT(DATE,'02-09-2016',105)),
(288,'36690731626616',1330,51,CONVERT(DATE,'02-06-2021',105)),
(289,'343909198397190',730,58,CONVERT(DATE,'17-04-2017',105)),
(290,'30058474947456',840,62,CONVERT(DATE,'17-01-2019',105)),
(291,'347151695078074',110,85,CONVERT(DATE,'16-03-2017',105)),
(292,'633400977879960162',330,75,CONVERT(DATE,'30-08-2012',105)),
(293,'633400977879960162',40,51,CONVERT(DATE,'06-01-2014',105)),
(294,'633400977879960162',180,43,CONVERT(DATE,'21-04-2016',105)),
(295,'633400977879960162',440,48,CONVERT(DATE,'11-04-2019',105)),
(296,'5144878953176703',40,29,CONVERT(DATE,'24-09-2009',105)),
(297,'374283710655978',320,13,CONVERT(DATE,'09-05-2011',105)),
(298,'5144878953176703',1110,62,CONVERT(DATE,'24-11-2012',105)),
(299,'5144878953176703',1220,12,CONVERT(DATE,'18-08-2015',105)),
(300,'374283710655978',1040,7,CONVERT(DATE,'25-06-2019',105)),
(301,'201807471240148',240,17,CONVERT(DATE,'13-07-2021',105)),
(302,'3588458889501098',50,7,CONVERT(DATE,'19-01-2014',105)),
(303,'3588458889501098',300,29,CONVERT(DATE,'14-01-2022',105)),
(304,'3531461412798239',10,80,CONVERT(DATE,'09-04-2016',105)),
(305,'3531461412798239',690,50,CONVERT(DATE,'18-04-2018',105)),
(306,'3531461412798239',340,80,CONVERT(DATE,'29-07-2018',105)),
(307,'3531461412798239',100,67,CONVERT(DATE,'16-11-2019',105)),
(308,'5048372469871707',180,48,CONVERT(DATE,'23-09-2016',105)),
(309,'3577066630990073',600,52,CONVERT(DATE,'08-12-2017',105)),
(310,'6763486701335736610',620,76,CONVERT(DATE,'20-01-2019',105)),
(311,'3577066630990073',410,12,CONVERT(DATE,'28-01-2020',105)),
(312,'5220119512545337',200,72,CONVERT(DATE,'11-11-2009',105)),
(313,'5220119512545337',600,29,CONVERT(DATE,'18-03-2010',105)),
(314,'3582539562603800',300,73,CONVERT(DATE,'17-07-2012',105)),
(315,'3582539562603800',550,4,CONVERT(DATE,'11-02-2015',105)),
(316,'5220119512545337',560,36,CONVERT(DATE,'01-02-2016',105)),
(317,'3579837842122855',280,39,CONVERT(DATE,'22-02-2017',105)),
(318,'5220119512545337',590,79,CONVERT(DATE,'08-04-2017',105)),
(319,'3579837842122855',620,61,CONVERT(DATE,'18-10-2017',105)),
(320,'4905426434615041459',30,83,CONVERT(DATE,'23-10-2012',105)),
(321,'4905426434615041459',590,41,CONVERT(DATE,'20-06-2013',105)),
(322,'4905426434615041459',390,47,CONVERT(DATE,'17-02-2015',105)),
(323,'4905426434615041459',970,13,CONVERT(DATE,'20-01-2017',105)),
(324,'3563257295761885',200,81,CONVERT(DATE,'30-09-2016',105)),
(325,'3563257295761885',370,6,CONVERT(DATE,'10-12-2016',105)),
(326,'4041591175763656',330,85,CONVERT(DATE,'16-04-2007',105)),
(327,'3546116859654138',1030,29,CONVERT(DATE,'08-10-2008',105)),
(328,'4041591175763656',1850,35,CONVERT(DATE,'11-11-2018',105)),
(329,'4041591175763656',2920,80,CONVERT(DATE,'04-03-2020',105)),
(330,'3574236058941261',190,85,CONVERT(DATE,'26-07-2011',105)),
(331,'3531499176825913',160,36,CONVERT(DATE,'13-08-2016',105)),
(332,'3574236058941261',860,44,CONVERT(DATE,'19-05-2017',105)),
(333,'3531499176825913',150,48,CONVERT(DATE,'23-08-2019',105)),
(334,'3531499176825913',2260,32,CONVERT(DATE,'09-03-2020',105)),
(335,'3565287306526876',50,18,CONVERT(DATE,'19-10-2015',105)),
(336,'3589510138564696',410,3,CONVERT(DATE,'26-09-2014',105)),
(337,'3589510138564696',530,19,CONVERT(DATE,'31-07-2015',105)),
(338,'3553021434179678',40,11,CONVERT(DATE,'25-09-2009',105)),
(339,'3553021434179678',450,63,CONVERT(DATE,'05-02-2010',105)),
(340,'3553021434179678',1820,1,CONVERT(DATE,'26-11-2012',105)),
(341,'3553021434179678',1090,35,CONVERT(DATE,'11-05-2015',105)),
(342,'3553021434179678',2250,1,CONVERT(DATE,'04-01-2021',105)),
(343,'67590346725161592',610,11,CONVERT(DATE,'19-02-2015',105)),
(344,'67590346725161592',1340,15,CONVERT(DATE,'14-04-2021',105)),
(345,'4175008933060299',340,22,CONVERT(DATE,'13-08-2021',105)),
(346,'3583004616511474',20,48,CONVERT(DATE,'29-10-2011',105)),
(347,'3574664327552736',40,30,CONVERT(DATE,'02-04-2015',105)),
(348,'3583004616511474',90,74,CONVERT(DATE,'23-10-2016',105)),
(349,'3583004616511474',470,82,CONVERT(DATE,'11-01-2017',105)),
(350,'3574664327552736',400,3,CONVERT(DATE,'18-02-2018',105)),
(351,'3580115543266447',280,70,CONVERT(DATE,'30-07-2010',105)),
(352,'3580115543266447',590,61,CONVERT(DATE,'10-08-2012',105)),
(353,'3580115543266447',810,10,CONVERT(DATE,'09-08-2017',105)),
(354,'3580115543266447',990,43,CONVERT(DATE,'10-08-2018',105)),
(355,'30393985467417',610,52,CONVERT(DATE,'23-03-2013',105)),
(356,'5602259369645018',260,16,CONVERT(DATE,'25-09-2013',105)),
(357,'5602259369645018',50,21,CONVERT(DATE,'12-01-2014',105)),
(358,'30393985467417',1220,38,CONVERT(DATE,'18-10-2015',105)),
(359,'5602259369645018',660,78,CONVERT(DATE,'21-01-2019',105)),
(360,'5410343059293883',290,63,CONVERT(DATE,'01-01-2014',105)),
(361,'5410343059293883',1100,9,CONVERT(DATE,'05-07-2015',105)),
(362,'5410343059293883',1320,57,CONVERT(DATE,'28-02-2017',105)),
(363,'5410343059293883',410,73,CONVERT(DATE,'12-04-2018',105)),
(364,'4924094525133',130,18,CONVERT(DATE,'30-12-2014',105)),
(365,'4924094525133',430,9,CONVERT(DATE,'20-02-2017',105)),
(366,'4924094525133',290,20,CONVERT(DATE,'06-08-2017',105)),
(367,'6709547490708980',70,56,CONVERT(DATE,'30-11-2009',105)),
(368,'3542046346225537',70,66,CONVERT(DATE,'11-09-2014',105)),
(369,'6709547490708980',460,3,CONVERT(DATE,'06-01-2018',105)),
(370,'3542046346225537',630,34,CONVERT(DATE,'17-03-2021',105)),
(371,'3574341136776802',30,30,CONVERT(DATE,'25-10-2015',105)),
(372,'5048371680941778',530,22,CONVERT(DATE,'11-07-2009',105)),
(373,'3563572642250030',250,7,CONVERT(DATE,'05-09-2009',105)),
(374,'5048371680941778',1030,5,CONVERT(DATE,'17-12-2009',105)),
(375,'676120792052315177',2290,64,CONVERT(DATE,'25-07-2010',105)),
(376,'676120792052315177',1310,47,CONVERT(DATE,'16-04-2011',105)),
(377,'3563572642250030',540,67,CONVERT(DATE,'17-12-2011',105)),
(378,'5602228333040291816',2020,25,CONVERT(DATE,'21-07-2014',105)),
(379,'3563572642250030',3970,30,CONVERT(DATE,'18-09-2015',105)),
(380,'5048371680941778',2060,72,CONVERT(DATE,'27-07-2017',105)),
(381,'3563572642250030',280,13,CONVERT(DATE,'29-12-2017',105)),
(382,'676120792052315177',3020,7,CONVERT(DATE,'01-06-2018',105)),
(383,'5602228333040291816',4100,64,CONVERT(DATE,'27-01-2019',105)),
(384,'3573380930667206',140,8,CONVERT(DATE,'04-03-2012',105)),
(385,'3573380930667206',300,34,CONVERT(DATE,'02-08-2013',105)),
(386,'630415802112588969',50,17,CONVERT(DATE,'21-11-2013',105)),
(387,'630415802112588969',470,77,CONVERT(DATE,'13-06-2018',105)),
(388,'5509951571829125',230,78,CONVERT(DATE,'17-10-2019',105)),
(389,'67622767188193297',310,68,CONVERT(DATE,'01-12-2021',105)),
(390,'5007663568060773',640,52,CONVERT(DATE,'18-11-2009',105)),
(391,'5007663568060773',660,19,CONVERT(DATE,'08-08-2010',105)),
(392,'5007663568060773',650,18,CONVERT(DATE,'08-12-2010',105)),
(393,'5007663568060773',640,5,CONVERT(DATE,'20-05-2012',105)),
(394,'5038050721609766',100,1,CONVERT(DATE,'16-06-2013',105)),
(395,'5038050721609766',110,75,CONVERT(DATE,'07-12-2014',105)),
(396,'5038050721609766',280,19,CONVERT(DATE,'28-12-2019',105)),
(397,'5038050721609766',360,25,CONVERT(DATE,'12-04-2020',105)),
(398,'3543698021611347',120,15,CONVERT(DATE,'26-02-2015',105)),
(399,'3536871701148885',280,17,CONVERT(DATE,'20-07-2012',105)),
(400,'3536871701148885',370,11,CONVERT(DATE,'11-01-2014',105)),
(401,'3535979670682544',630,61,CONVERT(DATE,'21-06-2015',105)),
(402,'3536871701148885',780,31,CONVERT(DATE,'27-08-2016',105)),
(403,'3536871701148885',510,31,CONVERT(DATE,'18-03-2018',105)),
(404,'3535979670682544',860,31,CONVERT(DATE,'20-03-2021',105)),
(405,'5018413101912508490',360,36,CONVERT(DATE,'25-06-2009',105)),
(406,'5018413101912508490',1160,15,CONVERT(DATE,'11-11-2009',105)),
(407,'3536046119918928',1170,26,CONVERT(DATE,'27-11-2009',105)),
(408,'4041370464128149',710,21,CONVERT(DATE,'01-04-2010',105)),
(409,'3536046119918928',880,14,CONVERT(DATE,'13-06-2011',105)),
(410,'5018413101912508490',180,76,CONVERT(DATE,'15-05-2013',105)),
(411,'3536046119918928',1500,85,CONVERT(DATE,'08-12-2016',105)),
(412,'201637817749381',180,6,CONVERT(DATE,'27-11-2009',105)),
(413,'3565766718930313',1410,22,CONVERT(DATE,'18-02-2012',105)),
(414,'5112376173452705',590,3,CONVERT(DATE,'10-07-2012',105)),
(415,'201637817749381',1230,83,CONVERT(DATE,'15-09-2016',105)),
(416,'5112376173452705',1740,36,CONVERT(DATE,'18-06-2017',105)),
(417,'5112376173452705',850,49,CONVERT(DATE,'10-05-2019',105)),
(418,'3565766718930313',1430,1,CONVERT(DATE,'05-06-2019',105)),
(419,'201637817749381',1910,11,CONVERT(DATE,'22-11-2020',105)),
(420,'3565766718930313',1180,18,CONVERT(DATE,'26-01-2021',105)),
(421,'5112376173452705',1620,17,CONVERT(DATE,'06-10-2021',105)),
(422,'5586602840946812',360,64,CONVERT(DATE,'11-06-2008',105)),
(423,'3572953643603667',90,26,CONVERT(DATE,'19-12-2011',105)),
(424,'3572953643603667',730,31,CONVERT(DATE,'04-01-2015',105)),
(425,'3572953643603667',840,47,CONVERT(DATE,'13-06-2016',105)),
(426,'3570660567240895',1050,45,CONVERT(DATE,'27-05-2017',105)),
(427,'5586602840946812',2430,26,CONVERT(DATE,'09-09-2018',105)),
(428,'5586602840946812',2250,9,CONVERT(DATE,'23-01-2019',105)),
(429,'3570660567240895',800,19,CONVERT(DATE,'15-02-2019',105)),
(430,'3570660567240895',2700,68,CONVERT(DATE,'05-09-2020',105)),
(431,'5038740113738278',60,65,CONVERT(DATE,'22-07-2011',105)),
(432,'3535306234789047',130,3,CONVERT(DATE,'02-04-2011',105)),
(433,'3535306234789047',820,1,CONVERT(DATE,'13-01-2014',105)),
(434,'3535306234789047',1380,80,CONVERT(DATE,'15-06-2017',105)),
(435,'3567677630072431',210,27,CONVERT(DATE,'29-03-2008',105)),
(436,'3567677630072431',690,32,CONVERT(DATE,'25-11-2008',105)),
(437,'3567677630072431',1080,57,CONVERT(DATE,'22-06-2011',105)),
(438,'3567677630072431',20,83,CONVERT(DATE,'22-08-2015',105)),
(439,'4175002257416617',1320,18,CONVERT(DATE,'11-06-2020',105)),
(440,'3563473014654596',550,78,CONVERT(DATE,'23-07-2014',105)),
(441,'6331100471451695',270,47,CONVERT(DATE,'21-10-2014',105)),
(442,'6331100471451695',430,13,CONVERT(DATE,'10-04-2018',105)),
(443,'5007668691876706',50,25,CONVERT(DATE,'30-09-2009',105)),
(444,'633421013118643727',110,5,CONVERT(DATE,'04-10-2008',105)),
(445,'633421013118643727',50,86,CONVERT(DATE,'14-01-2012',105)),
(446,'633421013118643727',1280,59,CONVERT(DATE,'25-03-2013',105)),
(447,'633421013118643727',1300,13,CONVERT(DATE,'22-04-2018',105)),
(448,'6759219299794517',600,10,CONVERT(DATE,'14-08-2008',105)),
(449,'4913255553549351',820,74,CONVERT(DATE,'28-12-2009',105)),
(450,'4175002363554905',680,73,CONVERT(DATE,'23-04-2011',105)),
(451,'6759219299794517',1150,76,CONVERT(DATE,'19-06-2012',105)),
(452,'4175002363554905',2310,23,CONVERT(DATE,'31-08-2013',105)),
(453,'4175002363554905',130,34,CONVERT(DATE,'15-01-2015',105)),
(454,'4913255553549351',750,76,CONVERT(DATE,'18-05-2020',105)),
(455,'4175002363554905',730,55,CONVERT(DATE,'03-03-2021',105)),
(456,'4175002363554905',290,50,CONVERT(DATE,'21-05-2021',105)),
(457,'4913255553549351',180,79,CONVERT(DATE,'24-04-2022',105)),
(458,'6759171730551302532',20,76,CONVERT(DATE,'11-04-2019',105)),
(459,'6759171730551302532',880,21,CONVERT(DATE,'17-05-2021',105)),
(460,'6767540646214366',120,85,CONVERT(DATE,'01-04-2015',105)),
(461,'6767540646214366',210,20,CONVERT(DATE,'27-10-2017',105)),
(462,'3528436246068285',200,75,CONVERT(DATE,'15-01-2009',105)),
(463,'3536880409955343',840,20,CONVERT(DATE,'10-02-2016',105)),
(464,'4970734237886645',40,71,CONVERT(DATE,'12-11-2009',105)),
(465,'4970734237886645',100,77,CONVERT(DATE,'29-11-2009',105)),
(466,'5221151192558784',50,45,CONVERT(DATE,'21-02-2010',105)),
(467,'4970734237886645',1080,84,CONVERT(DATE,'28-05-2011',105)),
(468,'5221151192558784',950,55,CONVERT(DATE,'24-09-2014',105)),
(469,'4970734237886645',2330,70,CONVERT(DATE,'16-05-2015',105)),
(470,'5221151192558784',2290,39,CONVERT(DATE,'10-02-2016',105)),
(471,'4970734237886645',2370,70,CONVERT(DATE,'12-12-2017',105)),
(472,'3532482557940773',150,24,CONVERT(DATE,'05-05-2008',105)),
(473,'3532482557940773',320,18,CONVERT(DATE,'11-05-2009',105)),
(474,'3532482557940773',690,34,CONVERT(DATE,'08-08-2018',105)),
(475,'3555898894129089',160,39,CONVERT(DATE,'29-07-2011',105)),
(476,'3543332239210060',40,84,CONVERT(DATE,'26-05-2011',105)),
(477,'3543332239210060',270,76,CONVERT(DATE,'24-04-2013',105)),
(478,'3543332239210060',490,48,CONVERT(DATE,'12-03-2017',105)),
(479,'3543332239210060',440,2,CONVERT(DATE,'17-10-2017',105)),
(480,'3571814317357884',140,78,CONVERT(DATE,'25-07-2014',105)),
(481,'3571814317357884',220,80,CONVERT(DATE,'21-12-2014',105)),
(482,'3580877745030372',460,39,CONVERT(DATE,'04-09-2012',105)),
(483,'3580877745030372',220,30,CONVERT(DATE,'03-01-2013',105)),
(484,'3580877745030372',860,55,CONVERT(DATE,'05-03-2015',105)),
(485,'30272751883421',120,68,CONVERT(DATE,'23-12-2009',105)),
(486,'30272751883421',290,42,CONVERT(DATE,'19-05-2016',105)),
(487,'4017953136275818',250,72,CONVERT(DATE,'13-05-2013',105)),
(488,'4017953136275818',1140,73,CONVERT(DATE,'19-06-2018',105)),
(489,'4017953136275818',850,44,CONVERT(DATE,'19-04-2019',105)),
(490,'3577210518974979',210,65,CONVERT(DATE,'21-02-2009',105)),
(491,'3577210518974979',330,66,CONVERT(DATE,'14-12-2009',105)),
(492,'3557124256544072',710,55,CONVERT(DATE,'29-12-2010',105)),
(493,'3557124256544072',20,68,CONVERT(DATE,'18-02-2014',105)),
(494,'3577210518974979',650,52,CONVERT(DATE,'04-07-2016',105)),
(495,'3577210518974979',2350,5,CONVERT(DATE,'04-09-2018',105)),
(496,'3557124256544072',2240,2,CONVERT(DATE,'24-05-2021',105)),
(497,'3589556676257920',230,33,CONVERT(DATE,'20-10-2011',105)),
(498,'3589556676257920',340,20,CONVERT(DATE,'03-07-2018',105)),
(499,'6381488148018818',420,21,CONVERT(DATE,'15-10-2009',105)),
(500,'6381488148018818',510,6,CONVERT(DATE,'08-07-2015',105)),
(501,'6381488148018818',1280,72,CONVERT(DATE,'05-12-2017',105)),
(502,'374288801323436',450,61,CONVERT(DATE,'01-02-2013',105)),
(503,'374288801323436',770,53,CONVERT(DATE,'16-03-2014',105)),
(504,'374288801323436',810,83,CONVERT(DATE,'17-08-2015',105)),
(505,'5610217921553807',210,2,CONVERT(DATE,'18-02-2012',105)),
(506,'30549324439546',510,10,CONVERT(DATE,'17-02-2013',105)),
(507,'5610217921553807',2340,2,CONVERT(DATE,'08-09-2015',105)),
(508,'30549324439546',720,52,CONVERT(DATE,'21-12-2016',105)),
(509,'30549324439546',310,36,CONVERT(DATE,'19-05-2018',105)),
(510,'30549324439546',110,23,CONVERT(DATE,'16-12-2019',105)),
(511,'5602244196558536090',170,84,CONVERT(DATE,'25-11-2015',105)),
(512,'5602244196558536090',170,1,CONVERT(DATE,'02-11-2017',105)),
(513,'3535458708599459',320,42,CONVERT(DATE,'07-08-2007',105)),
(514,'3588711601876176',110,71,CONVERT(DATE,'08-05-2010',105)),
(515,'3535458708599459',990,73,CONVERT(DATE,'27-12-2013',105)),
(516,'3588711601876176',660,32,CONVERT(DATE,'14-08-2019',105)),
(517,'3588711601876176',2330,59,CONVERT(DATE,'22-10-2021',105)),
(518,'3570797197535920',120,77,CONVERT(DATE,'25-04-2010',105)),
(519,'3570797197535920',430,70,CONVERT(DATE,'24-09-2012',105)),
(520,'5100135023838404',400,78,CONVERT(DATE,'15-02-2013',105)),
(521,'5100135023838404',570,34,CONVERT(DATE,'29-09-2013',105)),
(522,'5100135023838404',1730,86,CONVERT(DATE,'12-01-2014',105)),
(523,'5100135023838404',220,45,CONVERT(DATE,'14-10-2015',105)),
(524,'3570797197535920',670,22,CONVERT(DATE,'03-09-2017',105)),
(525,'5100135023838404',1050,38,CONVERT(DATE,'14-10-2017',105)),
(526,'3570797197535920',3700,7,CONVERT(DATE,'24-06-2018',105)),
(527,'3556756284625208',120,38,CONVERT(DATE,'27-08-2018',105)),
(528,'3556756284625208',1080,68,CONVERT(DATE,'19-01-2021',105)),
(529,'5602231806466985',280,32,CONVERT(DATE,'05-08-2009',105)),
(530,'5602231806466985',700,17,CONVERT(DATE,'07-06-2011',105)),
(531,'201925489518964',130,64,CONVERT(DATE,'31-01-2009',105)),
(532,'201683530275072',40,62,CONVERT(DATE,'14-04-2010',105)),
(533,'201925489518964',1300,9,CONVERT(DATE,'14-09-2010',105)),
(534,'201925489518964',2130,39,CONVERT(DATE,'20-07-2013',105)),
(535,'633110461488373316',30,86,CONVERT(DATE,'19-01-2011',105)),
(536,'633110461488373316',350,39,CONVERT(DATE,'21-10-2014',105)),
(537,'6385599299408289',120,59,CONVERT(DATE,'15-10-2007',105)),
(538,'6385599299408289',130,11,CONVERT(DATE,'08-12-2007',105)),
(539,'36883221870121',280,65,CONVERT(DATE,'17-08-2009',105)),
(540,'670961789007380152',860,23,CONVERT(DATE,'15-06-2012',105)),
(541,'6385599299408289',1400,32,CONVERT(DATE,'09-11-2012',105)),
(542,'6385599299408289',2640,59,CONVERT(DATE,'27-01-2014',105)),
(543,'36883221870121',3680,43,CONVERT(DATE,'19-02-2017',105)),
(544,'36883221870121',3940,11,CONVERT(DATE,'05-09-2018',105)),
(545,'36883221870121',4600,19,CONVERT(DATE,'10-10-2020',105)),
(546,'5108750075338087',150,25,CONVERT(DATE,'17-08-2016',105)),
(547,'5108750075338087',1140,80,CONVERT(DATE,'07-04-2017',105)),
(548,'346887149054630',670,8,CONVERT(DATE,'02-03-2016',105)),
(549,'4903538064476957152',130,10,CONVERT(DATE,'27-08-2016',105)),
(550,'4903538064476957152',120,82,CONVERT(DATE,'28-11-2017',105)),
(551,'490512837844897032',40,44,CONVERT(DATE,'09-05-2012',105)),
(552,'490512837844897032',540,78,CONVERT(DATE,'04-06-2022',105)),
(553,'4175007220957761',90,53,CONVERT(DATE,'19-05-2008',105)),
(554,'3557608276398592',120,80,CONVERT(DATE,'16-02-2010',105)),
(555,'5602229771444508450',440,74,CONVERT(DATE,'13-09-2010',105)),
(556,'4175007220957761',1280,15,CONVERT(DATE,'28-02-2011',105)),
(557,'4175007220957761',580,20,CONVERT(DATE,'10-04-2012',105)),
(558,'3557608276398592',1600,41,CONVERT(DATE,'08-04-2013',105)),
(559,'5602229771444508450',1720,2,CONVERT(DATE,'20-02-2014',105)),
(560,'3557608276398592',1480,33,CONVERT(DATE,'08-08-2015',105)),
(561,'5602229771444508450',1940,23,CONVERT(DATE,'26-08-2017',105)),
(562,'3557608276398592',3350,16,CONVERT(DATE,'26-01-2019',105)),
(563,'3580408888742837',150,27,CONVERT(DATE,'05-10-2011',105)),
(564,'5100147004086317',720,86,CONVERT(DATE,'20-02-2015',105)),
(565,'5100147004086317',800,57,CONVERT(DATE,'21-06-2016',105)),
(566,'3580408888742837',970,69,CONVERT(DATE,'15-09-2017',105)),
(567,'3580408888742837',380,80,CONVERT(DATE,'09-12-2017',105)),
(568,'5100147004086317',2900,18,CONVERT(DATE,'13-02-2019',105)),
(569,'50388690649230690',60,36,CONVERT(DATE,'20-09-2009',105)),
(570,'3589646107363445',100,78,CONVERT(DATE,'28-06-2017',105)),
(571,'3572388363262750',30,56,CONVERT(DATE,'22-02-2012',105)),
(572,'3572388363262750',340,2,CONVERT(DATE,'22-01-2013',105)),
(573,'3528832945382425',530,25,CONVERT(DATE,'02-09-2010',105)),
(574,'3528832945382425',90,44,CONVERT(DATE,'22-06-2015',105)),
(575,'3545214934208144',240,68,CONVERT(DATE,'26-11-2009',105)),
(576,'201694443691883',650,63,CONVERT(DATE,'11-10-2014',105)),
(577,'3574144298800935',1030,2,CONVERT(DATE,'30-06-2016',105)),
(578,'3545214934208144',200,17,CONVERT(DATE,'14-11-2019',105)),
(579,'3574144298800935',1790,3,CONVERT(DATE,'10-03-2020',105)),
(580,'3555712824190303',350,32,CONVERT(DATE,'01-01-2008',105)),
(581,'3555712824190303',350,18,CONVERT(DATE,'01-04-2009',105)),
(582,'3555712824190303',1470,22,CONVERT(DATE,'21-04-2013',105)),
(583,'5100170414589449',110,49,CONVERT(DATE,'01-08-2018',105)),
(584,'3560778843290989',130,51,CONVERT(DATE,'16-02-2009',105)),
(585,'3560778843290989',360,8,CONVERT(DATE,'17-03-2010',105)),
(586,'3560778843290989',340,26,CONVERT(DATE,'18-12-2012',105)),
(587,'3560778843290989',300,76,CONVERT(DATE,'02-12-2018',105)),
(588,'3571392599113093',10,39,CONVERT(DATE,'21-12-2012',105)),
(589,'3571392599113093',390,67,CONVERT(DATE,'13-06-2013',105)),
(590,'6706517282942280',130,9,CONVERT(DATE,'12-12-2010',105)),
(591,'6706517282942280',710,47,CONVERT(DATE,'16-11-2014',105)),
(592,'6706517282942280',1430,50,CONVERT(DATE,'05-11-2017',105)),
(593,'3539066630670524',70,59,CONVERT(DATE,'07-06-2008',105)),
(594,'3539066630670524',530,26,CONVERT(DATE,'29-07-2009',105)),
(595,'3539066630670524',810,33,CONVERT(DATE,'13-11-2018',105)),
(596,'3541704430311958',360,78,CONVERT(DATE,'06-03-2011',105)),
(597,'3541704430311958',560,86,CONVERT(DATE,'16-08-2019',105)),
(598,'5602254203535570510',110,8,CONVERT(DATE,'18-07-2015',105)),
(599,'3585750022489139',340,29,CONVERT(DATE,'30-06-2009',105)),
(600,'3585750022489139',300,38,CONVERT(DATE,'21-12-2012',105)),
(601,'3585750022489139',850,17,CONVERT(DATE,'03-03-2016',105)),
(602,'3585750022489139',880,82,CONVERT(DATE,'28-11-2020',105)),
(603,'3549672342730023',70,68,CONVERT(DATE,'28-08-2018',105)),
(604,'3571643759388101',180,67,CONVERT(DATE,'29-02-2008',105)),
(605,'3576610069377319',430,63,CONVERT(DATE,'15-03-2008',105)),
(606,'3571643759388101',270,74,CONVERT(DATE,'04-03-2010',105)),
(607,'6304809399264781',920,61,CONVERT(DATE,'16-04-2011',105)),
(608,'3576610069377319',840,16,CONVERT(DATE,'07-12-2012',105)),
(609,'3571643759388101',1500,28,CONVERT(DATE,'26-07-2014',105)),
(610,'3571643759388101',1330,26,CONVERT(DATE,'19-04-2015',105)),
(611,'3576610069377319',560,43,CONVERT(DATE,'03-10-2018',105)),
(612,'6304809399264781',2310,85,CONVERT(DATE,'12-05-2019',105)),
(613,'3576610069377319',830,21,CONVERT(DATE,'22-08-2019',105)),
(614,'3567884420394112',340,40,CONVERT(DATE,'01-04-2009',105)),
(615,'3567884420394112',1080,12,CONVERT(DATE,'07-04-2018',105)),
(616,'337941748367025',500,62,CONVERT(DATE,'08-09-2012',105)),
(617,'337941748367025',1000,58,CONVERT(DATE,'12-07-2013',105)),
(618,'337941748367025',260,62,CONVERT(DATE,'18-06-2014',105)),
(619,'337941748367025',1180,77,CONVERT(DATE,'04-05-2018',105)),
(620,'3581054556496048',20,78,CONVERT(DATE,'11-05-2008',105)),
(621,'3550949620549275',290,24,CONVERT(DATE,'08-05-2009',105)),
(622,'3581054556496048',1300,1,CONVERT(DATE,'09-10-2009',105)),
(623,'3550949620549275',580,21,CONVERT(DATE,'30-03-2010',105)),
(624,'3557574175422240',2170,20,CONVERT(DATE,'17-11-2010',105)),
(625,'3550949620549275',2680,49,CONVERT(DATE,'25-05-2013',105)),
(626,'3581209164061929',470,48,CONVERT(DATE,'15-10-2014',105)),
(627,'3550949620549275',2140,38,CONVERT(DATE,'12-07-2015',105)),
(628,'3581054556496048',3500,75,CONVERT(DATE,'07-08-2015',105)),
(629,'3581209164061929',2790,13,CONVERT(DATE,'28-04-2016',105)),
(630,'3557574175422240',1360,25,CONVERT(DATE,'11-08-2018',105)),
(631,'3557574175422240',3480,45,CONVERT(DATE,'20-12-2018',105)),
(632,'3557574175422240',4400,61,CONVERT(DATE,'30-09-2020',105)),
(633,'3581209164061929',6060,15,CONVERT(DATE,'16-12-2021',105)),
(634,'3581209164061929',5530,53,CONVERT(DATE,'29-03-2022',105)),
(635,'5550115642427743',460,51,CONVERT(DATE,'24-06-2009',105)),
(636,'5602243091084732977',160,50,CONVERT(DATE,'18-10-2011',105)),
(637,'5602243091084732977',340,49,CONVERT(DATE,'21-03-2015',105)),
(638,'5602243091084732977',1000,25,CONVERT(DATE,'23-05-2015',105)),
(639,'337941456031631',20,11,CONVERT(DATE,'30-08-2009',105)),
(640,'337941456031631',480,8,CONVERT(DATE,'15-11-2015',105)),
(641,'345925527155909',10,57,CONVERT(DATE,'27-01-2014',105)),
(642,'345925527155909',370,14,CONVERT(DATE,'14-05-2015',105)),
(643,'3560589707443451',460,6,CONVERT(DATE,'28-03-2015',105)),
(644,'3560589707443451',240,72,CONVERT(DATE,'24-08-2017',105)),
(645,'675986042527240443',50,85,CONVERT(DATE,'28-03-2017',105)),
(646,'3535505667385492',370,24,CONVERT(DATE,'21-09-2010',105)),
(647,'3535505667385492',810,15,CONVERT(DATE,'18-09-2012',105)),
(648,'4917199449935562',830,73,CONVERT(DATE,'08-01-2014',105)),
(649,'3535505667385492',20,65,CONVERT(DATE,'15-09-2014',105)),
(650,'4917199449935562',650,77,CONVERT(DATE,'03-10-2015',105)),
(651,'4917199449935562',90,81,CONVERT(DATE,'11-05-2018',105)),
(652,'3535505667385492',1030,71,CONVERT(DATE,'04-03-2022',105)),
(653,'503820145758726032',460,30,CONVERT(DATE,'21-08-2013',105)),
(654,'5007662396982240',150,74,CONVERT(DATE,'09-10-2011',105)),
(655,'5007662396982240',350,65,CONVERT(DATE,'21-09-2014',105)),
(656,'5007662396982240',1400,23,CONVERT(DATE,'30-04-2016',105)),
(657,'5007662396982240',1400,85,CONVERT(DATE,'25-06-2018',105)),
(658,'5007662463671080',480,29,CONVERT(DATE,'02-01-2009',105)),
(659,'3530390298801232',550,66,CONVERT(DATE,'12-02-2009',105)),
(660,'3558152436514375',460,79,CONVERT(DATE,'08-12-2009',105)),
(661,'3558152436514375',1030,72,CONVERT(DATE,'15-09-2012',105)),
(662,'5007662463671080',1040,60,CONVERT(DATE,'19-07-2013',105)),
(663,'30587739757318',2650,40,CONVERT(DATE,'29-09-2014',105)),
(664,'5007662463671080',2890,19,CONVERT(DATE,'22-05-2015',105)),
(665,'5007662463671080',370,43,CONVERT(DATE,'25-12-2015',105)),
(666,'5007662463671080',1920,25,CONVERT(DATE,'07-06-2016',105)),
(667,'30587739757318',2070,14,CONVERT(DATE,'06-12-2017',105)),
(668,'3530390298801232',1460,45,CONVERT(DATE,'18-06-2019',105)),
(669,'374283878441294',60,41,CONVERT(DATE,'25-12-2012',105)),
(670,'374283878441294',110,48,CONVERT(DATE,'16-11-2016',105)),
(671,'6376426678029950',260,74,CONVERT(DATE,'25-04-2012',105)),
(672,'6376426678029950',460,85,CONVERT(DATE,'09-09-2014',105)),
(673,'0604621349629116',450,43,CONVERT(DATE,'16-07-2010',105)),
(674,'6333260678108171',990,81,CONVERT(DATE,'16-04-2011',105)),
(675,'6333260678108171',10,50,CONVERT(DATE,'10-10-2012',105)),
(676,'0604621349629116',70,69,CONVERT(DATE,'30-03-2014',105)),
(677,'0604621349629116',1170,79,CONVERT(DATE,'09-07-2014',105)),
(678,'6333260678108171',600,26,CONVERT(DATE,'03-10-2016',105)),
(679,'6333260678108171',1000,79,CONVERT(DATE,'04-02-2017',105)),
(680,'6333260678108171',600,35,CONVERT(DATE,'14-05-2017',105)),
(681,'0604621349629116',690,29,CONVERT(DATE,'29-07-2019',105)),
(682,'3575808837919666',50,4,CONVERT(DATE,'07-07-2007',105)),
(683,'3575808837919666',380,83,CONVERT(DATE,'27-01-2017',105)),
(684,'3575808837919666',230,48,CONVERT(DATE,'14-06-2020',105)),
(685,'3567625567263796',250,71,CONVERT(DATE,'31-01-2008',105)),
(686,'3567625567263796',450,56,CONVERT(DATE,'01-10-2017',105)),
(687,'3567625567263796',1140,39,CONVERT(DATE,'24-12-2018',105)),
(688,'3584628278295957',210,15,CONVERT(DATE,'23-04-2010',105)),
(689,'3584628278295957',980,23,CONVERT(DATE,'18-01-2016',105)),
(690,'3584628278295957',1490,27,CONVERT(DATE,'04-01-2018',105)),
(691,'3584628278295957',2120,63,CONVERT(DATE,'16-07-2021',105)),
(692,'5038110163419684',440,79,CONVERT(DATE,'27-02-2008',105)),
(693,'5602212368880656',330,37,CONVERT(DATE,'11-03-2008',105)),
(694,'5602247270174442',1360,17,CONVERT(DATE,'04-06-2008',105)),
(695,'0604745800328270',1010,13,CONVERT(DATE,'13-08-2009',105)),
(696,'5038110163419684',410,29,CONVERT(DATE,'27-05-2011',105)),
(697,'0604745800328270',1600,47,CONVERT(DATE,'20-10-2012',105)),
(698,'5602247270174442',1590,17,CONVERT(DATE,'06-04-2013',105)),
(699,'5038110163419684',200,64,CONVERT(DATE,'11-05-2014',105)),
(700,'5038110163419684',470,4,CONVERT(DATE,'02-10-2014',105)),
(701,'5602247270174442',1580,15,CONVERT(DATE,'19-02-2016',105)),
(702,'5602247270174442',3160,15,CONVERT(DATE,'31-12-2017',105)),
(703,'5038110163419684',1250,47,CONVERT(DATE,'29-04-2019',105)),
(704,'0604745800328270',2330,16,CONVERT(DATE,'07-04-2020',105)),
(705,'3580893207036021',10,68,CONVERT(DATE,'08-09-2011',105)),
(706,'3580893207036021',90,77,CONVERT(DATE,'17-01-2017',105)),
(707,'3580893207036021',620,23,CONVERT(DATE,'16-06-2018',105)),
(708,'3528434935236016',690,56,CONVERT(DATE,'10-08-2012',105)),
(709,'3528434935236016',1180,46,CONVERT(DATE,'14-10-2013',105)),
(710,'3543693756710794',430,12,CONVERT(DATE,'05-04-2015',105)),
(711,'3543693756710794',790,46,CONVERT(DATE,'11-01-2018',105)),
(712,'3528434935236016',1570,5,CONVERT(DATE,'12-09-2021',105)),
(713,'3558984929137706',610,85,CONVERT(DATE,'12-03-2021',105)),
(714,'3550002078422221',10,63,CONVERT(DATE,'31-01-2009',105)),
(715,'201460557761601',360,69,CONVERT(DATE,'12-05-2010',105)),
(716,'201460557761601',10,13,CONVERT(DATE,'14-02-2012',105)),
(717,'201460557761601',920,55,CONVERT(DATE,'03-02-2013',105)),
(718,'3550002078422221',160,32,CONVERT(DATE,'02-07-2013',105)),
(719,'201460557761601',1430,26,CONVERT(DATE,'11-01-2014',105)),
(720,'3550002078422221',190,58,CONVERT(DATE,'26-04-2016',105)),
(721,'201460557761601',1420,27,CONVERT(DATE,'07-02-2018',105)),
(722,'3536826050906440',40,19,CONVERT(DATE,'23-09-2009',105)),
(723,'3536826050906440',60,58,CONVERT(DATE,'10-12-2018',105)),
(724,'633110251712443179',660,14,CONVERT(DATE,'21-06-2018',105)),
(725,'3587954185098582',380,83,CONVERT(DATE,'04-11-2010',105)),
(726,'3587954185098582',70,66,CONVERT(DATE,'02-08-2011',105)),
(727,'3577792074504605',150,1,CONVERT(DATE,'26-04-2008',105)),
(728,'3577792074504605',540,72,CONVERT(DATE,'01-09-2012',105)),
(729,'3577792074504605',80,8,CONVERT(DATE,'30-06-2014',105)),
(730,'3577792074504605',70,6,CONVERT(DATE,'14-12-2021',105)),
(731,'5167992862040033',140,49,CONVERT(DATE,'28-10-2010',105)),
(732,'5167992862040033',120,10,CONVERT(DATE,'16-01-2011',105)),
(733,'5167992862040033',110,44,CONVERT(DATE,'06-01-2013',105)),
(734,'3552214792903331',100,4,CONVERT(DATE,'18-03-2014',105)),
(735,'3552214792903331',150,78,CONVERT(DATE,'07-07-2017',105)),
(736,'6331100747082383116',530,21,CONVERT(DATE,'09-06-2014',105)),
(737,'6331100747082383116',180,53,CONVERT(DATE,'10-09-2016',105)),
(738,'3585287530211333',50,64,CONVERT(DATE,'16-07-2013',105)),
(739,'3552407928105017',440,21,CONVERT(DATE,'25-12-2007',105)),
(740,'56022552842899359',350,43,CONVERT(DATE,'01-11-2011',105)),
(741,'56022552842899359',990,14,CONVERT(DATE,'16-09-2014',105)),
(742,'3552407928105017',1330,52,CONVERT(DATE,'05-06-2015',105)),
(743,'56022552842899359',960,1,CONVERT(DATE,'15-02-2016',105)),
(744,'3552407928105017',1110,36,CONVERT(DATE,'16-05-2019',105)),
(745,'3568556781170070',20,4,CONVERT(DATE,'23-02-2018',105)),
(746,'3568556781170070',190,73,CONVERT(DATE,'13-06-2019',105)),
(747,'3568556781170070',780,86,CONVERT(DATE,'11-02-2020',105)),
(748,'3564155171648292',480,19,CONVERT(DATE,'13-07-2008',105)),
(749,'63046335544247343',180,50,CONVERT(DATE,'23-02-2009',105)),
(750,'3564155171648292',350,6,CONVERT(DATE,'19-06-2013',105)),
(751,'63046335544247343',230,70,CONVERT(DATE,'25-01-2014',105)),
(752,'63046335544247343',170,53,CONVERT(DATE,'01-05-2014',105)),
(753,'3564155171648292',1310,42,CONVERT(DATE,'10-09-2019',105)),
(754,'6372142424651435',30,65,CONVERT(DATE,'08-06-2011',105)),
(755,'6372142424651435',960,61,CONVERT(DATE,'10-11-2014',105)),
(756,'6372142424651435',440,27,CONVERT(DATE,'11-12-2017',105)),
(757,'3563981450780063',520,49,CONVERT(DATE,'11-05-2012',105)),
(758,'3563981450780063',560,14,CONVERT(DATE,'30-12-2013',105)),
(759,'3563981450780063',630,56,CONVERT(DATE,'18-08-2015',105)),
(760,'3563981450780063',930,55,CONVERT(DATE,'28-09-2018',105)),
(761,'3540449054015490',260,42,CONVERT(DATE,'14-07-2009',105)),
(762,'3540449054015490',850,71,CONVERT(DATE,'29-12-2009',105)),
(763,'3553078128212686',20,6,CONVERT(DATE,'12-05-2010',105)),
(764,'3553078128212686',500,9,CONVERT(DATE,'08-03-2011',105)),
(765,'3553078128212686',350,42,CONVERT(DATE,'07-07-2016',105)),
(766,'3586262122870274',360,49,CONVERT(DATE,'18-03-2008',105)),
(767,'3586262122870274',80,11,CONVERT(DATE,'08-09-2008',105)),
(768,'30541970311376',20,22,CONVERT(DATE,'18-02-2008',105)),
(769,'30541970311376',390,75,CONVERT(DATE,'28-05-2008',105)),
(770,'3569940716186238',100,64,CONVERT(DATE,'03-06-2010',105)),
(771,'3569940716186238',10,36,CONVERT(DATE,'25-07-2016',105)),
(772,'6759791248221529806',240,64,CONVERT(DATE,'04-01-2016',105)),
(773,'30023680009277',230,9,CONVERT(DATE,'15-08-2009',105)),
(774,'30023680009277',80,62,CONVERT(DATE,'27-11-2012',105)),
(775,'6331106877678674',50,66,CONVERT(DATE,'05-04-2010',105)),
(776,'5610255888291888',610,64,CONVERT(DATE,'17-05-2010',105)),
(777,'6331106877678674',30,28,CONVERT(DATE,'02-05-2012',105)),
(778,'6331106877678674',330,52,CONVERT(DATE,'13-06-2015',105)),
(779,'5610255888291888',1880,83,CONVERT(DATE,'07-06-2020',105)),
(780,'4508734851113285',300,75,CONVERT(DATE,'08-12-2014',105)),
(781,'4508734851113285',370,30,CONVERT(DATE,'27-08-2016',105)),
(782,'4508734851113285',940,16,CONVERT(DATE,'07-03-2019',105)),
(783,'3546505298559595',110,35,CONVERT(DATE,'03-08-2013',105)),
(784,'3546505298559595',220,53,CONVERT(DATE,'27-03-2015',105)),
(785,'56022197697919900',620,60,CONVERT(DATE,'18-07-2016',105)),
(786,'56022197697919900',1220,70,CONVERT(DATE,'23-07-2018',105)),
(787,'56022197697919900',1150,22,CONVERT(DATE,'26-01-2021',105)),
(788,'372301690933116',70,62,CONVERT(DATE,'25-09-2008',105)),
(789,'676222519979772876',240,21,CONVERT(DATE,'08-02-2013',105)),
(790,'372301690933116',120,26,CONVERT(DATE,'01-05-2014',105)),
(791,'676222519979772876',460,12,CONVERT(DATE,'19-09-2017',105)),
(792,'372301690933116',30,6,CONVERT(DATE,'01-06-2021',105)),
(793,'6374543828470801',500,79,CONVERT(DATE,'07-05-2014',105)),
(794,'6374543828470801',1370,81,CONVERT(DATE,'28-02-2015',105)),
(795,'4891152822522',1340,8,CONVERT(DATE,'17-01-2016',105)),
(796,'6374543828470801',2290,17,CONVERT(DATE,'31-03-2016',105)),
(797,'6374543828470801',920,81,CONVERT(DATE,'26-08-2018',105)),
(798,'6374543828470801',2810,9,CONVERT(DATE,'18-05-2020',105)),
(799,'372301630023994',390,39,CONVERT(DATE,'26-04-2009',105)),
(800,'372301630023994',470,69,CONVERT(DATE,'01-02-2012',105)),
(801,'372301630023994',1390,3,CONVERT(DATE,'27-11-2015',105)),
(802,'3582258343182402',980,45,CONVERT(DATE,'23-01-2018',105)),
(803,'3582258343182402',1890,33,CONVERT(DATE,'28-11-2018',105)),
(804,'3582258343182402',50,6,CONVERT(DATE,'26-03-2020',105)),
(805,'372301630023994',3010,14,CONVERT(DATE,'18-03-2021',105)),
(806,'3576764137500459',140,29,CONVERT(DATE,'10-03-2010',105)),
(807,'3576764137500459',150,74,CONVERT(DATE,'04-06-2010',105)),
(808,'3576764137500459',390,63,CONVERT(DATE,'24-11-2011',105)),
(809,'5602227143912723',380,68,CONVERT(DATE,'15-04-2011',105)),
(810,'5602227143912723',70,18,CONVERT(DATE,'13-09-2015',105)),
(811,'3532938273718587',510,76,CONVERT(DATE,'28-05-2015',105)),
(812,'3532938273718587',260,5,CONVERT(DATE,'13-09-2017',105)),
(813,'3532938273718587',1980,31,CONVERT(DATE,'15-02-2021',105)),
(814,'5108757155064335',290,79,CONVERT(DATE,'08-05-2010',105)),
(815,'5108757155064335',370,20,CONVERT(DATE,'03-06-2010',105)),
(816,'5108757155064335',340,1,CONVERT(DATE,'14-06-2014',105)),
(817,'3574393632639570',110,24,CONVERT(DATE,'18-04-2013',105)),
(818,'3574393632639570',780,6,CONVERT(DATE,'22-07-2013',105)),
(819,'4913989043105958',520,34,CONVERT(DATE,'28-09-2015',105)),
(820,'3574393632639570',170,40,CONVERT(DATE,'08-06-2018',105)),
(821,'3574393632639570',1810,40,CONVERT(DATE,'16-08-2018',105)),
(822,'4913989043105958',100,71,CONVERT(DATE,'20-01-2022',105)),
(823,'3538317776502331',220,23,CONVERT(DATE,'28-08-2019',105)),
(824,'3538317776502331',680,58,CONVERT(DATE,'01-09-2019',105)),
(825,'3538317776502331',990,54,CONVERT(DATE,'21-02-2022',105)),
(826,'6759479480860507',130,62,CONVERT(DATE,'10-12-2010',105)),
(827,'6759479480860507',410,76,CONVERT(DATE,'28-04-2011',105)),
(828,'6759479480860507',300,3,CONVERT(DATE,'08-05-2014',105)),
(829,'6759479480860507',1140,58,CONVERT(DATE,'13-02-2018',105)),
(830,'67611729706410895',570,44,CONVERT(DATE,'01-09-2007',105)),
(831,'67611729706410895',140,31,CONVERT(DATE,'07-08-2009',105)),
(832,'3531047221318085',40,17,CONVERT(DATE,'03-11-2012',105)),
(833,'3531047221318085',380,40,CONVERT(DATE,'04-08-2016',105)),
(834,'5508983801098859',330,58,CONVERT(DATE,'09-12-2008',105)),
(835,'5508983801098859',320,23,CONVERT(DATE,'07-01-2013',105)),
(836,'5508983801098859',610,27,CONVERT(DATE,'24-03-2017',105)),
(837,'5508983801098859',70,13,CONVERT(DATE,'25-10-2021',105)),
(838,'3573911343562244',660,36,CONVERT(DATE,'22-06-2010',105)),
(839,'3530393600541413',710,70,CONVERT(DATE,'23-07-2012',105)),
(840,'3530393600541413',740,2,CONVERT(DATE,'10-10-2013',105)),
(841,'3530393600541413',1400,80,CONVERT(DATE,'05-01-2020',105)),
(842,'4405851075872225',290,70,CONVERT(DATE,'05-01-2011',105)),
(843,'4405851075872225',130,35,CONVERT(DATE,'13-02-2017',105)),
(844,'4405851075872225',450,50,CONVERT(DATE,'24-01-2019',105)),
(845,'633375903429124944',120,10,CONVERT(DATE,'23-04-2014',105)),
(846,'5602252148308313402',150,19,CONVERT(DATE,'28-03-2016',105)),
(847,'30020475989275',190,71,CONVERT(DATE,'06-06-2012',105)),
(848,'30020475989275',620,61,CONVERT(DATE,'09-01-2015',105)),
(849,'30020475989275',130,1,CONVERT(DATE,'05-09-2017',105)),
(850,'30020475989275',760,73,CONVERT(DATE,'02-02-2020',105)),
(851,'3579848570877271',390,12,CONVERT(DATE,'19-01-2012',105)),
(852,'3579848570877271',80,14,CONVERT(DATE,'29-09-2013',105)),
(853,'3579848570877271',480,45,CONVERT(DATE,'30-08-2018',105)),
(854,'5100146712035293',570,16,CONVERT(DATE,'18-11-2009',105)),
(855,'3559732301846942',1110,14,CONVERT(DATE,'07-04-2010',105)),
(856,'3559732301846942',420,84,CONVERT(DATE,'28-03-2013',105)),
(857,'3559732301846942',400,56,CONVERT(DATE,'13-08-2013',105)),
(858,'3559732301846942',330,62,CONVERT(DATE,'30-01-2014',105)),
(859,'5100146712035293',1650,78,CONVERT(DATE,'24-10-2015',105)),
(860,'30352518363055',70,83,CONVERT(DATE,'06-09-2009',105)),
(861,'30352518363055',20,12,CONVERT(DATE,'01-02-2011',105)),
(862,'36197795928706',10,37,CONVERT(DATE,'18-09-2010',105)),
(863,'36197795928706',250,84,CONVERT(DATE,'13-12-2012',105)),
(864,'36197795928706',220,36,CONVERT(DATE,'07-12-2013',105)),
(865,'3575024068202711',70,70,CONVERT(DATE,'30-04-2010',105)),
(866,'3575024068202711',750,19,CONVERT(DATE,'31-05-2010',105)),
(867,'3575024068202711',1490,5,CONVERT(DATE,'09-07-2010',105)),
(868,'3575024068202711',310,30,CONVERT(DATE,'15-02-2016',105)),
(869,'337941801617381',280,31,CONVERT(DATE,'10-09-2011',105)),
(870,'337941801617381',630,5,CONVERT(DATE,'15-03-2017',105)),
(871,'337941801617381',540,84,CONVERT(DATE,'23-03-2021',105)),
(872,'337941801617381',720,63,CONVERT(DATE,'09-11-2021',105)),
(873,'5602214913961221',300,23,CONVERT(DATE,'14-01-2007',105)),
(874,'5602214913961221',220,7,CONVERT(DATE,'24-07-2010',105)),
(875,'5602214913961221',190,85,CONVERT(DATE,'22-08-2013',105)),
(876,'5602214913961221',440,72,CONVERT(DATE,'21-06-2018',105)),
(877,'4017953976643471',700,76,CONVERT(DATE,'05-09-2013',105)),
(878,'4017953976643471',1040,45,CONVERT(DATE,'05-09-2016',105)),
(879,'3555815356453765',50,45,CONVERT(DATE,'14-04-2008',105)),
(880,'6383086381009391',240,14,CONVERT(DATE,'03-11-2008',105)),
(881,'6383086381009391',480,4,CONVERT(DATE,'15-12-2008',105)),
(882,'6383086381009391',120,32,CONVERT(DATE,'03-04-2009',105)),
(883,'6383086381009391',1190,71,CONVERT(DATE,'13-12-2010',105)),
(884,'3555815356453765',1390,25,CONVERT(DATE,'18-10-2013',105)),
(885,'3555815356453765',1130,62,CONVERT(DATE,'24-01-2017',105)),
(886,'6383086381009391',1930,86,CONVERT(DATE,'20-05-2020',105)),
(887,'3555815356453765',2090,59,CONVERT(DATE,'25-10-2020',105)),
(888,'3578105177031666',150,65,CONVERT(DATE,'18-10-2010',105)),
(889,'3578105177031666',650,27,CONVERT(DATE,'13-01-2016',105)),
(890,'3578105177031666',190,79,CONVERT(DATE,'08-12-2016',105)),
(891,'342438540494852',10,56,CONVERT(DATE,'04-07-2007',105)),
(892,'342438540494852',90,2,CONVERT(DATE,'23-11-2008',105)),
(893,'342438540494852',420,1,CONVERT(DATE,'19-03-2010',105)),
(894,'5048378993480048',1290,64,CONVERT(DATE,'30-03-2015',105)),
(895,'3540590875582463',570,27,CONVERT(DATE,'23-03-2010',105)),
(896,'3540590875582463',470,2,CONVERT(DATE,'07-11-2011',105)),
(897,'3540590875582463',390,8,CONVERT(DATE,'13-10-2013',105)),
(898,'3540590875582463',700,56,CONVERT(DATE,'28-03-2018',105)),
(899,'4041595692673488',150,13,CONVERT(DATE,'07-10-2008',105)),
(900,'4041595692673488',210,4,CONVERT(DATE,'16-04-2009',105)),
(901,'4041595692673488',190,19,CONVERT(DATE,'06-10-2013',105)),
(902,'372301279494662',170,58,CONVERT(DATE,'25-03-2020',105)),
(903,'372301279494662',360,57,CONVERT(DATE,'13-08-2021',105)),
(904,'201471156238123',140,43,CONVERT(DATE,'30-06-2013',105)),
(905,'30593533394787',590,63,CONVERT(DATE,'14-08-2015',105)),
(906,'5602245322302652731',610,31,CONVERT(DATE,'18-03-2017',105)),
(907,'201471156238123',170,66,CONVERT(DATE,'29-08-2018',105)),
(908,'201471156238123',440,86,CONVERT(DATE,'24-03-2020',105)),
(909,'201489072724521',70,32,CONVERT(DATE,'20-03-2014',105)),
(910,'201489072724521',70,15,CONVERT(DATE,'10-06-2016',105)),
(911,'6706190876729180',100,36,CONVERT(DATE,'10-05-2007',105)),
(912,'6706190876729180',200,20,CONVERT(DATE,'29-12-2009',105)),
(913,'5100130316698391',360,52,CONVERT(DATE,'23-02-2010',105)),
(914,'630466977812649846',60,81,CONVERT(DATE,'03-01-2011',105)),
(915,'6706190876729180',750,85,CONVERT(DATE,'19-10-2011',105)),
(916,'630466977812649846',990,11,CONVERT(DATE,'24-06-2012',105)),
(917,'3573016604085057',80,34,CONVERT(DATE,'27-09-2012',105)),
(918,'6706190876729180',2040,54,CONVERT(DATE,'11-01-2013',105)),
(919,'5100130316698391',260,18,CONVERT(DATE,'06-02-2013',105)),
(920,'630466977812649846',1380,4,CONVERT(DATE,'27-11-2013',105)),
(921,'630466977812649846',2300,40,CONVERT(DATE,'02-03-2015',105)),
(922,'630466977812649846',400,85,CONVERT(DATE,'18-03-2016',105)),
(923,'3573016604085057',1100,27,CONVERT(DATE,'20-03-2020',105)),
(924,'5108756596938008',280,17,CONVERT(DATE,'21-05-2019',105)),
(925,'5137661735748273',120,64,CONVERT(DATE,'21-02-2009',105)),
(926,'30250263713823',130,47,CONVERT(DATE,'29-10-2015',105)),
(927,'30250263713823',200,71,CONVERT(DATE,'10-11-2019',105)),
(928,'3575232728860733',540,72,CONVERT(DATE,'16-09-2008',105)),
(929,'3565898356604239',420,27,CONVERT(DATE,'06-09-2009',105)),
(930,'3575232728860733',1050,29,CONVERT(DATE,'09-05-2011',105)),
(931,'3565898356604239',1400,12,CONVERT(DATE,'22-10-2013',105)),
(932,'30469262367817',300,25,CONVERT(DATE,'12-01-2012',105)),
(933,'30469262367817',90,70,CONVERT(DATE,'11-10-2012',105)),
(934,'30469262367817',370,86,CONVERT(DATE,'27-08-2014',105)),
(935,'4041591480005009',130,80,CONVERT(DATE,'19-10-2010',105)),
(936,'4041592949899248',310,11,CONVERT(DATE,'31-10-2015',105)),
(937,'4041592949899248',80,13,CONVERT(DATE,'14-02-2016',105)),
(938,'4041592949899248',580,25,CONVERT(DATE,'28-01-2017',105)),
(939,'4041592949899248',1140,15,CONVERT(DATE,'18-05-2021',105)),
(940,'6384674598254485',10,75,CONVERT(DATE,'14-02-2015',105)),
(941,'6384674598254485',30,84,CONVERT(DATE,'12-11-2018',105)),
(942,'201972263539170',300,70,CONVERT(DATE,'02-08-2008',105)),
(943,'4041593122344',440,66,CONVERT(DATE,'14-02-2011',105)),
(944,'201972263539170',970,16,CONVERT(DATE,'06-12-2012',105)),
(945,'4041593122344',1080,59,CONVERT(DATE,'22-03-2014',105)),
(946,'4041593122344',1510,10,CONVERT(DATE,'15-05-2015',105)),
(947,'201972263539170',250,17,CONVERT(DATE,'08-09-2017',105)),
(948,'4041593122344',40,61,CONVERT(DATE,'19-11-2017',105)),
(949,'4041593122344',1910,79,CONVERT(DATE,'16-01-2020',105)),
(950,'3585310205153539',580,16,CONVERT(DATE,'29-11-2011',105)),
(951,'4903386786073463',280,1,CONVERT(DATE,'01-06-2013',105)),
(952,'4903386786073463',910,49,CONVERT(DATE,'25-10-2019',105)),
(953,'201486478168055',150,85,CONVERT(DATE,'10-11-2011',105)),
(954,'201486478168055',710,17,CONVERT(DATE,'24-02-2014',105)),
(955,'201486478168055',180,33,CONVERT(DATE,'26-02-2016',105)),
(956,'201486478168055',1280,25,CONVERT(DATE,'16-03-2020',105)),
(957,'5602221814850775',360,43,CONVERT(DATE,'12-03-2014',105)),
(958,'5602221814850775',590,1,CONVERT(DATE,'06-12-2015',105)),
(959,'3537050793302119',240,31,CONVERT(DATE,'13-03-2016',105)),
(960,'6767902773326522',220,41,CONVERT(DATE,'23-04-2012',105)),
(961,'6767902773326522',250,79,CONVERT(DATE,'04-06-2012',105)),
(962,'6767902773326522',120,1,CONVERT(DATE,'04-08-2013',105)),
(963,'6767902773326522',880,6,CONVERT(DATE,'23-01-2015',105)),
(964,'5602239865489699',410,6,CONVERT(DATE,'24-11-2017',105)),
(965,'201897421684594',260,8,CONVERT(DATE,'15-12-2014',105)),
(966,'201897421684594',70,25,CONVERT(DATE,'24-10-2015',105)),
(967,'201897421684594',120,18,CONVERT(DATE,'20-08-2016',105)),
(968,'201897421684594',1190,47,CONVERT(DATE,'17-08-2020',105)),
(969,'3531018699110411',150,82,CONVERT(DATE,'18-11-2010',105)),
(970,'3531018699110411',440,19,CONVERT(DATE,'12-02-2012',105)),
(971,'3531018699110411',250,18,CONVERT(DATE,'26-07-2013',105)),
(972,'3531018699110411',570,45,CONVERT(DATE,'07-11-2016',105)),
(973,'3531018699110411',660,50,CONVERT(DATE,'04-05-2020',105)),
(974,'30154537228438',640,54,CONVERT(DATE,'02-07-2021',105)),
(975,'30108369393462',30,75,CONVERT(DATE,'26-07-2011',105)),
(976,'3573973616285515',30,20,CONVERT(DATE,'28-01-2013',105)),
(977,'3573973616285515',820,25,CONVERT(DATE,'29-10-2015',105)),
(978,'3573973616285515',700,54,CONVERT(DATE,'13-11-2018',105)),
(979,'3541279983379652',350,16,CONVERT(DATE,'05-12-2009',105)),
(980,'3541279983379652',570,17,CONVERT(DATE,'01-07-2014',105)),
(981,'5290687997575909',130,38,CONVERT(DATE,'18-07-2014',105)),
(982,'5290687997575909',470,39,CONVERT(DATE,'06-01-2015',105)),
(983,'5602238818270685',290,36,CONVERT(DATE,'13-01-2012',105)),
(984,'5602238818270685',370,70,CONVERT(DATE,'05-11-2012',105)),
(985,'5602238818270685',1600,57,CONVERT(DATE,'07-03-2015',105)),
(986,'5602238818270685',1310,80,CONVERT(DATE,'22-11-2017',105)),
(987,'5010122278903983',130,85,CONVERT(DATE,'11-12-2008',105)),
(988,'5010122278903983',90,85,CONVERT(DATE,'15-07-2009',105)),
(989,'3575587928104996',670,74,CONVERT(DATE,'30-03-2010',105)),
(990,'5010122278903983',800,35,CONVERT(DATE,'16-07-2010',105)),
(991,'201906897724188',980,44,CONVERT(DATE,'06-08-2011',105)),
(992,'5602241383625549',1210,6,CONVERT(DATE,'21-08-2014',105)),
(993,'5602241383625549',730,41,CONVERT(DATE,'03-03-2016',105)),
(994,'5602241383625549',1210,29,CONVERT(DATE,'28-07-2017',105)),
(995,'3575587928104996',1830,29,CONVERT(DATE,'27-11-2017',105)),
(996,'201906897724188',1120,85,CONVERT(DATE,'17-03-2018',105)),
(997,'5602241383625549',640,63,CONVERT(DATE,'01-07-2018',105)),
(998,'3575587928104996',1590,25,CONVERT(DATE,'03-07-2020',105)),
(999,'5010122278903983',3300,55,CONVERT(DATE,'19-07-2020',105)),
(1000,'3575587928104996',520,70,CONVERT(DATE,'14-10-2021',105))
INSERT INTO [Withdraws] VALUES
(1001,'3549364286215787',210,53,CONVERT(DATE,'14-09-2008',105)),
(1002,'3551717138112475',710,13,CONVERT(DATE,'27-08-2009',105)),
(1003,'3551717138112475',1400,24,CONVERT(DATE,'08-03-2011',105)),
(1004,'3551717138112475',250,43,CONVERT(DATE,'22-05-2014',105)),
(1005,'3551717138112475',1650,48,CONVERT(DATE,'01-01-2019',105)),
(1006,'3549364286215787',2260,55,CONVERT(DATE,'24-08-2022',105)),
(1007,'3574671817835992',140,11,CONVERT(DATE,'10-12-2018',105)),
(1008,'3574671817835992',130,22,CONVERT(DATE,'02-12-2019',105)),
(1009,'201407828777338',210,28,CONVERT(DATE,'27-08-2018',105)),
(1010,'5406702906298872',390,37,CONVERT(DATE,'31-08-2011',105)),
(1011,'5406702906298872',680,55,CONVERT(DATE,'08-04-2021',105)),
(1012,'30138132384134',20,63,CONVERT(DATE,'27-08-2008',105)),
(1013,'3532560116478284',310,9,CONVERT(DATE,'19-05-2012',105)),
(1014,'3563748289324086',360,57,CONVERT(DATE,'02-11-2015',105)),
(1015,'3563748289324086',620,20,CONVERT(DATE,'07-12-2016',105))