INSERT INTO [Departments] VALUES
(1,'Department no. 119 in Balingueo','Balingueo','Philippines'),
(2,'Department no. 97 in Boyle','Boyle','Ireland'),
(3,'Department no. 30 in Ribeiro','Ribeiro','Portugal'),
(4,'Department no. 96 in Manicaragua','Manicaragua','Cuba'),
(5,'Department no. 83 in Sulang Tengah','Sulang Tengah','Indonesia'),
(6,'Department no. 265 in Hidalgo','Hidalgo','Mexico'),
(7,'Department no. 297 in Jhumra','Jhumra','Pakistan'),
(8,'Department no. 259 in Kraków','Kraków','Poland'),
(9,'Department no. 193 in Tsiombe','Tsiombe','Madagascar'),
(10,'Department no. 292 in Baranowo','Baranowo','Poland'),
(11,'Department no. 220 in Weekombaka','Weekombaka','Indonesia'),
(12,'Department no. 258 in Gryfino','Gryfino','Poland'),
(13,'Department no. 54 in Sigetec','Sigetec','Croatia'),
(14,'Department no. 263 in Kelaniya','Kelaniya','Sri Lanka'),
(15,'Department no. 113 in Farrokh Shahr','Farrokh Shahr','Iran'),
(16,'Department no. 62 in Aleksandrovka','Aleksandrovka','Ukraine'),
(17,'Department no. 69 in Sinchao','Sinchao','Peru'),
(18,'Department no. 78 in Grodków','Grodków','Poland'),
(19,'Department no. 271 in Rēzekne','Rēzekne','Latvia'),
(20,'Department no. 29 in Parintins','Parintins','Brazil'),
(21,'Department no. 61 in Santana do Paraíso','Santana do Paraíso','Brazil'),
(22,'Department no. 216 in San Julian','San Julian','Philippines'),
(23,'Department no. 161 in Saint-Quentin-en-Yvelines','Saint-Quentin-en-Yvelines','France'),
(24,'Department no. 304 in Warszawa','Warszawa','Poland'),
(25,'Department no. 47 in Hamakita','Hamakita','Japan')

INSERT INTO [Employees] VALUES
(1,'Iolanthe Widdocks',CONVERT(DATE,'17.02.2007',105),22),
(2,'Gus Benitti',CONVERT(DATE,'03.03.2006',105),15),
(3,'Thedric Rawood',CONVERT(DATE,'19.09.2011',105),23),
(4,'Xenia Balassa',CONVERT(DATE,'07.04.2019',105),11),
(5,'Corinna Caldaro',CONVERT(DATE,'05.01.2003',105),23),
(6,'Hilton Titmuss',CONVERT(DATE,'02.05.2005',105),4),
(7,'Gibb Gert',CONVERT(DATE,'01.09.2013',105),22),
(8,'Abigael Garside',CONVERT(DATE,'09.01.2005',105),5),
(9,'Rosalinde Ganniclifft',CONVERT(DATE,'07.12.2022',105),16),
(10,'Maurita Ogger',CONVERT(DATE,'14.09.2017',105),11),
(11,'Eldridge Knaggs',CONVERT(DATE,'19.09.2014',105),8),
(12,'Lucina Lettsom',CONVERT(DATE,'15.11.2008',105),3),
(13,'Gui Harsnep',CONVERT(DATE,'12.09.2016',105),20),
(14,'Debora Dicky',CONVERT(DATE,'12.09.2004',105),12),
(15,'Gideon Fritchley',CONVERT(DATE,'27.11.2019',105),2),
(16,'Anatol Billings',CONVERT(DATE,'01.09.2013',105),25),
(17,'Gal Bordman',CONVERT(DATE,'21.08.2019',105),25),
(18,'Walton Dilworth',CONVERT(DATE,'21.03.2001',105),12),
(19,'Kylie Arrigo',CONVERT(DATE,'10.12.2012',105),21),
(20,'Dawn Josipovitz',CONVERT(DATE,'08.01.2008',105),12),
(21,'Carena McGragh',CONVERT(DATE,'18.05.2017',105),5),
(22,'Federica Michelmore',CONVERT(DATE,'10.08.2011',105),9),
(23,'Carlee Kirsop',CONVERT(DATE,'12.01.2015',105),15),
(24,'Erich Batram',CONVERT(DATE,'31.03.2008',105),6),
(25,'Germana Bibbie',CONVERT(DATE,'04.05.2020',105),1),
(26,'Julina Paggitt',CONVERT(DATE,'10.12.2004',105),13),
(27,'Forbes Antunez',CONVERT(DATE,'14.07.2019',105),19),
(28,'Ansley Hellmer',CONVERT(DATE,'28.11.2008',105),12),
(29,'Thomasa Redfearn',CONVERT(DATE,'07.03.2012',105),25),
(30,'Merci Clatworthy',CONVERT(DATE,'06.12.2010',105),16),
(31,'Melina Turner',CONVERT(DATE,'20.10.2014',105),20),
(32,'Torrin Daverin',CONVERT(DATE,'03.11.2002',105),13),
(33,'Kat Nichol',CONVERT(DATE,'22.10.2010',105),2),
(34,'Marti MacAvddy',CONVERT(DATE,'09.06.2006',105),5),
(35,'Tamarah Bulteel',CONVERT(DATE,'07.03.2007',105),7),
(36,'Joey Tyson',CONVERT(DATE,'15.10.2012',105),25),
(37,'Lezlie Dowsey',CONVERT(DATE,'07.08.2019',105),10),
(38,'Chicky Edser',CONVERT(DATE,'08.07.2015',105),7),
(39,'Cookie Wederell',CONVERT(DATE,'17.12.2010',105),6),
(40,'Pincas Dayce',CONVERT(DATE,'17.01.2001',105),6),
(41,'Papagena Filliskirk',CONVERT(DATE,'30.05.2014',105),2),
(42,'Carny Trevarthen',CONVERT(DATE,'06.05.2018',105),15),
(43,'Bev Quibell',CONVERT(DATE,'23.06.2015',105),16),
(44,'Joye Oliveras',CONVERT(DATE,'30.12.2001',105),7),
(45,'Yancy Taye',CONVERT(DATE,'14.03.2009',105),18),
(46,'Liliane Gable',CONVERT(DATE,'08.04.2016',105),13),
(47,'Gannie Nornable',CONVERT(DATE,'27.02.2011',105),11),
(48,'Idell Thorrington',CONVERT(DATE,'17.09.2010',105),23),
(49,'Diandra Rivilis',CONVERT(DATE,'13.05.2010',105),5),
(50,'Cristian Habbergham',CONVERT(DATE,'27.07.2020',105),9),
(51,'Lyndel Verduin',CONVERT(DATE,'11.03.2016',105),15),
(52,'Gerti Wieprecht',CONVERT(DATE,'17.09.2018',105),22),
(53,'Sacha Heathcott',CONVERT(DATE,'28.09.2019',105),19),
(54,'Gustav Stocker',CONVERT(DATE,'05.02.2017',105),2),
(55,'Florri Winspare',CONVERT(DATE,'18.07.2014',105),13),
(56,'Corbin Tratton',CONVERT(DATE,'02.11.2019',105),12),
(57,'Clementia Erridge',CONVERT(DATE,'28.01.2003',105),20),
(58,'Gherardo Hullock',CONVERT(DATE,'27.03.2014',105),12),
(59,'Mikey Tosspell',CONVERT(DATE,'30.07.2021',105),25),
(60,'Michelina Lapworth',CONVERT(DATE,'24.08.2002',105),4),
(61,'Joana Cubbinelli',CONVERT(DATE,'12.08.2022',105),16),
(62,'Georgia Chastang',CONVERT(DATE,'18.10.2007',105),14),
(63,'Nealon De Benedetti',CONVERT(DATE,'14.09.2013',105),8),
(64,'Chariot Enterlein',CONVERT(DATE,'10.03.2019',105),1),
(65,'Osbert Lombardo',CONVERT(DATE,'17.11.2007',105),9),
(66,'Otis Havenhand',CONVERT(DATE,'16.02.2003',105),23),
(67,'Bail Maciejak',CONVERT(DATE,'28.08.2016',105),24),
(68,'Newton Jina',CONVERT(DATE,'05.12.2009',105),17),
(69,'Fons Sant',CONVERT(DATE,'13.06.2016',105),21),
(70,'Matty Henrot',CONVERT(DATE,'16.05.2010',105),8),
(71,'Christophorus Woolmer',CONVERT(DATE,'12.11.2011',105),23),
(72,'Ernie Fish',CONVERT(DATE,'26.06.2002',105),25),
(73,'Scarface Salack',CONVERT(DATE,'22.01.2006',105),21),
(74,'Lamar Topaz',CONVERT(DATE,'24.06.2004',105),6),
(75,'Brook Anderer',CONVERT(DATE,'04.04.2017',105),3),
(76,'Clare Joysey',CONVERT(DATE,'19.05.2007',105),24),
(77,'Roddy Castells',CONVERT(DATE,'06.01.2016',105),3),
(78,'Penny Gabb',CONVERT(DATE,'27.09.2010',105),4),
(79,'Ashton Tedman',CONVERT(DATE,'21.06.2005',105),15),
(80,'Vernon Nassau',CONVERT(DATE,'06.08.2022',105),18),
(81,'Elsy Halliberton',CONVERT(DATE,'10.06.2010',105),6),
(82,'Marrilee de Quesne',CONVERT(DATE,'05.08.2018',105),14),
(83,'Cecil Pinkerton',CONVERT(DATE,'31.10.2013',105),21),
(84,'Allyce Alelsandrovich',CONVERT(DATE,'19.08.2019',105),24),
(85,'Saree Meysham',CONVERT(DATE,'27.01.2008',105),14),
(86,'Shandeigh Benedtti',CONVERT(DATE,'16.06.2012',105),17),
(87,'Ezra Antat',CONVERT(DATE,'14.12.2004',105),23),
(88,'Malachi Coultard',CONVERT(DATE,'25.07.2006',105),9),
(89,'Geralda Rosier',CONVERT(DATE,'24.04.2020',105),3),
(90,'Remus Ormshaw',CONVERT(DATE,'09.12.2016',105),13),
(91,'Dorothea Gershom',CONVERT(DATE,'20.10.2003',105),4),
(92,'Miltie Musslewhite',CONVERT(DATE,'07.08.2012',105),21),
(93,'Cicily Bathowe',CONVERT(DATE,'23.08.2004',105),5),
(94,'Cristen Carruth',CONVERT(DATE,'15.07.2001',105),16),
(95,'Gunter Coon',CONVERT(DATE,'26.03.2004',105),16),
(96,'Blanche Messum',CONVERT(DATE,'21.06.2017',105),19),
(97,'Barbaraanne Hebbes',CONVERT(DATE,'06.04.2020',105),10),
(98,'Donalt McMurty',CONVERT(DATE,'02.01.2017',105),19),
(99,'Ave Rodrig',CONVERT(DATE,'25.04.2015',105),25),
(100,'Barney Derr',CONVERT(DATE,'02.05.2014',105),10),
(101,'Cort Sterman',CONVERT(DATE,'02.11.2018',105),15),
(102,'Jewelle Mander',CONVERT(DATE,'11.09.2005',105),9),
(103,'Kylynn Merredy',CONVERT(DATE,'11.06.2021',105),17),
(104,'Cleve MacKnocker',CONVERT(DATE,'23.08.2013',105),8),
(105,'Phaedra Tybalt',CONVERT(DATE,'15.08.2007',105),1),
(106,'Dorena Mathevet',CONVERT(DATE,'25.06.2010',105),9),
(107,'Yves Towsey',CONVERT(DATE,'30.03.2018',105),14),
(108,'Ina Springthorp',CONVERT(DATE,'09.12.2017',105),25),
(109,'Quintin Casine',CONVERT(DATE,'11.02.2021',105),19),
(110,'Mitchel Merredy',CONVERT(DATE,'06.05.2020',105),11),
(111,'Lamar Lupson',CONVERT(DATE,'12.11.2003',105),14),
(112,'Oren Beach',CONVERT(DATE,'16.03.2007',105),6)

INSERT INTO [ATMs] VALUES
(1,5691,5,'Kalipare'),
(2,4546,2,'Cobh'),
(3,7575,11,'Curahpacul Satu'),
(4,11833,3,'Castainço'),
(5,1933,5,'Kuniran'),
(6,4472,21,'Itapemirim'),
(7,6400,23,'La Rochelle'),
(8,9694,11,'Cimara'),
(9,8927,22,'Baylo'),
(10,2672,5,'Muesanaik'),
(11,14997,23,'La Garde'),
(12,7088,22,'Muladbucad'),
(13,4048,11,'Sendang'),
(14,17109,23,'Paris 15'),
(15,12544,5,'Bungkal'),
(16,11449,23,'Roissy Charles-de-Gaulle'),
(17,16417,17,'Velille'),
(18,14750,23,'Paris 12'),
(19,10584,25,'Numazu'),
(20,4333,22,'Lopez Jaena'),
(21,10830,5,'Parenggan'),
(22,1117,5,'Simpanganduwet'),
(23,13001,1,'Cortez'),
(24,5495,23,'Toulouse'),
(25,16449,22,'Monching'),
(26,7280,5,'Gunung Sugih'),
(27,6939,23,'Massy'),
(28,3834,3,'Póvoa do Valado'),
(29,10114,16,'Krynychky'),
(30,3818,3,'Costa de Rios Frios'),
(31,12967,11,'Jambesari'),
(32,3238,25,'Kumagaya'),
(33,15462,21,'Soledade'),
(34,2345,11,'Ciherang'),
(35,2369,1,'Malabag'),
(36,2802,17,'Tibillo'),
(37,8455,3,'Arcena'),
(38,8339,17,'Paucar'),
(39,6170,11,'Pendawanbaru'),
(40,14379,25,'Obita'),
(41,17812,23,'Toulouse'),
(42,8989,11,'Garisul'),
(43,10596,2,'Mullagh'),
(44,18676,20,'Ilhabela'),
(45,14962,1,'New Agutaya'),
(46,7452,1,'Tapas'),
(47,8723,5,'Luti'),
(48,11148,7,'Tānk'),
(49,4131,11,'Banjar Wates Tengah'),
(50,12476,22,'Pulo'),
(51,9379,4,'Holguín'),
(52,6606,17,'Saposoa'),
(53,4035,23,'Aix-en-Provence'),
(54,15530,1,'Banawang'),
(55,1772,2,'Sandymount'),
(56,10224,11,'Ritaebang'),
(57,3596,22,'Guimbal'),
(58,17569,20,'Rio das Pedras'),
(59,17187,23,'Noyon'),
(60,16546,20,'Peruíbe'),
(61,2990,22,'Kayapa'),
(62,1337,22,'Saguing'),
(63,17499,3,'Santo Amador'),
(64,3190,3,'Finzes'),
(65,17782,11,'Nakajah'),
(66,17717,19,'Rucava'),
(67,2979,11,'Rimba Sekampung'),
(68,17446,12,'Pysznica'),
(69,16452,12,'Pniewy'),
(70,8900,24,'Purda'),
(71,4049,24,'Sawin'),
(72,18220,24,'Nekla'),
(73,11120,8,'Jasionów'),
(74,16311,8,'Piotrków Kujawski'),
(75,1699,10,'Świdwin'),
(76,706,10,'Józefów'),
(77,16631,12,'Józefosław'),
(78,9819,18,'Niedzica'),
(79,18038,18,'Krzemieniewo'),
(80,10062,18,'Zbrosławice'),
(81,5108,12,'Polkowice'),
(82,1762,12,'Góra Kalwaria'),
(83,7307,8,'Czeremcha'),
(84,15556,12,'Biecz'),
(85,13112,18,'Bąków'),
(86,11130,10,'Ostrzeszów'),
(87,2014,12,'Czerniewice')

INSERT INTO [ATMsMalfunctions] VALUES
(1,86,'Faulty dispenser',CONVERT(DATE,'08-09-2013',105),97),
(2,40,'Faulty dispenser',CONVERT(DATE,'03-11-2013',105),59),
(3,75,'Worn out card reader',CONVERT(DATE,'04-09-2018',105),97),
(4,43,'Faulty dispenser',CONVERT(DATE,'08-12-2021',105),41),
(5,23,'Software glitch',CONVERT(DATE,'13-10-2022',105),105),
(6,48,'Broken keypad',CONVERT(DATE,'21-11-2012',105),38),
(7,43,'Faulty dispenser',CONVERT(DATE,'07-04-2012',105),33),
(8,63,'Receipt malfunctions',CONVERT(DATE,'01-01-2012',105),12),
(9,81,'Worn out card reader',CONVERT(DATE,'18-04-2007',105),14),
(10,60,'Broken keypad',CONVERT(DATE,'16-10-2015',105),13),
(11,10,'Software glitch',CONVERT(DATE,'07-11-2011',105),21),
(12,75,'Receipt malfunctions',CONVERT(DATE,'26-05-2018',105),100),
(13,87,'Faulty dispenser',CONVERT(DATE,'06-09-2020',105),56),
(14,87,'Receipt malfunctions',CONVERT(DATE,'23-05-2002',105),56),
(15,75,'Receipt malfunctions',CONVERT(DATE,'06-04-2021',105),97),
(16,27,'Worn out card reader',CONVERT(DATE,'18-07-2013',105),71),
(17,60,'Software glitch',CONVERT(DATE,'16-02-2003',105),13),
(18,62,'Worn out card reader',CONVERT(DATE,'28-03-2007',105),1),
(19,23,'Faulty dispenser',CONVERT(DATE,'31-12-2014',105),64),
(20,66,'Software glitch',CONVERT(DATE,'01-03-2009',105),109),
(21,24,'Worn out card reader',CONVERT(DATE,'26-11-2018',105),48),
(22,32,'Worn out card reader',CONVERT(DATE,'31-10-2005',105),99),
(23,73,'Software glitch',CONVERT(DATE,'12-11-2020',105),104),
(24,28,'Broken keypad',CONVERT(DATE,'12-04-2007',105),89),
(25,29,'Worn out card reader',CONVERT(DATE,'18-01-2007',105),61),
(26,16,'Software glitch',CONVERT(DATE,'11-10-2011',105),5),
(27,40,'Software glitch',CONVERT(DATE,'22-07-2014',105),29),
(28,11,'Software glitch',CONVERT(DATE,'27-02-2007',105),48),
(29,17,'Software glitch',CONVERT(DATE,'01-07-2022',105),86),
(30,72,'Broken keypad',CONVERT(DATE,'29-03-2017',105),67),
(31,51,'Broken keypad',CONVERT(DATE,'04-06-2014',105),60),
(32,67,'Broken keypad',CONVERT(DATE,'15-04-2002',105),47),
(33,33,'Worn out card reader',CONVERT(DATE,'01-09-2019',105),73),
(34,55,'Worn out card reader',CONVERT(DATE,'06-02-2005',105),54),
(35,46,'Receipt malfunctions',CONVERT(DATE,'21-08-2001',105),105),
(36,48,'Faulty dispenser',CONVERT(DATE,'14-03-2013',105),44),
(37,40,'Software glitch',CONVERT(DATE,'21-11-2004',105),99),
(38,35,'Worn out card reader',CONVERT(DATE,'06-07-2012',105),25),
(39,77,'Faulty dispenser',CONVERT(DATE,'11-12-2007',105),20),
(40,34,'Faulty dispenser',CONVERT(DATE,'23-05-2022',105),4),
(41,33,'Receipt malfunctions',CONVERT(DATE,'09-08-2002',105),92),
(42,55,'Receipt malfunctions',CONVERT(DATE,'05-07-2012',105),54),
(43,87,'Worn out card reader',CONVERT(DATE,'22-05-2001',105),28),
(44,52,'Broken keypad',CONVERT(DATE,'13-05-2022',105),68),
(45,47,'Software glitch',CONVERT(DATE,'29-05-2013',105),93),
(46,18,'Faulty dispenser',CONVERT(DATE,'30-03-2022',105),66),
(47,57,'Receipt malfunctions',CONVERT(DATE,'14-03-2004',105),1),
(48,77,'Receipt malfunctions',CONVERT(DATE,'15-07-2007',105),18),
(49,48,'Worn out card reader',CONVERT(DATE,'13-07-2012',105),35),
(50,43,'Faulty dispenser',CONVERT(DATE,'03-04-2010',105),33),
(51,29,'Receipt malfunctions',CONVERT(DATE,'08-01-2014',105),95),
(52,38,'Software glitch',CONVERT(DATE,'17-07-2014',105),103),
(53,11,'Broken keypad',CONVERT(DATE,'18-02-2003',105),3),
(54,19,'Faulty dispenser',CONVERT(DATE,'07-10-2006',105),29),
(55,40,'Worn out card reader',CONVERT(DATE,'31-01-2014',105),16),
(56,40,'Receipt malfunctions',CONVERT(DATE,'03-02-2022',105),72),
(57,55,'Faulty dispenser',CONVERT(DATE,'12-04-2008',105),54),
(58,72,'Faulty dispenser',CONVERT(DATE,'13-09-2003',105),67),
(59,58,'Broken keypad',CONVERT(DATE,'03-03-2016',105),31),
(60,75,'Faulty dispenser',CONVERT(DATE,'29-09-2004',105),37),
(61,33,'Broken keypad',CONVERT(DATE,'22-04-2007',105),69),
(62,86,'Receipt malfunctions',CONVERT(DATE,'25-12-2008',105),37),
(63,35,'Worn out card reader',CONVERT(DATE,'09-07-2020',105),105),
(64,52,'Broken keypad',CONVERT(DATE,'19-02-2015',105),68),
(65,37,'Faulty dispenser',CONVERT(DATE,'16-07-2020',105),77),
(66,57,'Worn out card reader',CONVERT(DATE,'22-09-2022',105),1),
(67,33,'Receipt malfunctions',CONVERT(DATE,'03-09-2005',105),83),
(68,19,'Receipt malfunctions',CONVERT(DATE,'30-09-2011',105),29),
(69,29,'Software glitch',CONVERT(DATE,'10-08-2012',105),94),
(70,69,'Faulty dispenser',CONVERT(DATE,'28-03-2003',105),18),
(71,48,'Receipt malfunctions',CONVERT(DATE,'10-02-2019',105),44),
(72,87,'Receipt malfunctions',CONVERT(DATE,'08-02-2004',105),58),
(73,62,'Worn out card reader',CONVERT(DATE,'09-05-2010',105),7),
(74,59,'Broken keypad',CONVERT(DATE,'06-02-2018',105),3),
(75,32,'Worn out card reader',CONVERT(DATE,'10-02-2005',105),29),
(76,71,'Worn out card reader',CONVERT(DATE,'03-11-2018',105),76),
(77,16,'Software glitch',CONVERT(DATE,'18-04-2018',105),5),
(78,52,'Broken keypad',CONVERT(DATE,'02-02-2004',105),86),
(79,87,'Faulty dispenser',CONVERT(DATE,'28-02-2014',105),20),
(80,71,'Worn out card reader',CONVERT(DATE,'11-03-2014',105),84),
(81,36,'Faulty dispenser',CONVERT(DATE,'05-04-2013',105),103),
(82,66,'Worn out card reader',CONVERT(DATE,'25-06-2018',105),27),
(83,51,'Faulty dispenser',CONVERT(DATE,'26-09-2015',105),6),
(84,10,'Software glitch',CONVERT(DATE,'11-12-2001',105),8),
(85,66,'Broken keypad',CONVERT(DATE,'04-03-2002',105),109),
(86,29,'Worn out card reader',CONVERT(DATE,'27-08-2019',105),94),
(87,33,'Receipt malfunctions',CONVERT(DATE,'18-05-2013',105),92),
(88,4,'Receipt malfunctions',CONVERT(DATE,'15-02-2008',105),77),
(89,32,'Receipt malfunctions',CONVERT(DATE,'20-10-2011',105),16),
(90,62,'Software glitch',CONVERT(DATE,'24-04-2007',105),1),
(91,66,'Broken keypad',CONVERT(DATE,'05-02-2008',105),27),
(92,10,'Broken keypad',CONVERT(DATE,'23-10-2012',105),49),
(93,55,'Worn out card reader',CONVERT(DATE,'27-01-2001',105),15),
(94,82,'Software glitch',CONVERT(DATE,'23-06-2002',105),58),
(95,82,'Faulty dispenser',CONVERT(DATE,'28-05-2017',105),58),
(96,14,'Worn out card reader',CONVERT(DATE,'14-12-2009',105),71),
(97,60,'Software glitch',CONVERT(DATE,'11-09-2020',105),13)

INSERT INTO [Clients] VALUES
(1,'Phil Lofting',CONVERT(DATE,'30-03-1995',105),'Krajan Dua Putukrejo','Indonesia','+62697945465'),
(2,'Filbert Bassingham',CONVERT(DATE,'21-01-1988',105),'Esperanza','Dominican Republic','+1614187413'),
(3,'Osmond Culkin',CONVERT(DATE,'08-06-1977',105),'Tacoma','United States','+1253714047'),
(4,'Trina Ivanyushin',CONVERT(DATE,'26-10-2006',105),'Remas','Albania','+355363144224'),
(5,'Sukey Jack',CONVERT(DATE,'24-08-1967',105),'Raszowa','Poland','+48156764940'),
(6,'Diahann Broz',CONVERT(DATE,'09-05-2000',105),'Zhukovskiy','Russia','+7354293872'),
(7,'Gualterio Castagnaro',CONVERT(DATE,'06-09-1977',105),'Huoqiu Chengguanzhen','China','+86775132185'),
(8,'Jorey Chumley',CONVERT(DATE,'02-12-2003',105),'Xiaohe','China','+86229326632'),
(9,'Chlo Donnett',CONVERT(DATE,'25-11-1973',105),'Hongshan','China','+86368625073'),
(10,'Laryssa Roebottom',CONVERT(DATE,'15-02-1969',105),'Smedjebacken','Sweden','+46600402366'),
(11,'Ginger Brownjohn',CONVERT(DATE,'25-10-2003',105),'Bayuwan','Indonesia','+62977252507'),
(12,'Nikkie Blancowe',CONVERT(DATE,'15-11-1970',105),'Cluny','Mauritius','+230947811187'),
(13,'Richie Kubala',CONVERT(DATE,'16-10-1980',105),'Žleby','Czech Republic','+420145477570'),
(14,'Charlot Sygroves',CONVERT(DATE,'17-09-1967',105),'Jamalteca','Honduras','+504748907859'),
(15,'Gage Clue',CONVERT(DATE,'07-09-1974',105),'São Francisco','Brazil','+55865473714'),
(16,'Jessee Stanyer',CONVERT(DATE,'02-09-1973',105),'Mayuan','China','+86325804533'),
(17,'Pete Sprosson',CONVERT(DATE,'08-03-2005',105),'Mata','Portugal','+351503945954'),
(18,'Didi Hubbold',CONVERT(DATE,'18-10-1995',105),'Miaoshi','China','+86203907565'),
(19,'Chrisse OCarmody',CONVERT(DATE,'09-01-1979',105),'Karangagung Timur','Indonesia','+62232276762'),
(20,'Aloysia Ryburn',CONVERT(DATE,'06-08-1977',105),'Hengpi','China','+86963886634'),
(21,'Zachary Dyball',CONVERT(DATE,'18-08-1999',105),'Stepanovićevo','Serbia','+381704676772'),
(22,'Ermentrude Strongitharm',CONVERT(DATE,'31-05-1995',105),'Mēga','Ethiopia','+251595469263'),
(23,'Cody Arnholz',CONVERT(DATE,'04-06-1969',105),'Yefremov','Russia','+7712613785'),
(24,'Lyn Dax',CONVERT(DATE,'18-08-2005',105),'Bangeran','Indonesia','+62984258573'),
(25,'Abbi Ragbourn',CONVERT(DATE,'18-09-1973',105),'Cigalontang','Indonesia','+62559632457'),
(26,'Allyce Headrick',CONVERT(DATE,'25-01-2004',105),'Kladanj','Bosnia and Herzegovina','+387557570404'),
(27,'Louise Killelay',CONVERT(DATE,'06-09-1999',105),'Mir','Belarus','+375406582221'),
(28,'Belia Seagood',CONVERT(DATE,'29-01-1974',105),'Ystad','Sweden','+46993287170'),
(29,'Gretel Gansbuhler',CONVERT(DATE,'07-09-2006',105),'Bundoc','Philippines','+63602609579'),
(30,'Selia Burkill',CONVERT(DATE,'17-08-1969',105),'Huangchuan','China','+86597808144'),
(31,'Quillan Nice',CONVERT(DATE,'24-08-1971',105),'Palompon','Philippines','+63732117663'),
(32,'Annemarie Blankau',CONVERT(DATE,'21-10-1997',105),'Wendo','Ethiopia','+251706252365'),
(33,'Elnore Blacket',CONVERT(DATE,'19-04-2002',105),'Gornji Petrovci','Slovenia','+386306882333'),
(34,'Sallyanne Gentil',CONVERT(DATE,'24-05-1968',105),'Luoshan','China','+86951558807'),
(35,'Anallise Spurret',CONVERT(DATE,'27-07-1987',105),'Santo Domingo','Philippines','+63208838517'),
(36,'Kerr McCreagh',CONVERT(DATE,'21-06-1984',105),'Líbeznice','Czech Republic','+420241544669'),
(37,'Arabella Curtis',CONVERT(DATE,'18-08-1990',105),'Pontevedra','Spain','+34189306648'),
(38,'Bernhard Giacopello',CONVERT(DATE,'14-11-1967',105),'Vetluzhskiy','Russia','+7951251321'),
(39,'Fanchon De Hailes',CONVERT(DATE,'15-07-1998',105),'Uenohara','Japan','+81170280150'),
(40,'Nellie Westoff',CONVERT(DATE,'14-10-1974',105),'Lyon','France','+33864839197'),
(41,'Vassily Fairlam',CONVERT(DATE,'03-04-1984',105),'Katrineholm','Sweden','+46560441717'),
(42,'Mortie Sadgrove',CONVERT(DATE,'07-10-1998',105),'Paragominas','Brazil','+55150644226'),
(43,'Dorey Cantrell',CONVERT(DATE,'02-07-1990',105),'Pamedilan','Indonesia','+62977734861'),
(44,'Fayina Logie',CONVERT(DATE,'23-06-1996',105),'Huangcun','China','+86844222433'),
(45,'Valina Loakes',CONVERT(DATE,'30-06-1973',105),'Tapera','Brazil','+55200596687'),
(46,'Humfried Delagua',CONVERT(DATE,'27-03-2004',105),'Quyangqiao','China','+86669902671'),
(47,'Arleyne Nyssen',CONVERT(DATE,'16-10-1986',105),'Mississauga','Canada','+1676660306'),
(48,'Doug Pitcock',CONVERT(DATE,'16-07-1997',105),'Montluçon','France','+33466720357'),
(49,'Leona Hardcastle',CONVERT(DATE,'25-08-2005',105),'Dugu','China','+86744316569'),
(50,'Christabella Schinetti',CONVERT(DATE,'21-10-1972',105),'Sanrao','China','+86371887730'),
(51,'Joeann Monkman',CONVERT(DATE,'25-01-1991',105),'Heicheng','China','+86917890545'),
(52,'Oberon Apdell',CONVERT(DATE,'05-10-2001',105),'Shcherbinka','Russia','+7699849654'),
(53,'Tiffanie Garmon',CONVERT(DATE,'09-12-1969',105),'Pinayagan Norte','Philippines','+63735780766'),
(54,'Thomasa Januszkiewicz',CONVERT(DATE,'01-01-1968',105),'Tanudan','Philippines','+63640896472'),
(55,'Moria Lawrance',CONVERT(DATE,'17-02-1995',105),'Impendle','South Africa','+27310363287'),
(56,'Benita Bockin',CONVERT(DATE,'22-05-2004',105),'Popova','Russia','+7623232605'),
(57,'Harriette Punshon',CONVERT(DATE,'09-05-1983',105),'Karnice','Poland','+48999197762'),
(58,'Bartholomew Hedger',CONVERT(DATE,'02-03-1973',105),'Tobi Village','Palau','+680180249344'),
(59,'Merilee Mcasparan',CONVERT(DATE,'29-04-1989',105),'Alicante/Alacant','Spain','+34828915419'),
(60,'Giovanni Caddies',CONVERT(DATE,'19-07-1985',105),'Krzanowice','Poland','+48415605100'),
(61,'Leodora Shoulder',CONVERT(DATE,'04-07-1978',105),'Ouidah','Benin','+229421888242'),
(62,'Sibel Smallcomb',CONVERT(DATE,'04-11-1980',105),'Battle Creek','United States','+1269819738'),
(63,'Addie Klaffs',CONVERT(DATE,'20-06-1983',105),'Saint-Denis','Reunion','+262989564498'),
(64,'Ardelis Goatman',CONVERT(DATE,'16-08-2001',105),'Gogosuket','Indonesia','+62957321338'),
(65,'Adey Mangon',CONVERT(DATE,'26-07-1987',105),'Hroznětín','Czech Republic','+420618842775'),
(66,'Vergil Ralestone',CONVERT(DATE,'06-12-1975',105),'Gniechowice','Poland','+48712407558'),
(67,'Renault Bartolomeo',CONVERT(DATE,'03-12-1990',105),'Pandangan Kulon','Indonesia','+62342261629'),
(68,'Harwilll Damiral',CONVERT(DATE,'30-09-2006',105),'Panadtaban','Philippines','+63119146720'),
(69,'Rupert Chadderton',CONVERT(DATE,'15-10-1975',105),'Beutong Ateuh','Indonesia','+62322887303'),
(70,'Noel Deverill',CONVERT(DATE,'31-05-1991',105),'København','Denmark','+45980120886'),
(71,'Winnah Merrick',CONVERT(DATE,'05-05-1974',105),'Bapska','Croatia','+385950817415'),
(72,'Caron Cannan',CONVERT(DATE,'09-01-1968',105),'Calamba','Philippines','+63854909810'),
(73,'Karlotte Frarey',CONVERT(DATE,'05-08-1986',105),'Villa Dolores','Argentina','+54717944579'),
(74,'Peria Carlozzi',CONVERT(DATE,'04-03-1978',105),'Hongtian','China','+86632895706'),
(75,'Arch Grundwater',CONVERT(DATE,'07-12-1973',105),'Sechelt','Canada','+1981535764'),
(76,'Karlyn Common',CONVERT(DATE,'24-01-1989',105),'Shuangtang','China','+86820120517'),
(77,'Tami Winterflood',CONVERT(DATE,'19-05-1983',105),'Dungloe','Ireland','+353611976129'),
(78,'Ellissa Tadgell',CONVERT(DATE,'14-09-2004',105),'Avignon','France','+33453775381'),
(79,'Eliot Moden',CONVERT(DATE,'15-06-2006',105),'Nam Phong','Thailand','+66258975945'),
(80,'Nevins Doget',CONVERT(DATE,'15-07-1967',105),'Rājbirāj','Nepal','+977600398614'),
(81,'Stephanus Topliss',CONVERT(DATE,'25-05-1999',105),'Valence','France','+33592126224'),
(82,'Orion Tipler',CONVERT(DATE,'25-07-1989',105),'Al ‘Aqabah','Yemen','+967507351165'),
(83,'Joey Vawton',CONVERT(DATE,'07-12-2006',105),'Koroyo','Indonesia','+62143725848'),
(84,'Benny Embery',CONVERT(DATE,'20-10-2000',105),'Badai','China','+86831938040'),
(85,'Julissa Cordeux',CONVERT(DATE,'10-08-1984',105),'Tapilon','Philippines','+63585849283'),
(86,'Stacie Rolfini',CONVERT(DATE,'19-03-1980',105),'Néa Kíos','Greece','+30819752246'),
(87,'Audra Hanselman',CONVERT(DATE,'24-05-1972',105),'Vila Verde','Portugal','+351280591908'),
(88,'Mick Bode',CONVERT(DATE,'25-07-1976',105),'Ribeira das Taínhas','Portugal','+351735299901'),
(89,'Arny Glaister',CONVERT(DATE,'16-10-1982',105),'Conroe','United States','+1936301841'),
(90,'Derrik Clark',CONVERT(DATE,'04-11-1980',105),'Laoxingchang','China','+86825102907'),
(91,'Randi Kliner',CONVERT(DATE,'13-08-1967',105),'Rambatan','Indonesia','+62383327754'),
(92,'Brandise Raddan',CONVERT(DATE,'26-04-1978',105),'Yangsan','South Korea','+82972598207'),
(93,'Aguie McCague',CONVERT(DATE,'31-05-1981',105),'Sal’sk','Russia','+7992994041'),
(94,'Nichole Leyzell',CONVERT(DATE,'26-07-2001',105),'Poitiers','France','+33330126133'),
(95,'Tommie Growden',CONVERT(DATE,'27-05-1984',105),'Ngeni','Indonesia','+62173565366'),
(96,'Ambrose Bougen',CONVERT(DATE,'26-05-1979',105),'Pasirmalang','Indonesia','+62950452357'),
(97,'Ebenezer Gogin',CONVERT(DATE,'14-06-2006',105),'Ikata-chō','Japan','+81509432607'),
(98,'Neall Pearmain',CONVERT(DATE,'23-09-1982',105),'Los Dos Caminos','Venezuela','+58351464046'),
(99,'Caryl Phelipeaux',CONVERT(DATE,'16-05-1993',105),'Suchedniów','Poland','+48367560572'),
(100,'Thatch Cottel',CONVERT(DATE,'23-04-1972',105),'Marly','France','+33926476161'),
(101,'Henrie OLoughane',CONVERT(DATE,'24-11-1967',105),'Rubirizi','Uganda','+256627243316'),
(102,'Wendel Enderby',CONVERT(DATE,'12-07-1972',105),'Pledo','Indonesia','+62743298887'),
(103,'Editha Hartles',CONVERT(DATE,'06-09-2000',105),'Barrī ash Sharqī','Syria','+963829418752'),
(104,'El Layborn',CONVERT(DATE,'24-10-1988',105),'Feilaixia','China','+86470459601'),
(105,'Howie Conaboy',CONVERT(DATE,'24-06-1969',105),'Mosrentgen','Russia','+7121813198'),
(106,'Meggi Canto',CONVERT(DATE,'05-01-1973',105),'Komsomolsk-on-Amur','Russia','+7373771592'),
(107,'Vinny Ivers',CONVERT(DATE,'22-02-1987',105),'Tengqiao','China','+86311454257'),
(108,'Catherine Delahunty',CONVERT(DATE,'22-08-1968',105),'Jianggang','China','+86943677325'),
(109,'Laure Tzarkov',CONVERT(DATE,'17-09-1995',105),'Erfurt','Germany','+49976428080'),
(110,'Valentia Dolman',CONVERT(DATE,'21-09-1995',105),'Lasehao','Indonesia','+62576760299'),
(111,'Tiphani Capner',CONVERT(DATE,'06-06-2001',105),'Mirsíni','Greece','+30553990652'),
(112,'Kelcey Shuttlewood',CONVERT(DATE,'06-01-2002',105),'Sápes','Greece','+30650257523'),
(113,'Mitch Fosse',CONVERT(DATE,'14-02-1988',105),'Usevia','Tanzania','+255459276653'),
(114,'Asia Hanselmann',CONVERT(DATE,'29-07-1978',105),'Livingstone','Zambia','+260423834705'),
(115,'Torrance Piggins',CONVERT(DATE,'29-09-1971',105),'Majur','Serbia','+381435926508'),
(116,'Gates Potier',CONVERT(DATE,'23-07-1973',105),'Masina','Democratic Republic of the Congo','+242927178817'),
(117,'Elsie Mulholland',CONVERT(DATE,'13-11-1995',105),'Buy','Russia','+7682713586'),
(118,'Kathrine Jakubowicz',CONVERT(DATE,'05-01-1968',105),'Hengxi','China','+86478157603'),
(119,'Candra Barnaby',CONVERT(DATE,'19-03-1985',105),'Svitlovods’k','Ukraine','+380697464943'),
(120,'Marena Tarney',CONVERT(DATE,'05-03-1998',105),'Natal','Brazil','+55880306456'),
(121,'Neille Cheal',CONVERT(DATE,'14-12-1983',105),'Xiaotang','China','+86636562184'),
(122,'Mersey Rediers',CONVERT(DATE,'29-06-1994',105),'Sofádes','Greece','+30716659653'),
(123,'Jozef Brigman',CONVERT(DATE,'07-08-1994',105),'Liushan','China','+86923111730'),
(124,'Nady Dootson',CONVERT(DATE,'16-12-1996',105),'Baishuitan','China','+86858312577'),
(125,'Alayne Howselee',CONVERT(DATE,'31-03-1998',105),'Chelbasskaya','Russia','+7654153183'),
(126,'Cooper Olenchenko',CONVERT(DATE,'15-08-2000',105),'Ptení','Czech Republic','+420651404424'),
(127,'Boyd Kretchmer',CONVERT(DATE,'23-12-2006',105),'Pancas','Brazil','+55766704671'),
(128,'Eduardo Bonas',CONVERT(DATE,'06-12-2002',105),'North Perth','Canada','+1341655692'),
(129,'Lacy Rosenfield',CONVERT(DATE,'16-08-1980',105),'Saint-Maurice','France','+33903778140'),
(130,'Constancia Finlayson',CONVERT(DATE,'21-06-1970',105),'Nahura','Indonesia','+62188895034'),
(131,'Gabbey Silverman',CONVERT(DATE,'01-09-1998',105),'Moluo','China','+86163783592'),
(132,'Park Bim',CONVERT(DATE,'23-07-1987',105),'Sumberagung','Indonesia','+62270954982'),
(133,'Maddy Kleyn',CONVERT(DATE,'23-09-1987',105),'Estreito Câmara de Lobos','Portugal','+351818166039'),
(134,'Rand Tarburn',CONVERT(DATE,'22-07-1975',105),'Əhmədbəyli','Azerbaijan','+994246253051'),
(135,'Hetty Cossins',CONVERT(DATE,'13-09-1971',105),'Apartadó','Colombia','+57517467082'),
(136,'Sherman Caseri',CONVERT(DATE,'26-01-1983',105),'Bandeirantes','Brazil','+55920649617'),
(137,'Brett Bohlin',CONVERT(DATE,'18-01-1983',105),'Jiangdianzi','China','+86373390113'),
(138,'Nathanael Catling',CONVERT(DATE,'27-06-1982',105),'Sumberpandan','Indonesia','+62302716489'),
(139,'Dru Curnick',CONVERT(DATE,'02-02-1989',105),'Capela','Portugal','+351304729098'),
(140,'Agnella Hanna',CONVERT(DATE,'05-06-2002',105),'Břeclav','Czech Republic','+420763235017'),
(141,'Sibyl Count',CONVERT(DATE,'23-10-1992',105),'Kitob','Uzbekistan','+998679555254'),
(142,'Hillary Cicero',CONVERT(DATE,'18-01-1972',105),'Jilin','China','+86160153206'),
(143,'Mose Saing',CONVERT(DATE,'25-10-1989',105),'Ōtsuki','Japan','+81119520694'),
(144,'Constantin Virgoe',CONVERT(DATE,'08-03-1989',105),'Bilqās','Egypt','+20901533526'),
(145,'Siobhan Shermore',CONVERT(DATE,'30-06-1990',105),'Kishi','Nigeria','+234159349718'),
(146,'Taite Clubbe',CONVERT(DATE,'15-07-1975',105),'Wenchang','China','+86797408241'),
(147,'Angie Sullivan',CONVERT(DATE,'10-01-1993',105),'Salamá','Honduras','+504576408122'),
(148,'Casar Langstone',CONVERT(DATE,'20-02-1992',105),'Vuka','Croatia','+385891814023'),
(149,'Gabbi Egger',CONVERT(DATE,'31-01-1979',105),'Poligny','France','+33501614782'),
(150,'Weston Bugdale',CONVERT(DATE,'21-08-1980',105),'Aş Şanamayn','Syria','+963438178950'),
(151,'Penni Ableson',CONVERT(DATE,'26-02-1977',105),'Sainte-Geneviève-des-Bois','France','+33710818637'),
(152,'Isak Feldon',CONVERT(DATE,'17-10-2005',105),'Innoshima','Japan','+81388309971'),
(153,'Jean Djekic',CONVERT(DATE,'22-11-1970',105),'Titiakar','Indonesia','+62124282896'),
(154,'Hannis Danigel',CONVERT(DATE,'08-04-1983',105),'Kangar','Malaysia','+60363470416'),
(155,'Ellyn Lardeux',CONVERT(DATE,'22-04-1995',105),'Zhongtai','China','+86230220922'),
(156,'Emmaline Perocci',CONVERT(DATE,'23-12-1982',105),'Nangong','China','+86247969462'),
(157,'Dorian Housbie',CONVERT(DATE,'15-08-1983',105),'Shar','Kazakhstan','+7510456563'),
(158,'Kimberly Chell',CONVERT(DATE,'03-10-1974',105),'Sá','Portugal','+351741434882'),
(159,'Jessalyn Hovenden',CONVERT(DATE,'27-01-1979',105),'Albuera','Philippines','+63141500517'),
(160,'Erich Pietersma',CONVERT(DATE,'14-06-1976',105),'Rato','Indonesia','+62478307271'),
(161,'Artemus Craigmyle',CONVERT(DATE,'21-03-1990',105),'Shuangjie','China','+86735505159'),
(162,'Amabelle Turle',CONVERT(DATE,'22-03-1970',105),'Quintas','Portugal','+351993280752'),
(163,'Roz Mewrcik',CONVERT(DATE,'28-11-1974',105),'Dalamdesa Kalapadua','Indonesia','+62992175280'),
(164,'Francisco Tomson',CONVERT(DATE,'27-01-1995',105),'Benito Juarez','Mexico','+52530462260'),
(165,'Silvio Trimmill',CONVERT(DATE,'04-05-1988',105),'Zili','China','+86488986722'),
(166,'Jeanna Fulop',CONVERT(DATE,'07-09-1975',105),'Manakara','Madagascar','+261972212399'),
(167,'Harald McHugh',CONVERT(DATE,'05-06-1974',105),'Valerianovsk','Russia','+7326601434'),
(168,'Francesco Linneman',CONVERT(DATE,'23-01-2000',105),'Rancapanjang','Indonesia','+62809866556'),
(169,'Dennie Blackledge',CONVERT(DATE,'25-04-1969',105),'Kadurahayu','Indonesia','+62588984030'),
(170,'Katrina Gligoraci',CONVERT(DATE,'06-02-1979',105),'Hongshan','China','+86170742330'),
(171,'Fancy Coit',CONVERT(DATE,'17-10-1990',105),'Sungaiduri','Indonesia','+62179678143'),
(172,'Xerxes Kivelhan',CONVERT(DATE,'21-06-1989',105),'Shahe','China','+86992997375'),
(173,'Cecilius Tremellan',CONVERT(DATE,'24-08-1985',105),'Rossosh’','Russia','+7542922911'),
(174,'Vernen Lopez',CONVERT(DATE,'27-12-1975',105),'Astromil','Portugal','+351943860770'),
(175,'Ritchie Crate',CONVERT(DATE,'03-05-1995',105),'Longjiang','China','+86489453162'),
(176,'Janene Urpeth',CONVERT(DATE,'15-08-1988',105),'Itapira','Brazil','+55830177040'),
(177,'Peggie Patsall',CONVERT(DATE,'11-09-1992',105),'Liantan','China','+86682692512'),
(178,'Aloysia Bilbie',CONVERT(DATE,'12-12-1979',105),'Karabudakhkent','Russia','+7943494051'),
(179,'Eileen Lody',CONVERT(DATE,'05-09-1982',105),'Benito Juarez','Mexico','+52197160608'),
(180,'Catie Giabucci',CONVERT(DATE,'05-02-2006',105),'Neuilly-sur-Seine','France','+33609289929'),
(181,'Saidee Androsik',CONVERT(DATE,'14-12-1996',105),'Thị Trấn Na Hang','Vietnam','+84697674381'),
(182,'Arte Grundwater',CONVERT(DATE,'18-02-1991',105),'Heshi','China','+86804847704'),
(183,'Sella Padilla',CONVERT(DATE,'27-07-2005',105),'Xiangshan','China','+86533770949'),
(184,'Ynes Grinin',CONVERT(DATE,'01-08-1981',105),'Casais Baleal','Portugal','+351888588829'),
(185,'Donnie Fidian',CONVERT(DATE,'01-11-1973',105),'Krajan Langenharjo','Indonesia','+62574900553'),
(186,'Tommy Hender',CONVERT(DATE,'21-11-1968',105),'Santo Niño','Philippines','+63602267287'),
(187,'Dimitry Readings',CONVERT(DATE,'13-07-1990',105),'Carmen','Philippines','+63646186195'),
(188,'Forbes Sloan',CONVERT(DATE,'24-02-1998',105),'Ratíškovice','Czech Republic','+420730609388'),
(189,'Yule Hyman',CONVERT(DATE,'01-11-1976',105),'Roslavl’','Russia','+7586777818'),
(190,'Cindie Shewan',CONVERT(DATE,'31-07-1983',105),'Strzyżowice','Poland','+48232879749'),
(191,'Gina Aberkirder',CONVERT(DATE,'19-03-1979',105),'Honglu','China','+86546827363'),
(192,'Marika De Beneditti',CONVERT(DATE,'06-08-1991',105),'Huolu','China','+86912263165'),
(193,'Cornell Begg',CONVERT(DATE,'09-01-1997',105),'Miasteczko Śląskie','Poland','+48534507255'),
(194,'Rooney Linger',CONVERT(DATE,'12-09-1977',105),'Itapemirim','Brazil','+55467267532'),
(195,'Lettie Terren',CONVERT(DATE,'17-10-1969',105),'Kalepasan','Indonesia','+62156195537'),
(196,'Boris Olivie',CONVERT(DATE,'31-07-1973',105),'Linfen','China','+86317398694'),
(197,'Louis Zmitruk',CONVERT(DATE,'29-07-1969',105),'La Cañada','Mexico','+52303509604'),
(198,'Hanna Frisdick',CONVERT(DATE,'08-03-2006',105),'Jezerce','Croatia','+385247974946'),
(199,'Carmita Trustie',CONVERT(DATE,'10-07-1988',105),'Jianshe','China','+86160784360'),
(200,'Heddie Caulket',CONVERT(DATE,'08-03-1972',105),'Ternovka','Russia','+7510828431'),
(201,'Skipper Derington',CONVERT(DATE,'19-04-1993',105),'Ewarton','Jamaica','+1255264315'),
(202,'Sheree Byneth',CONVERT(DATE,'17-05-1994',105),'Briey','France','+33983124844'),
(203,'Ariadne Shoebridge',CONVERT(DATE,'15-12-1992',105),'Iquipi','Peru','+51272410570'),
(204,'Tedda Wiltshear',CONVERT(DATE,'16-03-1979',105),'Pittsburgh','United States','+1110430'),
(205,'Aurlie Horley',CONVERT(DATE,'20-12-1970',105),'Vuokatti','Finland','+358766715803'),
(206,'Polly Littler',CONVERT(DATE,'27-09-2000',105),'Humpolec','Czech Republic','+420177651224'),
(207,'Fransisco Alexsandrov',CONVERT(DATE,'11-05-1993',105),'Calumpang','Philippines','+63470868442'),
(208,'Benjamen Duffus',CONVERT(DATE,'21-04-1975',105),'Klumpit','Indonesia','+62367623861'),
(209,'Benedick Dennidge',CONVERT(DATE,'11-08-2001',105),'Komsomol’skiy','Russia','+7178860597'),
(210,'Cindi Sliman',CONVERT(DATE,'12-01-1983',105),'Santa Rita','Venezuela','+58301906375'),
(211,'Nevins Strother',CONVERT(DATE,'19-11-2005',105),'San Agustín','El Salvador','+503446706572'),
(212,'Hasty Schwandermann',CONVERT(DATE,'02-07-1968',105),'Lop','China','+86747715034'),
(213,'Brita MacLaverty',CONVERT(DATE,'26-07-2005',105),'Saltsjö-Boo','Sweden','+46299943705'),
(214,'Emlyn Lowery',CONVERT(DATE,'15-07-1990',105),'Atalhada','Portugal','+351741258569'),
(215,'Byram Lobb',CONVERT(DATE,'23-07-1975',105),'Gobabis','Namibia','+264343441963'),
(216,'Eula Heaffey',CONVERT(DATE,'18-10-2006',105),'Bilar','Philippines','+63280751319'),
(217,'Sheena Badrock',CONVERT(DATE,'15-02-2000',105),'Xingdian','China','+86815519754'),
(218,'Benn Moulsdall',CONVERT(DATE,'17-06-2001',105),'Fyllingsdalen','Norway','+47624463848'),
(219,'Fiann Songest',CONVERT(DATE,'19-03-1995',105),'Kunčice pod Ondřejníkem','Czech Republic','+420265609440'),
(220,'Jim Guion',CONVERT(DATE,'13-11-1982',105),'Devin','Bulgaria','+359295816922'),
(221,'Debi Heinrich',CONVERT(DATE,'02-12-1999',105),'Blimbing','Indonesia','+62939120415'),
(222,'Darwin DAmbrogi',CONVERT(DATE,'25-05-1974',105),'Áthyra','Greece','+30382841472'),
(223,'Celka Sidwick',CONVERT(DATE,'11-09-2001',105),'Vale Covo','Portugal','+351635245534'),
(224,'Cleve Brodhead',CONVERT(DATE,'17-08-1969',105),'Lokoja','Nigeria','+234983178188'),
(225,'Ajay Morefield',CONVERT(DATE,'04-07-1989',105),'Lantian','China','+86175470335'),
(226,'Julio Humphries',CONVERT(DATE,'02-03-1976',105),'Liuche','China','+86972977227'),
(227,'Libby Ruddiman',CONVERT(DATE,'03-09-1993',105),'Papakura','New Zealand','+64517847391'),
(228,'Jakob Pullin',CONVERT(DATE,'11-12-1993',105),'Oslo','Norway','+47994178946'),
(229,'Miguela Menichino',CONVERT(DATE,'14-03-1990',105),'Enhtal','Mongolia','+976185289272'),
(230,'Amery Baseley',CONVERT(DATE,'21-11-1982',105),'Taohuajiang','China','+86242536696'),
(231,'Rivi Lardier',CONVERT(DATE,'26-10-1995',105),'Undurkhaan','Mongolia','+976519385905'),
(232,'Roosevelt Brettle',CONVERT(DATE,'21-09-1976',105),'Sacramento','United States','+1916166972'),
(233,'Morgan Pignon',CONVERT(DATE,'05-09-1981',105),'Shijie','China','+86965300625'),
(234,'Anastassia Donativo',CONVERT(DATE,'21-03-1975',105),'Ourtzagh','Morocco','+212505116115'),
(235,'Gabie Dovydenas',CONVERT(DATE,'30-08-1968',105),'Soca','Uruguay','+598356485598'),
(236,'Christyna Escolme',CONVERT(DATE,'30-05-1990',105),'Järna','Sweden','+46679191707'),
(237,'Rob Buncom',CONVERT(DATE,'19-10-1990',105),'Sanchahe','China','+86459893311'),
(238,'Drucie Ranklin',CONVERT(DATE,'01-04-1993',105),'Świętajno','Poland','+48725873946'),
(239,'Nonie Drinkall',CONVERT(DATE,'14-04-2006',105),'Solna','Sweden','+46656659453'),
(240,'Hugh Heineking',CONVERT(DATE,'24-06-1990',105),'Bang Mun Nak','Thailand','+66828961309'),
(241,'Randy Murcott',CONVERT(DATE,'23-08-1992',105),'Libu','China','+86939697780'),
(242,'Killian Burhouse',CONVERT(DATE,'30-06-1995',105),'Nabire','Indonesia','+62964115952'),
(243,'Nollie Yacob',CONVERT(DATE,'23-01-2002',105),'Fengjiang','China','+86533742427'),
(244,'Philip Slane',CONVERT(DATE,'10-07-1988',105),'Vyborg','Russia','+7747639422'),
(245,'Roth Messier',CONVERT(DATE,'21-01-1976',105),'Batarasa','Philippines','+63820742955'),
(246,'Eduard Towne',CONVERT(DATE,'15-12-1976',105),'El Coco','Panama','+507912939504'),
(247,'Decca Commander',CONVERT(DATE,'01-01-1973',105),'Cibinong Satu','Indonesia','+62413961092'),
(248,'Angelia Betancourt',CONVERT(DATE,'30-08-1999',105),'Rayevskaya','Russia','+7751713194'),
(249,'Malynda Carlett',CONVERT(DATE,'22-05-1967',105),'Oceanside','United States','+1858381995'),
(250,'Bobbie Rosenthal',CONVERT(DATE,'21-01-1988',105),'Kętrzyn','Poland','+48736787227')

INSERT INTO [AccountTypes] VALUES
(1,'personal'),
(2,'for minors'),
(3,'saving'),
(4,'business')

INSERT INTO [Accounts] VALUES
('AD9413090105NCMC3VM1EDKD',1,'Cardguard',1,0,CONVERT(DATE,'22-11-2021',105),CONVERT(DATE,'21-08-2022',105)),
('CY9215826814N5WF0EAUVLRJNYEP',2,'Wrapsafe',4,0,CONVERT(DATE,'01-09-2021',105),NULL),
('IS467634787117169699889043',3,'Hatity',4,0,CONVERT(DATE,'28-06-2021',105),CONVERT(DATE,'17-11-2021',105)),
('CY12037553938HANCACNARCJXUQ2',4,'Span',3,0,CONVERT(DATE,'15-07-2021',105),NULL),
('PT07106690676316508649610',4,'Wrapsafe',1,0,CONVERT(DATE,'21-10-2021',105),NULL),
('FR45266161274652TMVIVPQ5L01',5,'Bitwolf',1,0,CONVERT(DATE,'03-08-2021',105),CONVERT(DATE,'30-03-2022',105)),
('LT696654847411372478',6,'Bitchip',1,0,CONVERT(DATE,'16-06-2021',105),NULL),
('SI97275105530910376',7,'Lotstring',3,0,CONVERT(DATE,'05-08-2021',105),NULL),
('ES3876567973341776820457',8,'Rank',1,0,CONVERT(DATE,'10-05-2022',105),NULL),
('PT29499781625205195427425',9,'Zontrax',3,0,CONVERT(DATE,'12-07-2021',105),NULL),
('SM79Q3694121719TOU8ASQA0WSB',9,'Kanlam',3,0,CONVERT(DATE,'26-09-2021',105),NULL),
('AE953455736311284747558',10,'Transcof',3,0,CONVERT(DATE,'18-01-2022',105),NULL),
('FR1502944963172WZYK2TOUP756',11,'Greenlam',1,0,CONVERT(DATE,'26-02-2022',105),NULL),
('FR219161520100MAECISS28QI76',11,'Tin',3,0,CONVERT(DATE,'09-02-2022',105),CONVERT(DATE,'27-11-2022',105)),
('FI2219198455116224',11,'It',1,0,CONVERT(DATE,'25-02-2021',105),NULL),
('BH80CEBOTKLJM2BUKX42VF',12,'Overhold',1,0,CONVERT(DATE,'15-11-2021',105),NULL),
('FR980228933378SS3VLX9UACU28',12,'Tempsoft',1,0,CONVERT(DATE,'01-03-2021',105),NULL),
('FR815550418281TQ84CJY8Q0X83',13,'Job',1,0,CONVERT(DATE,'22-02-2022',105),NULL),
('SM83P90892886318JNTNUYDHWF0',14,'Tres-Zap',1,0,CONVERT(DATE,'12-07-2021',105),NULL),
('GL5255650205989485',15,'Stronghold',1,0,CONVERT(DATE,'19-05-2021',105),NULL),
('KW85AYMHPBVBCVXTBEXRORUCADITVV',15,'Y-Solowarm',1,0,CONVERT(DATE,'31-08-2021',105),NULL),
('LV27TOASEFYALHPH5RNMJ',15,'Matsoft',1,0,CONVERT(DATE,'17-06-2021',105),CONVERT(DATE,'19-07-2021',105)),
('AL8021214616W9VCCKPNSEDHIGBK',16,'Flowdesk',2,0,CONVERT(DATE,'27-06-2021',105),NULL),
('IL757842282767511621870',17,'Span',4,0,CONVERT(DATE,'07-03-2021',105),CONVERT(DATE,'15-09-2021',105)),
('CR5710841972545014452',17,'Treeflex',1,0,CONVERT(DATE,'29-12-2021',105),NULL),
('KZ10710KAXRKBV4ETOSD',17,'Zoolab',1,0,CONVERT(DATE,'17-02-2022',105),NULL),
('FR023968166162QFMI9LTRFYP13',18,'Trippledex',1,0,CONVERT(DATE,'10-01-2021',105),CONVERT(DATE,'06-05-2022',105)),
('ME70575675621862483580',19,'Sonsing',1,0,CONVERT(DATE,'16-05-2021',105),CONVERT(DATE,'13-07-2022',105)),
('HU78408361769375686963905817',20,'Tempsoft',1,0,CONVERT(DATE,'26-01-2021',105),CONVERT(DATE,'16-05-2021',105)),
('FR866323816569TBEYXL0UTTS96',21,'Tres-Zap',4,0,CONVERT(DATE,'27-02-2022',105),NULL),
('BG38CTRP707888CHJO8ZXK',21,'Sonsing',1,0,CONVERT(DATE,'31-01-2022',105),NULL),
('SI14540525320707650',21,'Job',3,0,CONVERT(DATE,'25-01-2022',105),NULL),
('PK06PYDX9IKDYX2W6BCBMLX1',22,'Lotstring',1,0,CONVERT(DATE,'07-10-2021',105),NULL),
('MC252479540832T14TYUTCAJX17',22,'Bamity',1,0,CONVERT(DATE,'30-11-2021',105),NULL),
('IS928892874631938551679674',22,'Matsoft',1,0,CONVERT(DATE,'26-07-2021',105),NULL),
('PL43281800397501597971052578',23,'Stringtough',1,0,CONVERT(DATE,'28-08-2021',105),CONVERT(DATE,'25-04-2022',105)),
('AE208442104089089423018',23,'Zontrax',1,0,CONVERT(DATE,'09-10-2021',105),NULL),
('FR794576365824OBDHH9XQU3Z48',24,'Kanlam',1,0,CONVERT(DATE,'17-11-2021',105),NULL),
('MD02BZL3BAJBVBOSVTVUCZLH',25,'Sonair',1,0,CONVERT(DATE,'30-03-2022',105),NULL),
('DE42771744757544870860',25,'Latlux',1,0,CONVERT(DATE,'26-05-2021',105),NULL),
('MK76101XO6RF8MT6N44',26,'Domainer',1,0,CONVERT(DATE,'15-01-2022',105),NULL),
('FR8885856433902PFBER7MY9W00',26,'Trippledex',1,0,CONVERT(DATE,'06-03-2021',105),NULL),
('PL48063123299606189735634665',27,'Home Ing',1,0,CONVERT(DATE,'30-05-2022',105),CONVERT(DATE,'09-07-2022',105)),
('LI94577706TCILDNRABOC',28,'Namfix',2,0,CONVERT(DATE,'29-03-2021',105),NULL),
('ES7295078258162113141744',29,'Temp',1,0,CONVERT(DATE,'30-09-2021',105),CONVERT(DATE,'17-12-2021',105)),
('MD730CGGIQL7X7HD8J48NWXZ',30,'Bytecard',1,0,CONVERT(DATE,'10-08-2021',105),CONVERT(DATE,'30-09-2022',105)),
('BG13JEIC509423NAXUKOLW',30,'Cookley',3,0,CONVERT(DATE,'04-07-2021',105),NULL),
('NO8650701288944',31,'Bitchip',1,0,CONVERT(DATE,'04-02-2022',105),NULL),
('ME06010270545643065544',32,'Lotlux',3,0,CONVERT(DATE,'27-10-2021',105),NULL),
('MK885706QX8UYFKTF20',33,'Bitchip',3,0,CONVERT(DATE,'24-05-2022',105),NULL),
('NO2855437598422',33,'Regrant',3,0,CONVERT(DATE,'29-03-2021',105),NULL),
('LI2033561S5WMFJ5ZBQZX',34,'Veribet',1,0,CONVERT(DATE,'28-05-2021',105),NULL),
('FR6770020963208J1UCIEIWYZ93',35,'Duobam',1,0,CONVERT(DATE,'10-03-2022',105),NULL),
('FR664530848066PZS7RTSBPDX82',36,'Sonair',3,0,CONVERT(DATE,'30-07-2021',105),CONVERT(DATE,'27-09-2021',105)),
('RO38TDIXDHGRSSBIIEBSAHNZ',36,'Bytecard',3,0,CONVERT(DATE,'17-11-2021',105),NULL),
('FR666537258783X8OMC04VFTC42',37,'Zoolab',4,0,CONVERT(DATE,'28-11-2021',105),NULL),
('KW60GHNXNSHUOVNJSBVP2SQ00JCM0P',37,'Domainer',1,0,CONVERT(DATE,'20-11-2021',105),CONVERT(DATE,'15-08-2022',105)),
('HR2750206937399363641',38,'Voltsillam',1,0,CONVERT(DATE,'12-11-2021',105),NULL),
('LI6447144YSY4Z7BZZZRK',39,'Job',1,0,CONVERT(DATE,'02-04-2022',105),NULL),
('FR9782327987451AYUC37U0EF51',40,'Tresom',3,0,CONVERT(DATE,'21-03-2022',105),NULL),
('LU51482S5LB0GJSVOYPP',40,'Overhold',1,0,CONVERT(DATE,'29-10-2021',105),NULL),
('SI74825760997584571',41,'Sub-Ex',1,0,CONVERT(DATE,'11-01-2021',105),NULL),
('MC574513984017FXNQQKOYBLQ33',42,'Bytecard',1,0,CONVERT(DATE,'20-07-2021',105),NULL),
('BA038977631439091374',42,'Stringtough',2,0,CONVERT(DATE,'29-10-2021',105),NULL),
('PL11799872834331665811266572',43,'Bigtax',4,0,CONVERT(DATE,'20-12-2021',105),CONVERT(DATE,'05-05-2022',105)),
('CH584827884PGVRUBCRFO',43,'Sonsing',3,0,CONVERT(DATE,'03-01-2021',105),NULL),
('SI16655849116473450',44,'Mat Lam Tam',4,0,CONVERT(DATE,'25-11-2021',105),NULL),
('FR415369337789HNEDLEYCLTX34',44,'Tampflex',1,0,CONVERT(DATE,'05-08-2021',105),NULL),
('FR262813619748PNCVTCELAXG12',45,'Redhold',3,0,CONVERT(DATE,'20-09-2021',105),CONVERT(DATE,'08-08-2022',105)),
('PT32784241761371374262171',45,'Gembucket',1,0,CONVERT(DATE,'05-09-2021',105),NULL),
('ME97661623675960265882',45,'Matsoft',3,0,CONVERT(DATE,'26-04-2021',105),NULL),
('FR555370117262M8MHCS4TW0778',46,'Alphazap',1,0,CONVERT(DATE,'12-04-2021',105),NULL),
('TN5478612701002964205356',47,'Regrant',1,0,CONVERT(DATE,'22-12-2021',105),NULL),
('KW82KSFYM4YY93ESZGLAMCNATMMBIG',48,'Bitchip',3,0,CONVERT(DATE,'22-03-2021',105),NULL),
('PL89877171017396818184443026',49,'Sonair',3,0,CONVERT(DATE,'14-02-2022',105),NULL),
('GR560395974CG6TT9ZR8OFADHFE',49,'Bytecard',2,0,CONVERT(DATE,'16-01-2021',105),NULL),
('FR695430719047MSWFWEIHCAO18',50,'Daltfresh',1,0,CONVERT(DATE,'24-09-2021',105),NULL),
('GL4455269002179975',50,'Treeflex',1,0,CONVERT(DATE,'02-09-2021',105),NULL),
('SM04O2872816220NX2CRTU1F91Z',51,'Stronghold',1,0,CONVERT(DATE,'11-03-2022',105),CONVERT(DATE,'19-08-2022',105)),
('FR2505908882660FTQILUB4R861',52,'Tempsoft',1,0,CONVERT(DATE,'17-03-2021',105),CONVERT(DATE,'25-07-2022',105)),
('CY8714298070SW8FV1GLHBWSTKYO',53,'Quo Lux',3,0,CONVERT(DATE,'24-02-2021',105),NULL),
('FR433271943275Q7IKGEEUQOE62',54,'Holdlamis',2,0,CONVERT(DATE,'11-12-2021',105),NULL),
('KZ57817DZXUEGJAWDPRF',55,'Zontrax',3,0,CONVERT(DATE,'27-08-2021',105),CONVERT(DATE,'27-01-2022',105)),
('NL78SXNX5876067470',56,'Zaam-Dox',1,0,CONVERT(DATE,'09-05-2022',105),NULL),
('PT76725017952203419820774',56,'Tin',1,0,CONVERT(DATE,'06-03-2022',105),NULL),
('SA4941E7VC2BUJG8DVLMIUB9',56,'Sub-Ex',3,0,CONVERT(DATE,'09-02-2021',105),NULL),
('MK88922HU8SSC0WM810',57,'Sonair',1,0,CONVERT(DATE,'25-09-2021',105),NULL),
('CH1618474PWEBI8QAGREI',58,'Fixflex',3,0,CONVERT(DATE,'30-10-2021',105),CONVERT(DATE,'28-05-2022',105)),
('HU87667080640745192379770387',59,'Cardguard',1,0,CONVERT(DATE,'01-05-2021',105),CONVERT(DATE,'21-01-2022',105)),
('SE0410756440958840317925',59,'Bamity',1,0,CONVERT(DATE,'15-10-2021',105),CONVERT(DATE,'04-11-2021',105)),
('RO18EUJTUIXL9GMIVTAD47EI',60,'Duobam',3,0,CONVERT(DATE,'19-01-2021',105),NULL),
('FR1549583566069TR1N2XWOYX34',60,'Cardify',1,0,CONVERT(DATE,'26-05-2022',105),NULL),
('FR3481428835649QEVERDZJYP38',61,'Asoka',1,0,CONVERT(DATE,'19-02-2021',105),NULL),
('DK6058517087729622',61,'Bytecard',1,0,CONVERT(DATE,'28-05-2021',105),NULL),
('LI9457531A6YJLWIJKNSQ',62,'Cookley',2,0,CONVERT(DATE,'26-06-2021',105),NULL),
('NL76JNXX1868440926',62,'Matsoft',1,0,CONVERT(DATE,'23-06-2021',105),CONVERT(DATE,'08-07-2022',105)),
('GI83NEWZEVPW4UU7XMWZ0HZ',63,'Ventosanzap',3,0,CONVERT(DATE,'19-12-2021',105),NULL),
('MD45BCMPTO0A8JEWCMIMULCR',64,'Alpha',1,0,CONVERT(DATE,'27-11-2021',105),NULL),
('IE51AAOQ21828404077999',64,'Job',3,0,CONVERT(DATE,'08-01-2021',105),NULL),
('BE14175804407331',65,'Rank',1,0,CONVERT(DATE,'06-02-2021',105),NULL),
('AL5959600739QLBVKSV5UR8L5MCU',66,'Home Ing',1,0,CONVERT(DATE,'30-01-2022',105),NULL),
('TR0759790QLUOZUYZBIF6LUMC0',66,'Kanlam',1,0,CONVERT(DATE,'11-06-2021',105),NULL),
('IE42UTTQ67174907923500',66,'Sonsing',1,0,CONVERT(DATE,'24-05-2021',105),CONVERT(DATE,'18-02-2022',105)),
('LB112232GXFEIRUSUKN8WRUCRGQM',67,'Mat Lam Tam',1,0,CONVERT(DATE,'08-09-2021',105),CONVERT(DATE,'10-03-2022',105)),
('LB64197862DLT0DLQ7H8HKJHW7CI',68,'Solarbreeze',3,0,CONVERT(DATE,'19-05-2022',105),NULL),
('PS08YUQBD0QXSCE7LOYO3WEIIFHOA',69,'Zontrax',1,0,CONVERT(DATE,'19-09-2021',105),NULL),
('BG96DUOA015893RAOVD5AK',69,'Matsoft',2,0,CONVERT(DATE,'20-11-2021',105),NULL),
('EE386688945979336861',69,'Fintone',1,0,CONVERT(DATE,'15-02-2021',105),NULL),
('GT83QMU2BFPVMOYQBSZ9SLMMIWW3',70,'Zaam-Dox',1,0,CONVERT(DATE,'07-09-2021',105),NULL),
('FR5041164036327DMV1CRBHOK58',71,'Cookley',3,0,CONVERT(DATE,'21-01-2022',105),NULL),
('FR836087418377IWU8PVEGDVU13',71,'Bamity',1,0,CONVERT(DATE,'06-09-2021',105),CONVERT(DATE,'17-09-2021',105)),
('BH54PCIVYK9ZY4NPXRS8O3',71,'Latlux',3,0,CONVERT(DATE,'30-04-2022',105),CONVERT(DATE,'22-08-2022',105)),
('GR665961948ADBSX9QJRLACNGCS',72,'Cardguard',1,0,CONVERT(DATE,'26-03-2021',105),NULL),
('BA930876333848218316',73,'Duobam',1,0,CONVERT(DATE,'08-07-2021',105),NULL),
('AL0870006466BDDYHJJGOUMQB7A6',73,'Holdlamis',1,0,CONVERT(DATE,'23-04-2022',105),CONVERT(DATE,'06-05-2022',105)),
('LU70851H7LSUB3GSRLFG',73,'Prodder',1,0,CONVERT(DATE,'25-05-2021',105),NULL),
('FR5013365821287GQMMDD6OLU83',74,'Gembucket',1,0,CONVERT(DATE,'01-08-2021',105),NULL),
('IT95C5136669136DOMHUVNPWXL1',75,'Tin',4,0,CONVERT(DATE,'15-02-2021',105),NULL),
('BH67DBGDTWOO98T1IIB1GE',76,'Fintone',1,0,CONVERT(DATE,'13-05-2022',105),NULL),
('AT226036253155779986',76,'Daltfresh',3,0,CONVERT(DATE,'21-04-2022',105),NULL),
('DO65YOCL31275685388452922839',77,'Zaam-Dox',1,0,CONVERT(DATE,'18-12-2021',105),NULL),
('KW59IMZAU6XRJDDOMKHUQXXXQNGYBX',78,'Zathin',3,0,CONVERT(DATE,'24-01-2022',105),NULL),
('DO39GE7C12482803957849368595',78,'Bytecard',2,0,CONVERT(DATE,'30-12-2021',105),CONVERT(DATE,'06-11-2022',105)),
('PL02388355872187260826304548',79,'Ronstring',1,0,CONVERT(DATE,'24-03-2021',105),NULL),
('LI9802427CPUSD02PMERA',80,'Konklux',1,0,CONVERT(DATE,'20-08-2021',105),NULL),
('GR522354528C95EVZDAXCLHWO6W',80,'Opela',3,0,CONVERT(DATE,'27-10-2021',105),NULL),
('GI02OSMLZCVPC3LI6P7EZUF',80,'Zoolab',1,0,CONVERT(DATE,'28-01-2022',105),NULL),
('MR2368945812321419374551561',81,'Cookley',3,0,CONVERT(DATE,'06-04-2021',105),NULL),
('MU38SPRZ6561085529865602003KQY',81,'Regrant',1,0,CONVERT(DATE,'10-02-2021',105),NULL),
('GL5292163970877711',82,'Toughjoyfax',1,0,CONVERT(DATE,'28-12-2021',105),NULL),
('BG10EWTB1413962P6E6CZJ',83,'Asoka',1,0,CONVERT(DATE,'27-08-2021',105),NULL),
('LI9151289N8ADOGNRY7JJ',84,'Subin',1,0,CONVERT(DATE,'09-05-2021',105),NULL),
('FR044345369650K70UZEP1PLB38',85,'Y-find',3,0,CONVERT(DATE,'29-04-2022',105),NULL),
('AE791992291992682614433',85,'Bigtax',2,0,CONVERT(DATE,'06-04-2021',105),NULL),
('AZ32WDFXIMHARYKZEWVKS5QG5GQ7',86,'Solarbreeze',3,0,CONVERT(DATE,'04-03-2022',105),NULL),
('KW22OLNPISJDMT4SNHFR0DSPN5ANKQ',87,'Quo Lux',1,0,CONVERT(DATE,'24-08-2021',105),NULL),
('IT92R5558006844U0FADCFZP08W',87,'Ventosanzap',3,0,CONVERT(DATE,'24-05-2022',105),CONVERT(DATE,'04-08-2022',105)),
('TR0242141JKJFDPUYFQ4BG1CHR',88,'Job',3,0,CONVERT(DATE,'29-03-2022',105),NULL),
('PS04VYBCQPFJWHXPFFNWDRHMH7Z9E',89,'Subin',1,0,CONVERT(DATE,'22-10-2021',105),NULL),
('KZ08583RLSRYBXSZMLZ4',90,'Biodex',3,0,CONVERT(DATE,'28-05-2021',105),NULL),
('FR654459310157FSFJXHSE1FU24',90,'Treeflex',1,0,CONVERT(DATE,'13-12-2021',105),NULL),
('BR1205660151330024495652954UY',90,'Kanlam',3,0,CONVERT(DATE,'09-02-2022',105),NULL),
('FR8531903426929BVM9A1DXCW93',91,'Mat Lam Tam',1,0,CONVERT(DATE,'17-03-2021',105),NULL),
('IL864925811367077730271',91,'Duobam',1,0,CONVERT(DATE,'30-03-2022',105),NULL),
('LV72XXYBH0G42VAO1QZAS',91,'Y-Solowarm',1,0,CONVERT(DATE,'06-10-2021',105),NULL),
('GB48ENOZ97260071015756',92,'Zamit',2,0,CONVERT(DATE,'01-04-2021',105),NULL),
('LT686535476410631841',93,'Redhold',1,0,CONVERT(DATE,'05-03-2021',105),NULL),
('MU79EOTT8963977338902634213BSU',93,'Overhold',2,0,CONVERT(DATE,'30-12-2021',105),NULL),
('FR241647887802ACKVGEEEQZM87',94,'Tresom',3,0,CONVERT(DATE,'30-08-2021',105),NULL),
('DE87413056918276489411',95,'Holdlamis',3,0,CONVERT(DATE,'25-04-2022',105),CONVERT(DATE,'15-08-2022',105)),
('DO692LOA24615275459286419733',95,'Tampflex',3,0,CONVERT(DATE,'21-06-2021',105),NULL),
('TN9828137049969786960962',96,'Stronghold',3,0,CONVERT(DATE,'19-11-2021',105),NULL),
('SK9128096539431151563108',97,'Veribet',3,0,CONVERT(DATE,'28-04-2021',105),NULL),
('AL33908744009C521XY5QXTPUATG',98,'Ronstring',1,0,CONVERT(DATE,'19-05-2021',105),NULL),
('AE236837503028130721519',99,'Tresom',3,0,CONVERT(DATE,'26-01-2021',105),NULL),
('ME30014423925934878853',99,'Zamit',1,0,CONVERT(DATE,'06-03-2021',105),NULL),
('CZ7501037659587135778487',100,'Kanlam',3,0,CONVERT(DATE,'15-01-2021',105),CONVERT(DATE,'27-07-2022',105)),
('IL786557961952878739199',101,'Duobam',1,0,CONVERT(DATE,'20-07-2021',105),NULL),
('CH6793171T2FIYUY16UEY',102,'Cardify',3,0,CONVERT(DATE,'16-10-2021',105),NULL),
('AL7735553150TGPITLB0SYRDI9PS',102,'Voyatouch',1,0,CONVERT(DATE,'09-03-2021',105),NULL),
('HR2046564264198251845',103,'Quo Lux',1,0,CONVERT(DATE,'22-01-2021',105),NULL),
('LU67780AHKNQAGUVIQCQ',103,'Subin',1,0,CONVERT(DATE,'02-12-2021',105),NULL),
('DE26201314004591017445',103,'Bitwolf',1,0,CONVERT(DATE,'21-03-2022',105),NULL),
('FR618914331395Y2P7V6AEBDG70',104,'Pannier',4,0,CONVERT(DATE,'13-08-2021',105),NULL),
('FR880802642577SKWA7FFSOSY93',105,'Konklab',1,0,CONVERT(DATE,'06-01-2022',105),CONVERT(DATE,'26-09-2022',105)),
('CH40257354COC2G42ATEJ',105,'Zaam-Dox',1,0,CONVERT(DATE,'07-01-2021',105),NULL),
('LB3423188JABVMUC6GSTMJQWP8DR',106,'It',1,0,CONVERT(DATE,'12-05-2021',105),NULL),
('IL930759747392977098228',107,'Sonair',3,0,CONVERT(DATE,'22-10-2021',105),NULL),
('SM21J8226711495E7QWVSFSIA8R',108,'Voyatouch',3,0,CONVERT(DATE,'24-10-2021',105),NULL),
('AE669617962979556956338',109,'Bamity',1,0,CONVERT(DATE,'23-05-2021',105),CONVERT(DATE,'09-08-2021',105)),
('CR5054394223774342612',109,'Latlux',1,0,CONVERT(DATE,'19-12-2021',105),CONVERT(DATE,'23-10-2022',105)),
('CZ4978198580333176676814',110,'Zamit',1,0,CONVERT(DATE,'04-02-2021',105),CONVERT(DATE,'12-03-2022',105)),
('KZ79698SAMINRDWP0SU3',110,'Holdlamis',1,0,CONVERT(DATE,'01-03-2022',105),NULL),
('IE51HMAU92310220433666',110,'Tin',3,0,CONVERT(DATE,'31-05-2022',105),NULL),
('LB020531YBRENLULG71HLYYHAJFW',111,'Latlux',1,0,CONVERT(DATE,'16-10-2021',105),NULL),
('BE73412981269660',111,'Stringtough',2,0,CONVERT(DATE,'09-03-2021',105),NULL),
('BH89XBHG5UNJQVF7DMBYNQ',112,'Zoolab',1,0,CONVERT(DATE,'05-02-2021',105),CONVERT(DATE,'23-10-2022',105)),
('FR852149528972WKYPXKZBV9783',113,'Domainer',1,0,CONVERT(DATE,'15-10-2021',105),NULL),
('MD127KRR5IDXVHDKKSBDCYLZ',114,'Quo Lux',3,0,CONVERT(DATE,'18-05-2022',105),NULL),
('IL240866025059159431398',115,'Pannier',1,0,CONVERT(DATE,'14-05-2022',105),CONVERT(DATE,'14-11-2022',105)),
('AD3436784333NJ8STCMDIPRF',116,'Hatity',1,0,CONVERT(DATE,'17-03-2022',105),NULL),
('FR355719122719UPWYHQHCWEX12',116,'Stringtough',4,0,CONVERT(DATE,'11-10-2021',105),NULL),
('CY9873342199LFMKFAYXM2EDQHLW',116,'Cardify',2,0,CONVERT(DATE,'07-03-2022',105),NULL),
('IL954780099934615738624',117,'Domainer',3,0,CONVERT(DATE,'13-04-2021',105),NULL),
('PT79958979704247087374884',118,'Home Ing',1,0,CONVERT(DATE,'31-12-2021',105),NULL),
('SM78N7809963212KRCYTRDYPGBA',118,'Tampflex',4,0,CONVERT(DATE,'24-01-2022',105),NULL),
('HU68784313704422979806045343',119,'Cardguard',1,0,CONVERT(DATE,'27-04-2022',105),NULL),
('FR545626506435USBYMLJZW4T92',119,'Bitwolf',1,0,CONVERT(DATE,'25-09-2021',105),NULL),
('LT020042583090022848',120,'Span',1,0,CONVERT(DATE,'18-06-2021',105),NULL),
('IT12D7367339631MYHBUZNQDQFH',121,'Zoolab',1,0,CONVERT(DATE,'16-11-2021',105),NULL),
('IT13H2361404392D7MFDQT0IDVL',121,'Wrapsafe',1,0,CONVERT(DATE,'26-11-2021',105),NULL),
('DE24606440803858670949',122,'Zaam-Dox',3,0,CONVERT(DATE,'18-03-2022',105),NULL),
('CR6208159620834962189',122,'Alpha',1,0,CONVERT(DATE,'24-02-2021',105),NULL),
('PL66688800934580256377748627',122,'Lotlux',1,0,CONVERT(DATE,'21-11-2021',105),NULL),
('SM15Z7626700133IYW0DGUTCR6Q',123,'Biodex',1,0,CONVERT(DATE,'05-10-2021',105),CONVERT(DATE,'01-09-2022',105)),
('CR4377281577857817397',124,'Treeflex',1,0,CONVERT(DATE,'20-03-2022',105),NULL),
('MK41477DOYFWAI1W659',125,'Zoolab',1,0,CONVERT(DATE,'16-10-2021',105),NULL),
('MT29TBTL85012OVGSQ22YFNLREHDKPT',126,'Stringtough',1,0,CONVERT(DATE,'10-02-2022',105),NULL),
('BR7237078533304381976578605ED',127,'Vagram',3,0,CONVERT(DATE,'10-03-2021',105),NULL),
('SI24995381014793617',127,'Kanlam',1,0,CONVERT(DATE,'10-05-2021',105),CONVERT(DATE,'02-08-2021',105)),
('DK5795947186416720',128,'Ronstring',1,0,CONVERT(DATE,'19-10-2021',105),NULL),
('AT081187867286884882',128,'Konklux',1,0,CONVERT(DATE,'26-01-2022',105),NULL),
('AT419337944819836915',128,'Bamity',4,0,CONVERT(DATE,'01-03-2022',105),NULL),
('LT072751014736594693',129,'Bytecard',1,0,CONVERT(DATE,'30-08-2021',105),CONVERT(DATE,'09-10-2022',105)),
('MR3684476395740706147116764',130,'Hatity',1,0,CONVERT(DATE,'03-06-2021',105),NULL),
('FR5894022872945ACYX887VOH23',131,'Kanlam',3,0,CONVERT(DATE,'04-04-2021',105),NULL),
('PT13236191257141033561499',132,'Trippledex',1,0,CONVERT(DATE,'05-04-2021',105),NULL),
('PK16OVGG5TABA3XNX7GFS7OG',132,'Bitwolf',1,0,CONVERT(DATE,'25-03-2021',105),NULL),
('BG80BGKW2232103ST3GTY6',132,'Kanlam',3,0,CONVERT(DATE,'28-08-2021',105),NULL),
('GB40XYTB95618940277915',133,'Voyatouch',1,0,CONVERT(DATE,'10-06-2021',105),NULL),
('GB72MTCS12171466615466',133,'Konklux',1,0,CONVERT(DATE,'24-10-2021',105),NULL),
('FR828083090168ET6ILTDQURN59',134,'Zoolab',3,0,CONVERT(DATE,'01-02-2022',105),NULL),
('GE75WE8521088818461588',134,'Latlux',1,0,CONVERT(DATE,'25-05-2022',105),NULL),
('FO5917849755420235',135,'Prodder',2,0,CONVERT(DATE,'11-06-2021',105),CONVERT(DATE,'06-11-2021',105)),
('GR861288206OLQH2DAHVAN1RZMH',135,'Ventosanzap',3,0,CONVERT(DATE,'20-09-2021',105),NULL),
('RO30KCWCK6YFATZUPK1JDJSU',136,'Span',3,0,CONVERT(DATE,'11-08-2021',105),NULL),
('RO13UPSSRHMVA84JH0TPPTVX',137,'Lotlux',1,0,CONVERT(DATE,'01-01-2021',105),NULL),
('LI4086518PKMEK1TNNUIG',137,'Regrant',1,0,CONVERT(DATE,'23-11-2021',105),NULL),
('NO5707298372619',137,'Keylex',1,0,CONVERT(DATE,'28-10-2021',105),NULL),
('TR7857618UXWCWBI4V4IUMMBD5',138,'Holdlamis',1,0,CONVERT(DATE,'06-12-2021',105),NULL),
('BH28EQZSLZB0CFICEYOZHW',139,'Ventosanzap',3,0,CONVERT(DATE,'12-03-2021',105),NULL),
('IS854519170803540031159058',140,'Lotlux',1,0,CONVERT(DATE,'08-08-2021',105),NULL),
('FR768052907885WGR8C1JBYOU54',140,'Sonsing',1,0,CONVERT(DATE,'01-07-2021',105),NULL),
('IL706407341573205473112',140,'Vagram',1,0,CONVERT(DATE,'25-06-2021',105),NULL),
('MD62NVLXRWUOQ1BVDGBQ1HOW',141,'Fintone',1,0,CONVERT(DATE,'11-05-2022',105),CONVERT(DATE,'08-11-2022',105)),
('CH0777012CHPF0RNYLH5D',142,'Veribet',1,0,CONVERT(DATE,'05-08-2021',105),NULL),
('FR614281571412VPU8P4TMHZR26',143,'Andalax',1,0,CONVERT(DATE,'20-05-2022',105),NULL),
('SA95663L8AYYQFUGNYDUDYGY',143,'Transcof',3,0,CONVERT(DATE,'10-08-2021',105),NULL),
('FR718643467428HIJYLT8CYGQ82',144,'Toughjoyfax',1,0,CONVERT(DATE,'30-01-2022',105),NULL),
('LI7115490UEKKHC5HEOMC',144,'Keylex',3,0,CONVERT(DATE,'07-04-2022',105),NULL),
('PK52YQMIKKNXKJTPECSBKECZ',145,'Konklux',2,0,CONVERT(DATE,'08-12-2021',105),NULL),
('RO24FUJYCNJEVRWWMVTOBVYT',146,'Regrant',1,0,CONVERT(DATE,'31-01-2022',105),NULL),
('HU58313167784880213722880914',147,'Redhold',1,0,CONVERT(DATE,'11-01-2022',105),NULL),
('FR823591936920GRRQXKU19RZ41',148,'Konklab',1,0,CONVERT(DATE,'04-10-2021',105),NULL),
('GR468571309BMGLC5BMOONSZWQT',148,'Zamit',1,0,CONVERT(DATE,'27-05-2021',105),NULL),
('NO7274412447600',148,'Bitwolf',3,0,CONVERT(DATE,'03-11-2021',105),NULL),
('LV70QKFNXIINGQFGQWTS8',149,'Temp',1,0,CONVERT(DATE,'12-07-2021',105),NULL),
('AT656820572156158682',150,'Regrant',1,0,CONVERT(DATE,'24-05-2021',105),NULL),
('DO09YBQL07479057498667250098',151,'Sub-Ex',1,0,CONVERT(DATE,'25-05-2021',105),NULL),
('MD352HZKLXD7BFBSGKEAUTNZ',151,'Cookley',1,0,CONVERT(DATE,'04-02-2022',105),NULL),
('MK2390315VYRI0CKX34',152,'Sub-Ex',2,0,CONVERT(DATE,'31-05-2021',105),CONVERT(DATE,'28-11-2022',105)),
('LI9371923OXAYHIGPTSWF',152,'Zoolab',1,0,CONVERT(DATE,'13-08-2021',105),NULL),
('FR919332503670XLIEN3EAJAP79',153,'Home Ing',1,0,CONVERT(DATE,'26-03-2022',105),CONVERT(DATE,'25-06-2022',105)),
('CH9064317NC6X7QUDMO5B',153,'Zontrax',1,0,CONVERT(DATE,'15-07-2021',105),CONVERT(DATE,'27-09-2021',105)),
('AZ66GLLCMWGFFSKTDRD2WLKPHLEU',154,'Opela',1,0,CONVERT(DATE,'04-07-2021',105),NULL),
('PT49707589011545865450544',155,'Trippledex',1,0,CONVERT(DATE,'20-05-2021',105),NULL),
('DK2320762204856596',156,'Cookley',1,0,CONVERT(DATE,'19-12-2021',105),CONVERT(DATE,'25-04-2022',105)),
('CY95098509140KUMVLON9VLJIQD8',157,'Home Ing',1,0,CONVERT(DATE,'15-07-2021',105),NULL),
('IS720835397310571562917668',157,'Fintone',1,0,CONVERT(DATE,'26-05-2021',105),CONVERT(DATE,'13-02-2022',105)),
('KZ5999506HVXYZY3JUJI',158,'Bigtax',1,0,CONVERT(DATE,'06-05-2021',105),NULL),
('DE88503433710437310817',159,'Biodex',1,0,CONVERT(DATE,'28-04-2021',105),NULL),
('AT678813955725840852',159,'Prodder',3,0,CONVERT(DATE,'24-10-2021',105),NULL),
('MU31ZXVS5616427840984886555RWZ',160,'Voyatouch',3,0,CONVERT(DATE,'11-02-2021',105),NULL),
('AZ64HEGTJCSUZBLP4MODQD5TXA2Y',161,'Cookley',3,0,CONVERT(DATE,'25-07-2021',105),NULL),
('SA82871FSUT7YMRSB9HYZFRQ',162,'Solarbreeze',1,0,CONVERT(DATE,'28-03-2022',105),NULL),
('BH58MVVMELSVPCFDSZUQT8',163,'Zathin',3,0,CONVERT(DATE,'19-02-2021',105),NULL),
('FR3141806374742YTJQIW8M8V61',163,'Zathin',3,0,CONVERT(DATE,'10-04-2021',105),NULL),
('HU15831059445261419254720391',163,'Daltfresh',1,0,CONVERT(DATE,'27-10-2021',105),NULL),
('FR236631003080GIYTWDCWVFH78',164,'Prodder',1,0,CONVERT(DATE,'25-02-2021',105),NULL),
('BE55191200578333',164,'Greenlam',1,0,CONVERT(DATE,'27-05-2021',105),CONVERT(DATE,'02-05-2022',105)),
('SA3362YUBLXWH0QPSXXHHUFK',165,'Mat Lam Tam',3,0,CONVERT(DATE,'15-11-2021',105),NULL),
('ES4028147503081363996112',166,'Tres-Zap',3,0,CONVERT(DATE,'05-10-2021',105),NULL),
('KZ64703VA9TXWV1O4CUM',167,'Redhold',3,0,CONVERT(DATE,'03-03-2021',105),NULL),
('LV98EVGAVWCBKYEZOLKU9',167,'Voltsillam',1,0,CONVERT(DATE,'20-03-2021',105),NULL),
('LV55XFBII6FKFXSK3PXAU',168,'Tampflex',3,0,CONVERT(DATE,'10-03-2022',105),NULL),
('FR390919493726CUBB0X2AUQD94',168,'Ronstring',1,0,CONVERT(DATE,'01-06-2021',105),NULL),
('ME65998433026079128554',169,'Biodex',3,0,CONVERT(DATE,'31-03-2022',105),NULL),
('FR938173448585BAIZQZ14X8G91',170,'Gembucket',4,0,CONVERT(DATE,'19-11-2021',105),NULL),
('BH97ABMEE8WLEVCLROPPPE',171,'Span',1,0,CONVERT(DATE,'28-03-2021',105),NULL),
('SI14376102936075049',172,'Sonair',3,0,CONVERT(DATE,'27-07-2021',105),NULL),
('CZ7345444139802983588544',172,'Zontrax',3,0,CONVERT(DATE,'10-04-2022',105),NULL),
('HU90888651622857489620287790',173,'It',3,0,CONVERT(DATE,'28-03-2022',105),NULL),
('CR3363379287437459602',174,'Prodder',1,0,CONVERT(DATE,'30-06-2021',105),NULL),
('SA7921PAVZLGBPQUVNDYCZNY',174,'Toughjoyfax',1,0,CONVERT(DATE,'21-04-2022',105),NULL),
('FR9031821508967Z4A0EKZ0F802',175,'Prodder',3,0,CONVERT(DATE,'14-02-2022',105),CONVERT(DATE,'22-02-2022',105)),
('ME17166678628475535698',176,'Span',1,0,CONVERT(DATE,'05-09-2021',105),NULL),
('AZ82SJGCNRR6QR1HB8PBWOX5UT7D',176,'Hatity',1,0,CONVERT(DATE,'15-02-2022',105),NULL),
('FR263097337494WTJNN9YCWBB79',177,'Quo Lux',3,0,CONVERT(DATE,'23-05-2021',105),CONVERT(DATE,'17-02-2022',105)),
('FR554239335295BIZEUWV3CFF55',177,'Andalax',1,0,CONVERT(DATE,'13-12-2021',105),NULL),
('ME47023169616824130549',178,'Aerified',1,0,CONVERT(DATE,'20-10-2021',105),NULL),
('FR984154852590FLGU1CSXJNA08',178,'Redhold',1,0,CONVERT(DATE,'10-11-2021',105),NULL),
('MK607269Y52K7L4HG42',179,'Bitwolf',1,0,CONVERT(DATE,'07-05-2022',105),NULL),
('DK1296358774419108',179,'Voyatouch',1,0,CONVERT(DATE,'01-01-2021',105),NULL),
('MT96UJMO84351ISUKDQAC1BVUSET7YZ',179,'Stim',3,0,CONVERT(DATE,'14-02-2021',105),NULL),
('FR067220098632VIHYMPBGS8E97',180,'It',1,0,CONVERT(DATE,'23-06-2021',105),CONVERT(DATE,'16-09-2022',105)),
('DK2114195689978254',180,'Sub-Ex',4,0,CONVERT(DATE,'22-04-2022',105),NULL),
('DE14729572230611752366',180,'Home Ing',1,0,CONVERT(DATE,'09-12-2021',105),NULL),
('LI2942803QDOD3E000JXV',181,'Tempsoft',1,0,CONVERT(DATE,'03-11-2021',105),CONVERT(DATE,'28-02-2022',105)),
('FR746574562519JBFAYYCZ5KX70',181,'Pannier',3,0,CONVERT(DATE,'05-08-2021',105),NULL),
('FR553701618541DD6XFVKOG0J19',182,'Bytecard',1,0,CONVERT(DATE,'24-08-2021',105),NULL),
('LB941675UDL4DF8O5J2L71XJLEFK',183,'Prodder',3,0,CONVERT(DATE,'20-05-2022',105),NULL),
('GI75AYZZSTSK4O602XYWK5Y',184,'Bytecard',1,0,CONVERT(DATE,'13-05-2022',105),NULL),
('BG40TPDR774015VYLUI0BM',184,'Trippledex',4,0,CONVERT(DATE,'11-08-2021',105),CONVERT(DATE,'04-12-2021',105)),
('GR610161458JIHV88MPLUUKPWJ5',185,'Zathin',4,0,CONVERT(DATE,'13-12-2021',105),NULL),
('SK8004144805657907594151',185,'Bitchip',1,0,CONVERT(DATE,'06-05-2022',105),NULL),
('NL16YIIT3067429023',186,'Y-Solowarm',1,0,CONVERT(DATE,'19-05-2021',105),NULL),
('FR303288991256XXMQKCMLZAD26',187,'Job',3,0,CONVERT(DATE,'15-03-2022',105),CONVERT(DATE,'05-10-2022',105)),
('HR2684646346109894181',188,'Sonair',3,0,CONVERT(DATE,'16-05-2021',105),NULL),
('ME29934419048456282390',189,'Veribet',3,0,CONVERT(DATE,'11-02-2022',105),NULL),
('ES6345491053851602647405',189,'Sonsing',4,0,CONVERT(DATE,'12-08-2021',105),CONVERT(DATE,'22-03-2022',105)),
('FO0906938323937245',189,'Alphazap',3,0,CONVERT(DATE,'16-11-2021',105),NULL),
('ES1439225274313147027314',190,'Sonsing',3,0,CONVERT(DATE,'30-10-2021',105),NULL),
('AT671585863609047907',190,'Alphazap',1,0,CONVERT(DATE,'14-03-2022',105),NULL),
('SA5545H45I8QO6OZPKC1AJ1H',190,'Tin',1,0,CONVERT(DATE,'23-03-2021',105),NULL),
('BG60XTTX845800OI22AMHG',191,'Bigtax',1,0,CONVERT(DATE,'03-12-2021',105),CONVERT(DATE,'03-03-2022',105)),
('PS73OBEGHFSEYBLYFMH8L3QPGVQC9',192,'Regrant',1,0,CONVERT(DATE,'02-09-2021',105),NULL),
('MK238558E9MGV3EF749',192,'Zontrax',1,0,CONVERT(DATE,'11-02-2021',105),NULL),
('IT56S7325864523V7YMRWOSUY1J',192,'Trippledex',1,0,CONVERT(DATE,'27-04-2021',105),NULL),
('KW34WPWJBK15F3I0MTKUOEIJI89LLT',193,'Keylex',1,0,CONVERT(DATE,'28-04-2021',105),NULL),
('SK4311453993730578618418',193,'Bamity',1,0,CONVERT(DATE,'22-05-2022',105),NULL),
('CY5122402135SHM0H4LXR6ZNAKUI',194,'Y-find',2,0,CONVERT(DATE,'12-02-2021',105),NULL),
('GE05PJ4309768640882233',194,'It',1,0,CONVERT(DATE,'12-03-2022',105),NULL),
('PS81ZQCHDLD7M5SDZUWZNKSYSTCMO',195,'Alpha',3,0,CONVERT(DATE,'18-06-2021',105),NULL),
('AD0357942949XKSMVLBOOIBA',195,'Alpha',1,0,CONVERT(DATE,'23-08-2021',105),NULL),
('SE4479248889724865310316',196,'Span',3,0,CONVERT(DATE,'04-03-2022',105),NULL),
('SA6793YOGHIU7ALTAZLFWAKU',197,'Aerified',3,0,CONVERT(DATE,'18-01-2021',105),NULL),
('AD6546708196DCNFM1FYRYWR',197,'Konklab',1,0,CONVERT(DATE,'12-05-2021',105),NULL),
('PK96UAFUYAA6NVVXOQDYXM6R',198,'Holdlamis',3,0,CONVERT(DATE,'15-11-2021',105),NULL),
('AT406845176291948939',199,'Bitchip',2,0,CONVERT(DATE,'05-03-2021',105),CONVERT(DATE,'05-08-2022',105)),
('BH72VEUO4WGT154P1GOGKD',199,'Matsoft',1,0,CONVERT(DATE,'09-12-2021',105),NULL),
('BE78314242337572',200,'Hatity',1,0,CONVERT(DATE,'23-06-2021',105),NULL),
('SE2575710596688421800564',200,'Asoka',3,0,CONVERT(DATE,'26-07-2021',105),NULL),
('RS34859514741464869106',200,'Lotlux',1,0,CONVERT(DATE,'20-03-2021',105),NULL),
('MT81YCZR60394SJQRWKMUNVEAIDXKPA',201,'Tampflex',3,0,CONVERT(DATE,'12-02-2021',105),CONVERT(DATE,'02-07-2021',105)),
('FR1543277896585ZIK0CSQLQV29',202,'Stim',1,0,CONVERT(DATE,'23-03-2022',105),NULL),
('FR521761738278VD4WOODAQLA67',203,'Stronghold',3,0,CONVERT(DATE,'08-12-2021',105),NULL),
('AZ73BFASXO7TAC1SDXQLYB2RTNGJ',204,'Keylex',3,0,CONVERT(DATE,'16-11-2021',105),NULL),
('SI27477425351749407',204,'Biodex',2,0,CONVERT(DATE,'04-03-2021',105),NULL),
('FR162511973191FEJLUSCLSYA55',205,'Fintone',1,0,CONVERT(DATE,'13-12-2021',105),CONVERT(DATE,'12-09-2022',105)),
('AT312563855247280428',205,'Tres-Zap',3,0,CONVERT(DATE,'22-03-2021',105),NULL),
('FR0871364849612TYD80JXEME62',205,'Prodder',1,0,CONVERT(DATE,'14-05-2021',105),NULL),
('FR936121328389LQQGOASLWT796',206,'Temp',1,0,CONVERT(DATE,'08-04-2022',105),NULL),
('NL57TYWJ4684226641',207,'Mat Lam Tam',3,0,CONVERT(DATE,'27-10-2021',105),CONVERT(DATE,'07-08-2022',105)),
('NO1086289381692',208,'Biodex',4,0,CONVERT(DATE,'22-10-2021',105),NULL),
('IL489787960417879635203',209,'Fixflex',1,0,CONVERT(DATE,'11-05-2021',105),CONVERT(DATE,'12-02-2022',105)),
('AD9785172221O1G3LAZ3EHAY',210,'Job',1,0,CONVERT(DATE,'26-03-2022',105),NULL),
('EE853716562864970222',211,'Bigtax',2,0,CONVERT(DATE,'28-07-2021',105),NULL),
('FR957095196666WZCFKX7UIOC49',211,'Greenlam',4,0,CONVERT(DATE,'21-02-2021',105),NULL),
('MT69HUPA88465GU9WRY2OMXLZEBAK28',212,'Tampflex',3,0,CONVERT(DATE,'17-03-2021',105),NULL),
('FR1177144071868EIO0XBPAQH30',212,'Home Ing',3,0,CONVERT(DATE,'23-11-2021',105),NULL),
('DE02655198100986171775',213,'Transcof',1,0,CONVERT(DATE,'05-05-2022',105),NULL),
('SA3042VLBFLEND4YGUQOFAGX',214,'Ventosanzap',1,0,CONVERT(DATE,'02-10-2021',105),NULL),
('LT515349342197999350',214,'Daltfresh',3,0,CONVERT(DATE,'13-12-2021',105),NULL),
('GB76IQCB97160799774998',215,'Y-find',1,0,CONVERT(DATE,'21-08-2021',105),CONVERT(DATE,'27-11-2022',105)),
('PS02JZSFMNUORGS30HF7NQVLWYEHP',216,'Keylex',1,0,CONVERT(DATE,'05-05-2021',105),CONVERT(DATE,'10-06-2022',105)),
('PK16JVLT9WUDT2GTNRJXDCWX',217,'Job',3,0,CONVERT(DATE,'09-07-2021',105),NULL),
('BR6719619074764247260759846PC',217,'Konklux',4,0,CONVERT(DATE,'05-06-2021',105),NULL),
('IE64VVRQ32687269365888',217,'Overhold',1,0,CONVERT(DATE,'26-03-2021',105),NULL),
('PT96360701922156082244556',218,'Aerified',3,0,CONVERT(DATE,'12-05-2021',105),CONVERT(DATE,'09-02-2022',105)),
('SA8805TF9YHK68JRJYE64GMK',219,'Job',1,0,CONVERT(DATE,'23-04-2022',105),NULL),
('BR0310713915481509546647092WZ',219,'Sonair',2,0,CONVERT(DATE,'03-12-2021',105),NULL),
('IL563665854804309369837',220,'Overhold',3,0,CONVERT(DATE,'02-03-2021',105),NULL),
('PT54876113908975191283835',221,'Zathin',1,0,CONVERT(DATE,'03-05-2021',105),NULL),
('MK34727GCD89ZBFDW30',222,'Trippledex',1,0,CONVERT(DATE,'21-03-2022',105),NULL),
('FR052117707973ENFZR7TSHFB68',223,'Voltsillam',1,0,CONVERT(DATE,'14-09-2021',105),NULL),
('FR266343225064PCVUZ6NADSB73',224,'Greenlam',4,0,CONVERT(DATE,'12-10-2021',105),NULL),
('TN2192558651311039733353',225,'Solarbreeze',3,0,CONVERT(DATE,'29-01-2022',105),NULL),
('CZ4646558313350058759499',226,'Gembucket',1,0,CONVERT(DATE,'22-12-2021',105),NULL),
('BA975439577438062611',227,'Pannier',1,0,CONVERT(DATE,'03-12-2021',105),NULL),
('FR972388823743M5JPHUZ8VN953',227,'Lotlux',1,0,CONVERT(DATE,'06-10-2021',105),NULL),
('VG31PSVD3306916511040551',228,'Greenlam',3,0,CONVERT(DATE,'30-09-2021',105),NULL),
('CY32592408595KQLQUM1CG60C779',229,'Fintone',3,0,CONVERT(DATE,'15-04-2021',105),NULL),
('AL0632649694SYHHMSPXSYAET4R2',230,'Stim',1,0,CONVERT(DATE,'19-01-2022',105),NULL),
('LU40354T9JDUQ2D13TJD',231,'Tres-Zap',1,0,CONVERT(DATE,'16-04-2021',105),NULL),
('IE72QVSZ87136645799851',232,'Solarbreeze',3,0,CONVERT(DATE,'10-09-2021',105),NULL),
('FR380744423606NAPDXC8TKRV13',233,'Bamity',3,0,CONVERT(DATE,'16-04-2021',105),NULL),
('MU31UEWC1168158191908027236MKS',233,'Voltsillam',3,0,CONVERT(DATE,'24-04-2021',105),CONVERT(DATE,'02-05-2022',105)),
('CH6569821IBPATSHZIOIH',234,'Stronghold',1,0,CONVERT(DATE,'16-03-2022',105),NULL),
('FR273037025062NQTUZGL8HIC68',235,'Y-Solowarm',3,0,CONVERT(DATE,'02-10-2021',105),NULL),
('AD9218574272NDERR6HYZMER',235,'Gembucket',1,0,CONVERT(DATE,'16-05-2021',105),NULL),
('DE40064213356819991051',236,'Pannier',1,0,CONVERT(DATE,'12-05-2021',105),NULL),
('FR637609456526U9RDEVHO5CB69',237,'Vagram',1,0,CONVERT(DATE,'02-05-2021',105),NULL),
('AE595235723883635853522',238,'Subin',1,0,CONVERT(DATE,'07-02-2022',105),NULL),
('RS23635468475653514503',238,'Transcof',3,0,CONVERT(DATE,'12-11-2021',105),NULL),
('BH68VDGEO3AQYIO5773CF6',239,'Tresom',1,0,CONVERT(DATE,'12-02-2021',105),NULL),
('GR398289153L5EKN5JL8GVUGQ9D',240,'Veribet',1,0,CONVERT(DATE,'06-02-2022',105),NULL),
('FR912313790044NAWFTQTOP3742',241,'Bamity',1,0,CONVERT(DATE,'27-05-2021',105),NULL),
('DE77222806807739559532',242,'Alpha',1,0,CONVERT(DATE,'20-01-2022',105),NULL),
('FR569310056713SC8KZOLNQYJ12',242,'Pannier',3,0,CONVERT(DATE,'03-10-2021',105),NULL),
('FR8950951953808OSTKJGGULZ02',243,'Bytecard',1,0,CONVERT(DATE,'18-11-2021',105),NULL),
('FR269578997927ZXUFJFD0UIZ87',243,'Stronghold',1,0,CONVERT(DATE,'04-09-2021',105),NULL),
('SM67I59744507953ATHJ7DUIE9D',244,'Bamity',1,0,CONVERT(DATE,'03-07-2021',105),CONVERT(DATE,'27-11-2021',105)),
('LV85LQVR5CYMZNTJEAENO',245,'Domainer',1,0,CONVERT(DATE,'09-03-2022',105),NULL),
('FR9236728895752YBZZQ60JCF08',245,'Flowdesk',4,0,CONVERT(DATE,'06-05-2022',105),NULL),
('VG35WZDA4882933705963825',246,'Otcom',3,0,CONVERT(DATE,'16-01-2021',105),NULL),
('FI5111950414945047',246,'Tempsoft',3,0,CONVERT(DATE,'14-05-2022',105),NULL),
('FR156859604172LTRQ0ETNXXL69',247,'Fintone',3,0,CONVERT(DATE,'07-02-2022',105),CONVERT(DATE,'29-11-2022',105)),
('FR980951897243NIURNICRP1L79',247,'Home Ing',1,0,CONVERT(DATE,'26-07-2021',105),NULL),
('CZ5240340767680109789049',247,'Temp',1,0,CONVERT(DATE,'20-08-2021',105),CONVERT(DATE,'18-08-2022',105)),
('RS27535419511289380411',248,'Transcof',3,0,CONVERT(DATE,'17-05-2022',105),NULL),
('KZ22464M1ORDJRMKIJGA',249,'Kanlam',3,0,CONVERT(DATE,'22-12-2021',105),NULL),
('PK91LXHIO89K2LVOSOZPAQWO',249,'Tampflex',1,0,CONVERT(DATE,'26-03-2022',105),NULL),
('MR2233184551320834197541398',249,'Subin',3,0,CONVERT(DATE,'08-07-2021',105),NULL),
('SI90561448213410524',250,'Alphazap',3,0,CONVERT(DATE,'22-02-2021',105),CONVERT(DATE,'24-08-2021',105))

INSERT INTO [Preferences] VALUES
(1,'AD9413090105NCMC3VM1EDKD',0),
(2,'CY9215826814N5WF0EAUVLRJNYEP',0),
(3,'IS467634787117169699889043',1),
(4,'PT07106690676316508649610',1),
(5,'FR45266161274652TMVIVPQ5L01',1),
(6,'LT696654847411372478',1),
(7,'SI97275105530910376',1),
(8,'ES3876567973341776820457',1),
(9,'SM79Q3694121719TOU8ASQA0WSB',1),
(10,'AE953455736311284747558',1),
(11,'FR219161520100MAECISS28QI76',1),
(12,'BH80CEBOTKLJM2BUKX42VF',0),
(13,'FR815550418281TQ84CJY8Q0X83',1),
(14,'SM83P90892886318JNTNUYDHWF0',1),
(15,'LV27TOASEFYALHPH5RNMJ',1),
(16,'AL8021214616W9VCCKPNSEDHIGBK',1),
(17,'IL757842282767511621870',1),
(18,'FR023968166162QFMI9LTRFYP13',1),
(19,'ME70575675621862483580',0),
(20,'HU78408361769375686963905817',1),
(21,'SI14540525320707650',1),
(22,'IS928892874631938551679674',1),
(23,'AE208442104089089423018',1),
(24,'FR794576365824OBDHH9XQU3Z48',1),
(25,'MD02BZL3BAJBVBOSVTVUCZLH',1),
(26,'MK76101XO6RF8MT6N44',1),
(27,'PL48063123299606189735634665',1),
(28,'LI94577706TCILDNRABOC',1),
(29,'ES7295078258162113141744',1),
(30,'BG13JEIC509423NAXUKOLW',1),
(31,'NO8650701288944',0),
(32,'ME06010270545643065544',1),
(33,'NO2855437598422',1),
(34,'LI2033561S5WMFJ5ZBQZX',1),
(35,'FR6770020963208J1UCIEIWYZ93',1),
(36,'RO38TDIXDHGRSSBIIEBSAHNZ',1),
(37,'KW60GHNXNSHUOVNJSBVP2SQ00JCM0P',1),
(38,'HR2750206937399363641',1),
(39,'LI6447144YSY4Z7BZZZRK',1),
(40,'FR9782327987451AYUC37U0EF51',0),
(41,'SI74825760997584571',1),
(42,'MC574513984017FXNQQKOYBLQ33',1),
(43,'CH584827884PGVRUBCRFO',1),
(44,'FR415369337789HNEDLEYCLTX34',0),
(45,'PT32784241761371374262171',1),
(46,'FR555370117262M8MHCS4TW0778',1),
(47,'TN5478612701002964205356',1),
(48,'KW82KSFYM4YY93ESZGLAMCNATMMBIG',1),
(49,'PL89877171017396818184443026',0),
(50,'FR695430719047MSWFWEIHCAO18',1),
(51,'SM04O2872816220NX2CRTU1F91Z',1),
(52,'FR2505908882660FTQILUB4R861',1),
(53,'CY8714298070SW8FV1GLHBWSTKYO',0),
(54,'FR433271943275Q7IKGEEUQOE62',0),
(55,'KZ57817DZXUEGJAWDPRF',1),
(56,'PT76725017952203419820774',1),
(57,'MK88922HU8SSC0WM810',1),
(58,'CH1618474PWEBI8QAGREI',1),
(59,'SE0410756440958840317925',0),
(60,'FR1549583566069TR1N2XWOYX34',1),
(61,'FR3481428835649QEVERDZJYP38',0),
(62,'LI9457531A6YJLWIJKNSQ',1),
(63,'GI83NEWZEVPW4UU7XMWZ0HZ',0),
(64,'IE51AAOQ21828404077999',1),
(65,'BE14175804407331',0),
(66,'TR0759790QLUOZUYZBIF6LUMC0',1),
(67,'LB112232GXFEIRUSUKN8WRUCRGQM',1),
(68,'LB64197862DLT0DLQ7H8HKJHW7CI',1),
(69,'EE386688945979336861',1),
(70,'GT83QMU2BFPVMOYQBSZ9SLMMIWW3',1),
(71,'FR5041164036327DMV1CRBHOK58',1),
(72,'GR665961948ADBSX9QJRLACNGCS',1),
(73,'BA930876333848218316',0),
(74,'FR5013365821287GQMMDD6OLU83',1),
(75,'IT95C5136669136DOMHUVNPWXL1',1),
(76,'AT226036253155779986',1),
(77,'DO65YOCL31275685388452922839',1),
(78,'KW59IMZAU6XRJDDOMKHUQXXXQNGYBX',1),
(79,'PL02388355872187260826304548',1),
(80,'LI9802427CPUSD02PMERA',1),
(81,'MR2368945812321419374551561',1),
(82,'GL5292163970877711',1),
(83,'BG10EWTB1413962P6E6CZJ',1),
(84,'LI9151289N8ADOGNRY7JJ',1),
(85,'FR044345369650K70UZEP1PLB38',0),
(86,'AZ32WDFXIMHARYKZEWVKS5QG5GQ7',1),
(87,'IT92R5558006844U0FADCFZP08W',1),
(88,'TR0242141JKJFDPUYFQ4BG1CHR',1),
(89,'PS04VYBCQPFJWHXPFFNWDRHMH7Z9E',1),
(90,'BR1205660151330024495652954UY',1),
(91,'FR8531903426929BVM9A1DXCW93',1),
(92,'GB48ENOZ97260071015756',1),
(93,'LT686535476410631841',1),
(94,'FR241647887802ACKVGEEEQZM87',0),
(95,'DO692LOA24615275459286419733',1),
(96,'TN9828137049969786960962',1),
(97,'SK9128096539431151563108',1),
(98,'AL33908744009C521XY5QXTPUATG',1),
(99,'ME30014423925934878853',1),
(100,'CZ7501037659587135778487',1),
(101,'IL786557961952878739199',1),
(102,'CH6793171T2FIYUY16UEY',1),
(103,'HR2046564264198251845',1),
(104,'FR618914331395Y2P7V6AEBDG70',1),
(105,'CH40257354COC2G42ATEJ',1),
(106,'LB3423188JABVMUC6GSTMJQWP8DR',0),
(107,'IL930759747392977098228',1),
(108,'SM21J8226711495E7QWVSFSIA8R',1),
(109,'CR5054394223774342612',1),
(110,'IE51HMAU92310220433666',1),
(111,'LB020531YBRENLULG71HLYYHAJFW',1),
(112,'BH89XBHG5UNJQVF7DMBYNQ',1),
(113,'FR852149528972WKYPXKZBV9783',1),
(114,'MD127KRR5IDXVHDKKSBDCYLZ',0),
(115,'IL240866025059159431398',1),
(116,'CY9873342199LFMKFAYXM2EDQHLW',0),
(117,'IL954780099934615738624',1),
(118,'PT79958979704247087374884',1),
(119,'HU68784313704422979806045343',1),
(120,'LT020042583090022848',1),
(121,'IT13H2361404392D7MFDQT0IDVL',1),
(122,'DE24606440803858670949',1),
(123,'SM15Z7626700133IYW0DGUTCR6Q',1),
(124,'CR4377281577857817397',1),
(125,'MK41477DOYFWAI1W659',0),
(126,'MT29TBTL85012OVGSQ22YFNLREHDKPT',1),
(127,'SI24995381014793617',1),
(128,'DK5795947186416720',0),
(129,'LT072751014736594693',1),
(130,'MR3684476395740706147116764',0),
(131,'FR5894022872945ACYX887VOH23',1),
(132,'PT13236191257141033561499',1),
(133,'GB40XYTB95618940277915',1),
(134,'FR828083090168ET6ILTDQURN59',0),
(135,'FO5917849755420235',0),
(136,'RO30KCWCK6YFATZUPK1JDJSU',1),
(137,'RO13UPSSRHMVA84JH0TPPTVX',1),
(138,'TR7857618UXWCWBI4V4IUMMBD5',1),
(139,'BH28EQZSLZB0CFICEYOZHW',1),
(140,'IL706407341573205473112',1),
(141,'MD62NVLXRWUOQ1BVDGBQ1HOW',1),
(142,'CH0777012CHPF0RNYLH5D',1),
(143,'SA95663L8AYYQFUGNYDUDYGY',1),
(144,'FR718643467428HIJYLT8CYGQ82',0),
(145,'PK52YQMIKKNXKJTPECSBKECZ',1),
(146,'RO24FUJYCNJEVRWWMVTOBVYT',1),
(147,'HU58313167784880213722880914',1),
(148,'FR823591936920GRRQXKU19RZ41',0),
(149,'LV70QKFNXIINGQFGQWTS8',1),
(150,'AT656820572156158682',1),
(151,'DO09YBQL07479057498667250098',1),
(152,'LI9371923OXAYHIGPTSWF',1),
(153,'CH9064317NC6X7QUDMO5B',1),
(154,'AZ66GLLCMWGFFSKTDRD2WLKPHLEU',1),
(155,'PT49707589011545865450544',0),
(156,'DK2320762204856596',1),
(157,'CY95098509140KUMVLON9VLJIQD8',1),
(158,'KZ5999506HVXYZY3JUJI',1),
(159,'AT678813955725840852',1),
(160,'MU31ZXVS5616427840984886555RWZ',1),
(161,'AZ64HEGTJCSUZBLP4MODQD5TXA2Y',1),
(162,'SA82871FSUT7YMRSB9HYZFRQ',1),
(163,'HU15831059445261419254720391',1),
(164,'FR236631003080GIYTWDCWVFH78',1),
(165,'SA3362YUBLXWH0QPSXXHHUFK',1),
(166,'ES4028147503081363996112',1),
(167,'LV98EVGAVWCBKYEZOLKU9',0),
(168,'LV55XFBII6FKFXSK3PXAU',0),
(169,'ME65998433026079128554',1),
(170,'FR938173448585BAIZQZ14X8G91',1),
(171,'BH97ABMEE8WLEVCLROPPPE',1),
(172,'SI14376102936075049',1),
(173,'HU90888651622857489620287790',1),
(174,'CR3363379287437459602',1),
(175,'FR9031821508967Z4A0EKZ0F802',1),
(176,'AZ82SJGCNRR6QR1HB8PBWOX5UT7D',1),
(177,'FR263097337494WTJNN9YCWBB79',1),
(178,'FR984154852590FLGU1CSXJNA08',1),
(179,'DK1296358774419108',1),
(180,'DE14729572230611752366',1),
(181,'LI2942803QDOD3E000JXV',1),
(182,'FR553701618541DD6XFVKOG0J19',1),
(183,'LB941675UDL4DF8O5J2L71XJLEFK',1),
(184,'GI75AYZZSTSK4O602XYWK5Y',1),
(185,'GR610161458JIHV88MPLUUKPWJ5',1),
(186,'NL16YIIT3067429023',1),
(187,'FR303288991256XXMQKCMLZAD26',1),
(188,'HR2684646346109894181',1),
(189,'FO0906938323937245',1),
(190,'ES1439225274313147027314',1),
(191,'BG60XTTX845800OI22AMHG',0),
(192,'PS73OBEGHFSEYBLYFMH8L3QPGVQC9',1),
(193,'SK4311453993730578618418',1),
(194,'GE05PJ4309768640882233',1),
(195,'PS81ZQCHDLD7M5SDZUWZNKSYSTCMO',0),
(196,'SE4479248889724865310316',0),
(197,'SA6793YOGHIU7ALTAZLFWAKU',1),
(198,'PK96UAFUYAA6NVVXOQDYXM6R',0),
(199,'AT406845176291948939',1),
(200,'SE2575710596688421800564',1),
(201,'MT81YCZR60394SJQRWKMUNVEAIDXKPA',1),
(202,'FR1543277896585ZIK0CSQLQV29',0),
(203,'FR521761738278VD4WOODAQLA67',0),
(204,'SI27477425351749407',1),
(205,'AT312563855247280428',1),
(206,'FR936121328389LQQGOASLWT796',1),
(207,'NL57TYWJ4684226641',1),
(208,'NO1086289381692',1),
(209,'IL489787960417879635203',1),
(210,'AD9785172221O1G3LAZ3EHAY',1),
(211,'FR957095196666WZCFKX7UIOC49',1),
(212,'FR1177144071868EIO0XBPAQH30',1),
(213,'DE02655198100986171775',0),
(214,'SA3042VLBFLEND4YGUQOFAGX',1),
(215,'GB76IQCB97160799774998',1),
(216,'PS02JZSFMNUORGS30HF7NQVLWYEHP',1),
(217,'IE64VVRQ32687269365888',1),
(218,'PT96360701922156082244556',1),
(219,'SA8805TF9YHK68JRJYE64GMK',1),
(220,'IL563665854804309369837',1),
(221,'PT54876113908975191283835',0),
(222,'MK34727GCD89ZBFDW30',1),
(223,'FR052117707973ENFZR7TSHFB68',1),
(224,'FR266343225064PCVUZ6NADSB73',1),
(225,'TN2192558651311039733353',1),
(226,'CZ4646558313350058759499',1),
(227,'BA975439577438062611',1),
(228,'VG31PSVD3306916511040551',1),
(229,'CY32592408595KQLQUM1CG60C779',1),
(230,'AL0632649694SYHHMSPXSYAET4R2',1),
(231,'LU40354T9JDUQ2D13TJD',1),
(232,'IE72QVSZ87136645799851',1),
(233,'MU31UEWC1168158191908027236MKS',1),
(234,'CH6569821IBPATSHZIOIH',1),
(235,'FR273037025062NQTUZGL8HIC68',1),
(236,'DE40064213356819991051',1),
(237,'FR637609456526U9RDEVHO5CB69',1),
(238,'RS23635468475653514503',1),
(239,'BH68VDGEO3AQYIO5773CF6',1),
(240,'GR398289153L5EKN5JL8GVUGQ9D',1),
(241,'FR912313790044NAWFTQTOP3742',1),
(242,'FR569310056713SC8KZOLNQYJ12',1),
(243,'FR8950951953808OSTKJGGULZ02',1),
(244,'SM67I59744507953ATHJ7DUIE9D',1),
(245,'LV85LQVR5CYMZNTJEAENO',1),
(246,'FI5111950414945047',1),
(247,'CZ5240340767680109789049',1),
(248,'RS27535419511289380411',0),
(249,'KZ22464M1ORDJRMKIJGA',1),
(250,'SI90561448213410524',1)

INSERT INTO [Cards] VALUES
('3553394739569566','AD9413090105NCMC3VM1EDKD',0,'4801'),
('5108759701882616','AD9413090105NCMC3VM1EDKD',0,'3395'),
('5610448283291799','AD9413090105NCMC3VM1EDKD',0,'7989'),
('6767194131657216','CY9215826814N5WF0EAUVLRJNYEP',0,'7879'),
('490512906359513746','IS467634787117169699889043',0,'5203'),
('67629884540120505','CY12037553938HANCACNARCJXUQ2',0,'8448'),
('5602214913961221','PT07106690676316508649610',0,'6919'),
('3585389241553134','FR45266161274652TMVIVPQ5L01',0,'0603'),
('3553021434179678','FR45266161274652TMVIVPQ5L01',0,'4605'),
('3539594910319199','LT696654847411372478',0,'1577'),
('060487097042830945','SI97275105530910376',0,'0152'),
('4913496706825070','ES3876567973341776820457',0,'0855'),
('503842127260007436','PT29499781625205195427425',0,'3504'),
('3549364286215787','SM79Q3694121719TOU8ASQA0WSB',0,'9663'),
('3551717138112475','SM79Q3694121719TOU8ASQA0WSB',0,'2723'),
('3560851130210885','AE953455736311284747558',0,'6213'),
('3532729689299365','FR1502944963172WZYK2TOUP756',0,'9346'),
('5144878953176703','FR219161520100MAECISS28QI76',0,'2092'),
('374283710655978','FR219161520100MAECISS28QI76',0,'8808'),
('6304186574414609735','FI2219198455116224',0,'6155'),
('3543227276454094','FI2219198455116224',0,'4291'),
('4936136691960130197','BH80CEBOTKLJM2BUKX42VF',0,'8056'),
('3556692059098273','FR980228933378SS3VLX9UACU28',0,'1172'),
('3534778381727627','FR815550418281TQ84CJY8Q0X83',0,'4732'),
('3574671817835992','SM83P90892886318JNTNUYDHWF0',0,'1827'),
('36991258804572','GL5255650205989485',0,'5430'),
('3567884420394112','KW85AYMHPBVBCVXTBEXRORUCADITVV',0,'0597'),
('3550002078422221','LV27TOASEFYALHPH5RNMJ',0,'4318'),
('201460557761601','LV27TOASEFYALHPH5RNMJ',0,'1741'),
('6759278077429969','AL8021214616W9VCCKPNSEDHIGBK',0,'4562'),
('201694443691883','IL757842282767511621870',0,'4955'),
('0604208558230577674','IL757842282767511621870',0,'2829'),
('3545214934208144','IL757842282767511621870',0,'7445'),
('3574144298800935','IL757842282767511621870',0,'4345'),
('4913940061704347','CR5710841972545014452',0,'4346'),
('3581054556496048','KZ10710KAXRKBV4ETOSD',0,'8410'),
('3557574175422240','KZ10710KAXRKBV4ETOSD',0,'8478'),
('3581209164061929','KZ10710KAXRKBV4ETOSD',0,'6747'),
('3550949620549275','KZ10710KAXRKBV4ETOSD',0,'8494'),
('3539415381991003','FR023968166162QFMI9LTRFYP13',0,'4234'),
('4844992399530799','ME70575675621862483580',0,'8902'),
('3529472894383931','HU78408361769375686963905817',0,'3737'),
('5038740113738278','FR866323816569TBEYXL0UTTS96',0,'4151'),
('5002352740179686','BG38CTRP707888CHJO8ZXK',0,'3206'),
('3549323678371269','BG38CTRP707888CHJO8ZXK',0,'9203'),
('5602239865489699','SI14540525320707650',0,'1830'),
('6331107991319781','PK06PYDX9IKDYX2W6BCBMLX1',0,'2272'),
('6759479480860507','PK06PYDX9IKDYX2W6BCBMLX1',0,'0118'),
('3577792074504605','MC252479540832T14TYUTCAJX17',0,'8340'),
('3560778843290989','IS928892874631938551679674',0,'7497'),
('5602252148308313402','PL43281800397501597971052578',0,'5188'),
('3564290435393557','AE208442104089089423018',0,'2048'),
('342813972450376','AE208442104089089423018',0,'3490'),
('5038050721609766','FR794576365824OBDHH9XQU3Z48',0,'4923'),
('3552214792903331','MD02BZL3BAJBVBOSVTVUCZLH',0,'2299'),
('3552307858932689','DE42771744757544870860',0,'4253'),
('6759791248221529806','MK76101XO6RF8MT6N44',0,'3735'),
('4175002257416617','FR8885856433902PFBER7MY9W00',0,'7502'),
('3567677630072431','FR8885856433902PFBER7MY9W00',0,'2411'),
('30020475989275','PL48063123299606189735634665',0,'6085'),
('6333260678108171','LI94577706TCILDNRABOC',0,'5313'),
('0604621349629116','LI94577706TCILDNRABOC',0,'2480'),
('493651543509687982','ES7295078258162113141744',0,'9284'),
('3568556781170070','MD730CGGIQL7X7HD8J48NWXZ',0,'6599'),
('4026846817407651','BG13JEIC509423NAXUKOLW',0,'5336'),
('4844799801048777','NO8650701288944',0,'5536'),
('342533470423630','ME06010270545643065544',0,'4185'),
('3564155171648292','ME06010270545643065544',0,'0682'),
('63046335544247343','ME06010270545643065544',0,'7669'),
('30023680009277','MK885706QX8UYFKTF20',0,'8617'),
('5108757155064335','NO2855437598422',0,'0419'),
('3577211324914126','NO2855437598422',0,'6150'),
('3555756025293440','NO2855437598422',0,'4077'),
('503820145758726032','LI2033561S5WMFJ5ZBQZX',0,'8578'),
('3571614843598856','FR6770020963208J1UCIEIWYZ93',0,'7270'),
('3556439484402054','FR664530848066PZS7RTSBPDX82',0,'2196'),
('5137661735748273','RO38TDIXDHGRSSBIIEBSAHNZ',0,'0574'),
('5602228333040291816','FR666537258783X8OMC04VFTC42',0,'8496'),
('676120792052315177','FR666537258783X8OMC04VFTC42',0,'6552'),
('5048371680941778','FR666537258783X8OMC04VFTC42',0,'3152'),
('3563572642250030','FR666537258783X8OMC04VFTC42',0,'0313'),
('3576610069377319','KW60GHNXNSHUOVNJSBVP2SQ00JCM0P',0,'9860'),
('3571643759388101','KW60GHNXNSHUOVNJSBVP2SQ00JCM0P',0,'9282'),
('6304809399264781','KW60GHNXNSHUOVNJSBVP2SQ00JCM0P',0,'5352'),
('201683530275072','HR2750206937399363641',0,'1622'),
('201925489518964','HR2750206937399363641',0,'3936'),
('201884412108924','LI6447144YSY4Z7BZZZRK',0,'8855'),
('4175009407469511','LI6447144YSY4Z7BZZZRK',0,'2552'),
('374283451677330','FR9782327987451AYUC37U0EF51',0,'0394'),
('6767540646214366','FR9782327987451AYUC37U0EF51',0,'4043'),
('3580893207036021','LU51482S5LB0GJSVOYPP',0,'8389'),
('6762997204935219529','SI74825760997584571',0,'7461'),
('5167992862040033','MC574513984017FXNQQKOYBLQ33',0,'2930'),
('560223473112182178','BA038977631439091374',0,'6496'),
('633375903429124944','PL11799872834331665811266572',0,'7858'),
('3529533658167297','CH584827884PGVRUBCRFO',0,'1048'),
('201538989464173','SI16655849116473450',0,'5121'),
('3565287306526876','FR415369337789HNEDLEYCLTX34',0,'6924'),
('3531461412798239','FR262813619748PNCVTCELAXG12',0,'9794'),
('3555815356453765','PT32784241761371374262171',0,'6085'),
('6383086381009391','PT32784241761371374262171',0,'6381'),
('201792371533919','ME97661623675960265882',0,'7897'),
('3581540990708865','FR555370117262M8MHCS4TW0778',0,'9157'),
('6331109900208395990','TN5478612701002964205356',0,'6092'),
('3547490595785665','KW82KSFYM4YY93ESZGLAMCNATMMBIG',0,'7166'),
('3559732301846942','PL89877171017396818184443026',0,'4492'),
('3564063436844377','PL89877171017396818184443026',0,'1308'),
('5100146712035293','PL89877171017396818184443026',0,'9269'),
('30549324439546','GR560395974CG6TT9ZR8OFADHFE',0,'8956'),
('5610217921553807','GR560395974CG6TT9ZR8OFADHFE',0,'3530'),
('3573380930667206','FR695430719047MSWFWEIHCAO18',0,'2362'),
('4017953136275818','GL4455269002179975',0,'5678'),
('3541279983379652','SM04O2872816220NX2CRTU1F91Z',0,'4262'),
('3588458889501098','FR2505908882660FTQILUB4R861',0,'4488'),
('201700067098907','CY8714298070SW8FV1GLHBWSTKYO',0,'6367'),
('201935579571104','CY8714298070SW8FV1GLHBWSTKYO',0,'5715'),
('3589510138564696','FR433271943275Q7IKGEEUQOE62',0,'0629'),
('5602244706896720337','KZ57817DZXUEGJAWDPRF',0,'5146'),
('3532938273718587','NL78SXNX5876067470',0,'7675'),
('3540590875582463','PT76725017952203419820774',0,'0959'),
('6384674598254485','SA4941E7VC2BUJG8DVLMIUB9',0,'8666'),
('6331106877678674','MK88922HU8SSC0WM810',0,'7644'),
('5610255888291888','MK88922HU8SSC0WM810',0,'1287'),
('5007668428035360','CH1618474PWEBI8QAGREI',0,'6061'),
('5108750075338087','HU87667080640745192379770387',0,'5519'),
('6767902773326522','SE0410756440958840317925',0,'3376'),
('201489072724521','RO18EUJTUIXL9GMIVTAD47EI',0,'5972'),
('670671603610193954','RO18EUJTUIXL9GMIVTAD47EI',0,'2108'),
('3583578364934657','RO18EUJTUIXL9GMIVTAD47EI',0,'8240'),
('343909198397190','FR1549583566069TR1N2XWOYX34',0,'9039'),
('30058474947456','FR1549583566069TR1N2XWOYX34',0,'8253'),
('6767820027863876966','FR3481428835649QEVERDZJYP38',0,'1286'),
('5641825278050780','FR3481428835649QEVERDZJYP38',0,'0509'),
('201876402720486','DK6058517087729622',0,'6998'),
('6376426678029950','LI9457531A6YJLWIJKNSQ',0,'8090'),
('5602227143912723','NL76JNXX1868440926',0,'0935'),
('3573157562013853','NL76JNXX1868440926',0,'0438'),
('30478020009637','GI83NEWZEVPW4UU7XMWZ0HZ',0,'3705'),
('3585287530211333','MD45BCMPTO0A8JEWCMIMULCR',0,'5949'),
('4903538064476957152','IE51AAOQ21828404077999',0,'1986'),
('5641829108019536','BE14175804407331',0,'5510'),
('6771162572428662052','AL5959600739QLBVKSV5UR8L5MCU',0,'7978'),
('3530438561645065','TR0759790QLUOZUYZBIF6LUMC0',0,'2465'),
('30138132384134','TR0759790QLUOZUYZBIF6LUMC0',0,'3447'),
('3563089009427127','IE42UTTQ67174907923500',0,'6144'),
('3560589707443451','LB112232GXFEIRUSUKN8WRUCRGQM',0,'9380'),
('675986042527240443','LB64197862DLT0DLQ7H8HKJHW7CI',0,'9109'),
('337941412381054','PS08YUQBD0QXSCE7LOYO3WEIIFHOA',0,'1412'),
('5602221562485451','BG96DUOA015893RAOVD5AK',0,'4542'),
('201442223382392','EE386688945979336861',0,'9542'),
('3570797197535920','GT83QMU2BFPVMOYQBSZ9SLMMIWW3',0,'7613'),
('3543194078824561','GT83QMU2BFPVMOYQBSZ9SLMMIWW3',0,'0402'),
('5100135023838404','GT83QMU2BFPVMOYQBSZ9SLMMIWW3',0,'5380'),
('3552367783051690','FR5041164036327DMV1CRBHOK58',0,'1948'),
('4041370464128149','FR836087418377IWU8PVEGDVU13',0,'7034'),
('5018413101912508490','FR836087418377IWU8PVEGDVU13',0,'3318'),
('3536046119918928','FR836087418377IWU8PVEGDVU13',0,'6287'),
('3555556511347084','BH54PCIVYK9ZY4NPXRS8O3',0,'0159'),
('5602244196558536090','GR665961948ADBSX9QJRLACNGCS',0,'0085'),
('337941822931886','BA930876333848218316',0,'4143'),
('6370290067933537','BA930876333848218316',0,'0865'),
('30242870366251','AL0870006466BDDYHJJGOUMQB7A6',0,'7374'),
('3558984929137706','LU70851H7LSUB3GSRLFG',0,'2866'),
('67590346725161592','FR5013365821287GQMMDD6OLU83',0,'3722'),
('3541704430311958','IT95C5136669136DOMHUVNPWXL1',0,'8555'),
('5100172682771758','BH67DBGDTWOO98T1IIB1GE',0,'2091'),
('3561016057060361','BH67DBGDTWOO98T1IIB1GE',0,'3152'),
('374288548540334','AT226036253155779986',0,'8545'),
('3551790106466207','DO65YOCL31275685388452922839',0,'8560'),
('5007664904066359','DO65YOCL31275685388452922839',0,'5908'),
('6392697644882868','DO65YOCL31275685388452922839',0,'4526'),
('3549672342730023','KW59IMZAU6XRJDDOMKHUQXXXQNGYBX',0,'4776'),
('3589641674323286','DO39GE7C12482803957849368595',0,'1931'),
('4405851075872225','PL02388355872187260826304548',0,'4037'),
('3575808837919666','LI9802427CPUSD02PMERA',0,'4609'),
('374288801323436','GR522354528C95EVZDAXCLHWO6W',0,'5794'),
('3540442159744098','GI02OSMLZCVPC3LI6P7EZUF',0,'3774'),
('4936031850983889','GI02OSMLZCVPC3LI6P7EZUF',0,'3315'),
('4508734851113285','MR2368945812321419374551561',0,'1608'),
('372301630023994','MU38SPRZ6561085529865602003KQY',0,'0619'),
('3582258343182402','MU38SPRZ6561085529865602003KQY',0,'8651'),
('3577210518974979','GL5292163970877711',0,'4644'),
('3557124256544072','GL5292163970877711',0,'7944'),
('3556133444573829','BG10EWTB1413962P6E6CZJ',0,'7348'),
('5100171514854535','LI9151289N8ADOGNRY7JJ',0,'1710'),
('4175005092637503','FR044345369650K70UZEP1PLB38',0,'2026'),
('3536857301814422','AE791992291992682614433',0,'1531'),
('3560533611043155','AE791992291992682614433',0,'0609'),
('5602218278991996','AZ32WDFXIMHARYKZEWVKS5QG5GQ7',0,'1921'),
('5602254203535570510','KW22OLNPISJDMT4SNHFR0DSPN5ANKQ',0,'6971'),
('3539066630670524','IT92R5558006844U0FADCFZP08W',0,'0951'),
('6331106450111040559','TR0242141JKJFDPUYFQ4BG1CHR',0,'7614'),
('5406702906298872','TR0242141JKJFDPUYFQ4BG1CHR',0,'4210'),
('3543794715217713','PS04VYBCQPFJWHXPFFNWDRHMH7Z9E',0,'5436'),
('36197795928706','PS04VYBCQPFJWHXPFFNWDRHMH7Z9E',0,'0750'),
('337941748367025','KZ08583RLSRYBXSZMLZ4',0,'8647'),
('3574341136776802','FR654459310157FSFJXHSE1FU24',0,'5450'),
('4936028390064290301','BR1205660151330024495652954UY',0,'3648'),
('3529196226076638','BR1205660151330024495652954UY',0,'4907'),
('3570660567240895','FR8531903426929BVM9A1DXCW93',0,'9346'),
('3572953643603667','FR8531903426929BVM9A1DXCW93',0,'5128'),
('5586602840946812','FR8531903426929BVM9A1DXCW93',0,'1154'),
('5610386012516757','IL864925811367077730271',0,'2204'),
('633110251712443179','LV72XXYBH0G42VAO1QZAS',0,'6978'),
('3555898894129089','GB48ENOZ97260071015756',0,'4967'),
('5048376474635551','GB48ENOZ97260071015756',0,'9082'),
('0604745800328270','LT686535476410631841',0,'6703'),
('5602212368880656','LT686535476410631841',0,'2054'),
('5602247270174442','LT686535476410631841',0,'3261'),
('5038110163419684','LT686535476410631841',0,'1902'),
('4844922553266021','MU79EOTT8963977338902634213BSU',0,'8534'),
('3551441891970884','FR241647887802ACKVGEEEQZM87',0,'1600'),
('3531089295124767','DE87413056918276489411',0,'8984'),
('3539354960643109','DO692LOA24615275459286419733',0,'3390'),
('6304908093085276','TN9828137049969786960962',0,'6433'),
('3573973616285515','SK9128096539431151563108',0,'6414'),
('376208042078316','AL33908744009C521XY5QXTPUATG',0,'7059'),
('3532918720961576','AE236837503028130721519',0,'1405'),
('3561986651645009','AE236837503028130721519',0,'7907'),
('56022521221573505','AE236837503028130721519',0,'8004'),
('6372142424651435','ME30014423925934878853',0,'5854'),
('3566289300276739','CZ7501037659587135778487',0,'1535'),
('3555712824190303','IL786557961952878739199',0,'7154'),
('372301276774066','CH6793171T2FIYUY16UEY',0,'6899'),
('50208359548162556','AL7735553150TGPITLB0SYRDI9PS',0,'7142'),
('3573734051746506','AL7735553150TGPITLB0SYRDI9PS',0,'4593'),
('348550514742902','AL7735553150TGPITLB0SYRDI9PS',0,'2886'),
('3556756284625208','HR2046564264198251845',0,'4901'),
('3528434935236016','LU67780AHKNQAGUVIQCQ',0,'5185'),
('3543693756710794','LU67780AHKNQAGUVIQCQ',0,'0056'),
('337941460841736','DE26201314004591017445',0,'9741'),
('4924094525133','FR618914331395Y2P7V6AEBDG70',0,'0037'),
('3535306234789047','FR880802642577SKWA7FFSOSY93',0,'1431'),
('5602213295387682','CH40257354COC2G42ATEJ',0,'3790'),
('3544735881472078','LB3423188JABVMUC6GSTMJQWP8DR',0,'0724'),
('5100136466129871','IL930759747392977098228',0,'3254'),
('3575551734142020','SM21J8226711495E7QWVSFSIA8R',0,'7558'),
('5290687997575909','SM21J8226711495E7QWVSFSIA8R',0,'4337'),
('503846328185810252','AE669617962979556956338',0,'8608'),
('6380286951644840','CR5054394223774342612',0,'2540'),
('3537072603817029','CZ4978198580333176676814',0,'9081'),
('337941456031631','KZ79698SAMINRDWP0SU3',0,'1066'),
('3539294115597349','IE51HMAU92310220433666',0,'2140'),
('345925527155909','LB020531YBRENLULG71HLYYHAJFW',0,'3494'),
('5489581856353675','BE73412981269660',0,'4524'),
('3528241879383401','BH89XBHG5UNJQVF7DMBYNQ',0,'5634'),
('3565766718930313','FR852149528972WKYPXKZBV9783',0,'0038'),
('201637817749381','FR852149528972WKYPXKZBV9783',0,'0009'),
('5112376173452705','FR852149528972WKYPXKZBV9783',0,'1674'),
('6331100747082383116','MD127KRR5IDXVHDKKSBDCYLZ',0,'2424'),
('3580408888742837','IL240866025059159431398',0,'8308'),
('5100147004086317','IL240866025059159431398',0,'0360'),
('3576049661406996','AD3436784333NJ8STCMDIPRF',0,'3653'),
('3546116859654138','FR355719122719UPWYHQHCWEX12',0,'9462'),
('4508933649001469','FR355719122719UPWYHQHCWEX12',0,'2937'),
('4041591175763656','FR355719122719UPWYHQHCWEX12',0,'8499'),
('5610067228254421','CY9873342199LFMKFAYXM2EDQHLW',0,'8538'),
('3559765878844429','IL954780099934615738624',0,'7502'),
('4041595692673488','PT79958979704247087374884',0,'1442'),
('5010122278903983','SM78N7809963212KRCYTRDYPGBA',0,'4419'),
('5602241383625549','SM78N7809963212KRCYTRDYPGBA',0,'2402'),
('201906897724188','SM78N7809963212KRCYTRDYPGBA',0,'9220'),
('3575587928104996','SM78N7809963212KRCYTRDYPGBA',0,'4578'),
('5610872536450813','HU68784313704422979806045343',0,'7975'),
('4175008933060299','FR545626506435USBYMLJZW4T92',0,'9222'),
('6709747392658693','LT020042583090022848',0,'8840'),
('3571392599113093','IT12D7367339631MYHBUZNQDQFH',0,'1234'),
('3541682108460002','IT13H2361404392D7MFDQT0IDVL',0,'3415'),
('6706517282942280','IT13H2361404392D7MFDQT0IDVL',0,'7596'),
('5602237600029556','IT13H2361404392D7MFDQT0IDVL',0,'4295'),
('3532915747256956','DE24606440803858670949',0,'0157'),
('490535834198647843','CR6208159620834962189',0,'3965'),
('3579848570877271','PL66688800934580256377748627',0,'7792'),
('337941399118552','SM15Z7626700133IYW0DGUTCR6Q',0,'9539'),
('201464450985689','CR4377281577857817397',0,'7723'),
('3559147067805463','CR4377281577857817397',0,'3727'),
('30541970311376','MK41477DOYFWAI1W659',0,'8327'),
('56022197697919900','MT29TBTL85012OVGSQ22YFNLREHDKPT',0,'7402'),
('6393403339013169','BR7237078533304381976578605ED',0,'0158'),
('201897421684594','SI24995381014793617',0,'5223'),
('337941191346898','DK5795947186416720',0,'7752'),
('201871826889165','AT081187867286884882',0,'1878'),
('3568739207341372','AT419337944819836915',0,'6024'),
('3567625567263796','LT072751014736594693',0,'0742'),
('3546505298559595','MR3684476395740706147116764',0,'8026'),
('30393985467417','FR5894022872945ACYX887VOH23',0,'7892'),
('5602259369645018','FR5894022872945ACYX887VOH23',0,'0675'),
('4017953976643471','PT13236191257141033561499',0,'9375'),
('3542161795731263','PK16OVGG5TABA3XNX7GFS7OG',0,'4601'),
('3574851367168305','BG80BGKW2232103ST3GTY6',0,'4331'),
('3532482557940773','GB40XYTB95618940277915',0,'2127'),
('30363130279454','GB40XYTB95618940277915',0,'2929'),
('3543332239210060','GB72MTCS12171466615466',0,'1156'),
('3536871701148885','FR828083090168ET6ILTDQURN59',0,'4397'),
('3535979670682544','FR828083090168ET6ILTDQURN59',0,'6648'),
('30272751883421','GE75WE8521088818461588',0,'5470'),
('50184631578714243','FO5917849755420235',0,'7207'),
('6304947984178421641','FO5917849755420235',0,'9021'),
('5602223816517535','FO5917849755420235',0,'7506'),
('3588711601876176','GR861288206OLQH2DAHVAN1RZMH',0,'4626'),
('3535458708599459','GR861288206OLQH2DAHVAN1RZMH',0,'5357'),
('5108756596938008','RO30KCWCK6YFATZUPK1JDJSU',0,'6537'),
('5602245322302652731','RO13UPSSRHMVA84JH0TPPTVX',0,'5976'),
('201471156238123','RO13UPSSRHMVA84JH0TPPTVX',0,'2105'),
('30593533394787','RO13UPSSRHMVA84JH0TPPTVX',0,'1316'),
('5007662396982240','LI4086518PKMEK1TNNUIG',0,'0936'),
('4913989043105958','NO5707298372619',0,'3951'),
('3574393632639570','NO5707298372619',0,'1305'),
('5602241511548894','NO5707298372619',0,'1559'),
('3532560116478284','TR7857618UXWCWBI4V4IUMMBD5',0,'9911'),
('5602247886487998','BH28EQZSLZB0CFICEYOZHW',0,'1985'),
('5100170422841238','BH28EQZSLZB0CFICEYOZHW',0,'4873'),
('5100170414589449','IS854519170803540031159058',0,'5018'),
('5007663568060773','FR768052907885WGR8C1JBYOU54',0,'1258'),
('4917908874437062','FR768052907885WGR8C1JBYOU54',0,'1999'),
('3528832945382425','IL706407341573205473112',0,'9801'),
('3552407928105017','MD62NVLXRWUOQ1BVDGBQ1HOW',0,'1269'),
('56022552842899359','MD62NVLXRWUOQ1BVDGBQ1HOW',0,'8022'),
('3562871938426796','CH0777012CHPF0RNYLH5D',0,'5906'),
('5410343059293883','FR614281571412VPU8P4TMHZR26',0,'5455'),
('3578666434900506','SA95663L8AYYQFUGNYDUDYGY',0,'4607'),
('630415802112588969','FR718643467428HIJYLT8CYGQ82',0,'9630'),
('3530390298801232','LI7115490UEKKHC5HEOMC',0,'6798'),
('30587739757318','LI7115490UEKKHC5HEOMC',0,'3540'),
('3558152436514375','LI7115490UEKKHC5HEOMC',0,'4220'),
('5007662463671080','LI7115490UEKKHC5HEOMC',0,'6010'),
('3531047221318085','PK52YQMIKKNXKJTPECSBKECZ',0,'8142'),
('630466977812649846','RO24FUJYCNJEVRWWMVTOBVYT',0,'1890'),
('5100130316698391','RO24FUJYCNJEVRWWMVTOBVYT',0,'2582'),
('6706190876729180','RO24FUJYCNJEVRWWMVTOBVYT',0,'4805'),
('3573016604085057','RO24FUJYCNJEVRWWMVTOBVYT',0,'3074'),
('36883221870121','HU58313167784880213722880914',0,'4334'),
('670961789007380152','HU58313167784880213722880914',0,'2332'),
('6385599299408289','HU58313167784880213722880914',0,'1863'),
('3543698021611347','FR823591936920GRRQXKU19RZ41',0,'9866'),
('6381488148018818','GR468571309BMGLC5BMOONSZWQT',0,'1846'),
('3538317776502331','NO7274412447600',0,'5954'),
('3536826050906440','LV70QKFNXIINGQFGQWTS8',0,'3024'),
('6331109721315501','AT656820572156158682',0,'3011'),
('374288887183001','AT656820572156158682',0,'0994'),
('3578353177470910','DO09YBQL07479057498667250098',0,'1625'),
('3534636586048266','MD352HZKLXD7BFBSGKEAUTNZ',0,'0813'),
('3586262122870274','MK2390315VYRI0CKX34',0,'8194'),
('374283878441294','LI9371923OXAYHIGPTSWF',0,'4295'),
('633421013118643727','FR919332503670XLIEN3EAJAP79',0,'6728'),
('6763972705059396','CH9064317NC6X7QUDMO5B',0,'6468'),
('5602251303356596','AZ66GLLCMWGFFSKTDRD2WLKPHLEU',0,'4045'),
('67097230789751506','AZ66GLLCMWGFFSKTDRD2WLKPHLEU',0,'8662'),
('3578105177031666','PT49707589011545865450544',0,'9490'),
('3567950627852317','DK2320762204856596',0,'4433'),
('630400174515878968','DK2320762204856596',0,'9009'),
('5007663874216994','DK2320762204856596',0,'2454'),
('5010124438475639','CY95098509140KUMVLON9VLJIQD8',0,'9291'),
('5010123535243734','IS720835397310571562917668',0,'8149'),
('3566823768463551','KZ5999506HVXYZY3JUJI',0,'9252'),
('3555643814930319','DE88503433710437310817',0,'4168'),
('5269572745814429','AT678813955725840852',0,'4168'),
('3579031528447311','AT678813955725840852',0,'8485'),
('5602220335291444','AT678813955725840852',0,'2041'),
('6374543828470801','MU31ZXVS5616427840984886555RWZ',0,'5489'),
('4891152822522','MU31ZXVS5616427840984886555RWZ',0,'3800'),
('3587009563414289','AZ64HEGTJCSUZBLP4MODQD5TXA2Y',0,'3448'),
('5602221814850775','SA82871FSUT7YMRSB9HYZFRQ',0,'9172'),
('30437030911695','BH58MVVMELSVPCFDSZUQT8',0,'2160'),
('4917363302243338','FR3141806374742YTJQIW8M8V61',0,'0187'),
('633110461488373316','HU15831059445261419254720391',0,'9523'),
('201807471240148','FR236631003080GIYTWDCWVFH78',0,'0461'),
('201466716034327','BE55191200578333',0,'6336'),
('4041592949899248','SA3362YUBLXWH0QPSXXHHUFK',0,'9416'),
('4041591480005009','SA3362YUBLXWH0QPSXXHHUFK',0,'3570'),
('561056291807543623','ES4028147503081363996112',0,'4569'),
('6767340925530751911','KZ64703VA9TXWV1O4CUM',0,'5991'),
('3587954185098582','LV98EVGAVWCBKYEZOLKU9',0,'9537'),
('4017951322870830','LV55XFBII6FKFXSK3PXAU',0,'7537'),
('3574236058941261','FR390919493726CUBB0X2AUQD94',0,'2771'),
('3531499176825913','FR390919493726CUBB0X2AUQD94',0,'7094'),
('3563981450780063','ME65998433026079128554',0,'1515'),
('3539200020844700','FR938173448585BAIZQZ14X8G91',0,'9205'),
('5020740998434993','BH97ABMEE8WLEVCLROPPPE',0,'5565'),
('3528973368519406','SI14376102936075049',0,'9589'),
('675935640797904986','CZ7345444139802983588544',0,'5025'),
('346887149054630','HU90888651622857489620287790',0,'7237'),
('6761073136434134','CR3363379287437459602',0,'7351'),
('201486478168055','SA7921PAVZLGBPQUVNDYCZNY',0,'2151'),
('201780737200703','FR9031821508967Z4A0EKZ0F802',0,'3375'),
('5007668691876706','FR9031821508967Z4A0EKZ0F802',0,'0161'),
('30309602894510','ME17166678628475535698',0,'1704'),
('3574430646269877','AZ82SJGCNRR6QR1HB8PBWOX5UT7D',0,'5115'),
('5146148763553915','AZ82SJGCNRR6QR1HB8PBWOX5UT7D',0,'7219'),
('6763486701335736610','FR263097337494WTJNN9YCWBB79',0,'2438'),
('3577066630990073','FR263097337494WTJNN9YCWBB79',0,'8497'),
('5048372469871707','FR263097337494WTJNN9YCWBB79',0,'7001'),
('3574664327552736','FR554239335295BIZEUWV3CFF55',0,'8660'),
('3546076970759473','FR554239335295BIZEUWV3CFF55',0,'7028'),
('3583004616511474','FR554239335295BIZEUWV3CFF55',0,'2212'),
('5007661759192421','ME47023169616824130549',0,'2921'),
('4970734237886645','FR984154852590FLGU1CSXJNA08',0,'0322'),
('5221151192558784','FR984154852590FLGU1CSXJNA08',0,'5511'),
('3569940716186238','MK607269Y52K7L4HG42',0,'2909'),
('3560594998942898','DK1296358774419108',0,'4967'),
('676222519979772876','MT96UJMO84351ISUKDQAC1BVUSET7YZ',0,'7758'),
('372301690933116','MT96UJMO84351ISUKDQAC1BVUSET7YZ',0,'9472'),
('56022430333252562','FR067220098632VIHYMPBGS8E97',0,'3294'),
('3549108192254905','DK2114195689978254',0,'1381'),
('3546529031304036','DE14729572230611752366',0,'8514'),
('3585479703863566','DE14729572230611752366',0,'6710'),
('3573882586442859','LI2942803QDOD3E000JXV',0,'8152'),
('5509951571829125','FR746574562519JBFAYYCZ5KX70',0,'0343'),
('67622767188193297','FR746574562519JBFAYYCZ5KX70',0,'9376'),
('201898839031204','FR553701618541DD6XFVKOG0J19',0,'7783'),
('5007667859573840','LB941675UDL4DF8O5J2L71XJLEFK',0,'3339'),
('3535505667385492','LB941675UDL4DF8O5J2L71XJLEFK',0,'1125'),
('4917199449935562','LB941675UDL4DF8O5J2L71XJLEFK',0,'3213'),
('3580673753187158','GI75AYZZSTSK4O602XYWK5Y',0,'4098'),
('6391983312754527','BG40TPDR774015VYLUI0BM',0,'0797'),
('3587022624529201','GR610161458JIHV88MPLUUKPWJ5',0,'2202'),
('30108369393462','SK8004144805657907594151',0,'5083'),
('5100175311626657','NL16YIIT3067429023',0,'5161'),
('4026168701358811','FR303288991256XXMQKCMLZAD26',0,'9351'),
('5602231806466985','HR2684646346109894181',0,'2241'),
('30507665619126','ME29934419048456282390',0,'7771'),
('374622254755167','ES6345491053851602647405',0,'5329'),
('6386552051233865','ES6345491053851602647405',0,'8740'),
('4936667853462320','ES6345491053851602647405',0,'4438'),
('3545273067569011','ES6345491053851602647405',0,'5077'),
('3584140514229402','FO0906938323937245',0,'4628'),
('3563045436411696','FO0906938323937245',0,'7210'),
('30338535439838','ES1439225274313147027314',0,'2238'),
('5100142559064207','ES1439225274313147027314',0,'5617'),
('0604041071005273611','AT671585863609047907',0,'3504'),
('4041593122344','SA5545H45I8QO6OZPKC1AJ1H',0,'2796'),
('201972263539170','SA5545H45I8QO6OZPKC1AJ1H',0,'2795'),
('3564856699217243','BG60XTTX845800OI22AMHG',0,'8831'),
('3563876262083138','BG60XTTX845800OI22AMHG',0,'4530'),
('5602258887432917','BG60XTTX845800OI22AMHG',0,'8028'),
('3575024068202711','PS73OBEGHFSEYBLYFMH8L3QPGVQC9',0,'6564'),
('3553078128212686','MK238558E9MGV3EF749',0,'2567'),
('3540449054015490','MK238558E9MGV3EF749',0,'8193'),
('3542513331087511','IT56S7325864523V7YMRWOSUY1J',0,'3448'),
('3533919127479005','IT56S7325864523V7YMRWOSUY1J',0,'3916'),
('3585750022489139','KW34WPWJBK15F3I0MTKUOEIJI89LLT',0,'0206'),
('5602218678696641','SK4311453993730578618418',0,'4405'),
('5479180955914081','SK4311453993730578618418',0,'6833'),
('3529793426069197','CY5122402135SHM0H4LXR6ZNAKUI',0,'8152'),
('3580877745030372','GE05PJ4309768640882233',0,'1730'),
('337941801617381','PS81ZQCHDLD7M5SDZUWZNKSYSTCMO',0,'8080'),
('6767733260832950879','AD0357942949XKSMVLBOOIBA',0,'5712'),
('5534464937243998','SE4479248889724865310316',0,'9617'),
('3585310205153539','SA6793YOGHIU7ALTAZLFWAKU',0,'1172'),
('4903386786073463','SA6793YOGHIU7ALTAZLFWAKU',0,'5771'),
('3576872727760449','AD6546708196DCNFM1FYRYWR',0,'3844'),
('3568688788664829','AD6546708196DCNFM1FYRYWR',0,'2631'),
('3573911343562244','PK96UAFUYAA6NVVXOQDYXM6R',0,'1634'),
('3530393600541413','PK96UAFUYAA6NVVXOQDYXM6R',0,'7128'),
('3558742752333580','AT406845176291948939',0,'8060'),
('4917669978026983','AT406845176291948939',0,'9467'),
('5602243364303971','AT406845176291948939',0,'4393'),
('6706696296765022768','BH72VEUO4WGT154P1GOGKD',0,'1553'),
('3531950922715824','BE78314242337572',0,'8829'),
('67631527148008863','SE2575710596688421800564',0,'1220'),
('3552477545199842','RS34859514741464869106',0,'8301'),
('676361386264687784','MT81YCZR60394SJQRWKMUNVEAIDXKPA',0,'3978'),
('36690731626616','FR1543277896585ZIK0CSQLQV29',0,'0732'),
('374622463716745','FR521761738278VD4WOODAQLA67',0,'1529'),
('201927261126404','AZ73BFASXO7TAC1SDXQLYB2RTNGJ',0,'5745'),
('3569033561741479','AZ73BFASXO7TAC1SDXQLYB2RTNGJ',0,'6698'),
('3575519605762101','AZ73BFASXO7TAC1SDXQLYB2RTNGJ',0,'8116'),
('371585141796251','SI27477425351749407',0,'1862'),
('633400977879960162','FR162511973191FEJLUSCLSYA55',0,'4269'),
('3536108128898077','AT312563855247280428',0,'3945'),
('3567677575743202','FR0871364849612TYD80JXEME62',0,'7640'),
('3541520957231944','FR936121328389LQQGOASLWT796',0,'0287'),
('503800593672470480','FR936121328389LQQGOASLWT796',0,'0825'),
('3576764137500459','NL57TYWJ4684226641',0,'3969'),
('341595365881884','NO1086289381692',0,'4535'),
('3589646107363445','IL489787960417879635203',0,'2690'),
('3563769379492260','IL489787960417879635203',0,'4325'),
('50388690649230690','IL489787960417879635203',0,'5832'),
('5100135658395506','AD9785172221O1G3LAZ3EHAY',0,'3031'),
('6763200761697226','EE853716562864970222',0,'9284'),
('6759219299794517','FR957095196666WZCFKX7UIOC49',0,'4376'),
('4175002363554905','FR957095196666WZCFKX7UIOC49',0,'3382'),
('4913255553549351','FR957095196666WZCFKX7UIOC49',0,'8263'),
('6767827877857082','MT69HUPA88465GU9WRY2OMXLZEBAK28',0,'1660'),
('3547567731135523','FR1177144071868EIO0XBPAQH30',0,'1744'),
('5048376136491690','DE02655198100986171775',0,'3960'),
('30469262367817','SA3042VLBFLEND4YGUQOFAGX',0,'4028'),
('3584628278295957','LT515349342197999350',0,'6587'),
('3571814317357884','GB76IQCB97160799774998',0,'9607'),
('5010120310092344','GB76IQCB97160799774998',0,'4506'),
('30352518363055','PS02JZSFMNUORGS30HF7NQVLWYEHP',0,'0537'),
('67611729706410895','PK16JVLT9WUDT2GTNRJXDCWX',0,'9149'),
('3584103437984610','BR6719619074764247260759846PC',0,'4387'),
('675940856916705939','BR6719619074764247260759846PC',0,'8714'),
('490512837844897032','IE64VVRQ32687269365888',0,'9802'),
('372301279494662','PT96360701922156082244556',0,'6257'),
('3537050793302119','SA8805TF9YHK68JRJYE64GMK',0,'1495'),
('6333981359979097518','BR0310713915481509546647092WZ',0,'7062'),
('3572388363262750','IL563665854804309369837',0,'9785'),
('5048378993480048','PT54876113908975191283835',0,'0963'),
('3579377355297703','PT54876113908975191283835',0,'7500'),
('342438540494852','PT54876113908975191283835',0,'8531'),
('6762881516605159','MK34727GCD89ZBFDW30',0,'7416'),
('6304461132262878','FR052117707973ENFZR7TSHFB68',0,'0107'),
('3582539562603800','FR266343225064PCVUZ6NADSB73',0,'3751'),
('3579837842122855','FR266343225064PCVUZ6NADSB73',0,'2418'),
('5220119512545337','FR266343225064PCVUZ6NADSB73',0,'5743'),
('201407828777338','TN2192558651311039733353',0,'8877'),
('337941914151724','CZ4646558313350058759499',0,'0747'),
('30083460908890','BA975439577438062611',0,'4329'),
('6759171730551302532','FR972388823743M5JPHUZ8VN953',0,'3584'),
('3560656041219275','VG31PSVD3306916511040551',0,'4233'),
('5108752240480935','CY32592408595KQLQUM1CG60C779',0,'2784'),
('3540066317225425','CY32592408595KQLQUM1CG60C779',0,'7109'),
('3544686753119117','CY32592408595KQLQUM1CG60C779',0,'3600'),
('3542083376979915','AL0632649694SYHHMSPXSYAET4R2',0,'3649'),
('3562070516496210','LU40354T9JDUQ2D13TJD',0,'9642'),
('4175007220957761','IE72QVSZ87136645799851',0,'6004'),
('5602229771444508450','IE72QVSZ87136645799851',0,'5392'),
('3557608276398592','IE72QVSZ87136645799851',0,'1812'),
('6771510211345444174','FR380744423606NAPDXC8TKRV13',0,'4097'),
('3529247601509139','MU31UEWC1168158191908027236MKS',0,'7221'),
('6762355853935057','CH6569821IBPATSHZIOIH',0,'5881'),
('3583772372562770','CH6569821IBPATSHZIOIH',0,'1147'),
('3563257295761885','FR273037025062NQTUZGL8HIC68',0,'4822'),
('4017958126609405','AD9218574272NDERR6HYZMER',0,'7258'),
('371478217100832','DE40064213356819991051',0,'6497'),
('3574674846973685','DE40064213356819991051',0,'7426'),
('3542046346225537','FR637609456526U9RDEVHO5CB69',0,'2099'),
('6709547490708980','FR637609456526U9RDEVHO5CB69',0,'7542'),
('3550342781737824','AE595235723883635853522',0,'1785'),
('30250263713823','RS23635468475653514503',0,'4371'),
('503867065155492265','BH68VDGEO3AQYIO5773CF6',0,'0518'),
('6395883628580507','BH68VDGEO3AQYIO5773CF6',0,'7775'),
('3589556676257920','GR398289153L5EKN5JL8GVUGQ9D',0,'8084'),
('3571061771029993','FR912313790044NAWFTQTOP3742',0,'9985'),
('5100145056329478','DE77222806807739559532',0,'1272'),
('3580115543266447','FR569310056713SC8KZOLNQYJ12',0,'7713'),
('6331100471451695','FR8950951953808OSTKJGGULZ02',0,'3280'),
('3563473014654596','FR8950951953808OSTKJGGULZ02',0,'5207'),
('4905426434615041459','FR269578997927ZXUFJFD0UIZ87',0,'3729'),
('5602238818270685','SM67I59744507953ATHJ7DUIE9D',0,'5264'),
('56022434586346873','LV85LQVR5CYMZNTJEAENO',0,'6533'),
('6333245392947061','FR9236728895752YBZZQ60JCF08',0,'3059'),
('3563748289324086','VG35WZDA4882933705963825',0,'5748'),
('3563591453268030','FI5111950414945047',0,'4496'),
('5100179793661174','FI5111950414945047',0,'8968'),
('3529515235448712','FI5111950414945047',0,'5559'),
('3556834589748197','FR156859604172LTRQ0ETNXXL69',0,'6323'),
('347151695078074','FR156859604172LTRQ0ETNXXL69',0,'5860'),
('3528436246068285','FR980951897243NIURNICRP1L79',0,'9327'),
('3536880409955343','FR980951897243NIURNICRP1L79',0,'2223'),
('6761258418333043','CZ5240340767680109789049',0,'6674'),
('3575232728860733','RS27535419511289380411',0,'3217'),
('3565898356604239','RS27535419511289380411',0,'1733'),
('5602243091084732977','KZ22464M1ORDJRMKIJGA',0,'7769'),
('5550115642427743','KZ22464M1ORDJRMKIJGA',0,'7839'),
('5508983801098859','PK91LXHIO89K2LVOSOZPAQWO',0,'3770'),
('4026799844293570','MR2233184551320834197541398',0,'2186'),
('30154537228438','SI90561448213410524',0,'1876'),
('3531018699110411','SI90561448213410524',0,'0442')

INSERT INTO [TransactionCategories] VALUES
(1,'Income'),
(2,'Housing'),
(3,'Home Services'),
(4,'Utilities'),
(5,'Household Items'),
(6,'Food'),
(7,'Transportation'),
(8,'Health'),
(9,'Kids'),
(10,'Pets'),
(11,'Subscriptions'),
(12,'Clothing'),
(13,'Personal Care'),
(14,'Travel'),
(15,'Entertainment'),
(16,'Technology'),
(17,'Charitable Giving'),
(18,'Investing'),
(19,'Debt Payments')

INSERT INTO [Deposits] VALUES
(1,'0604041071005273611',2350,28,CONVERT(DATE,'27-04-2022',105)),
(2,'0604041071005273611',730,77,CONVERT(DATE,'05-04-2022',105)),
(3,'0604208558230577674',1910,18,CONVERT(DATE,'01-07-2021',105)),
(4,'0604621349629116',1170,10,CONVERT(DATE,'05-12-2022',105)),
(5,'0604621349629116',1140,51,CONVERT(DATE,'13-05-2022',105)),
(6,'0604621349629116',870,33,CONVERT(DATE,'11-08-2022',105)),
(7,'0604621349629116',2120,8,CONVERT(DATE,'08-09-2021',105)),
(8,'0604745800328270',370,80,CONVERT(DATE,'09-07-2021',105)),
(9,'0604745800328270',1330,72,CONVERT(DATE,'29-11-2021',105)),
(10,'0604745800328270',860,23,CONVERT(DATE,'12-03-2022',105)),
(11,'0604745800328270',2400,56,CONVERT(DATE,'06-12-2022',105)),
(12,'201407828777338',2030,80,CONVERT(DATE,'15-04-2022',105)),
(13,'201407828777338',210,13,CONVERT(DATE,'09-09-2022',105)),
(14,'201407828777338',1440,72,CONVERT(DATE,'19-06-2022',105)),
(15,'201407828777338',140,75,CONVERT(DATE,'30-04-2022',105)),
(16,'201407828777338',1740,18,CONVERT(DATE,'05-01-2023',105)),
(17,'201460557761601',1710,83,CONVERT(DATE,'23-06-2021',105)),
(18,'201460557761601',1030,31,CONVERT(DATE,'05-07-2021',105)),
(19,'201460557761601',2230,51,CONVERT(DATE,'26-06-2021',105)),
(20,'201460557761601',1220,77,CONVERT(DATE,'17-07-2021',105)),
(21,'201460557761601',800,75,CONVERT(DATE,'17-07-2021',105)),
(22,'201464450985689',310,71,CONVERT(DATE,'15-12-2022',105)),
(23,'201464450985689',1850,14,CONVERT(DATE,'30-07-2022',105)),
(24,'201471156238123',910,40,CONVERT(DATE,'26-06-2022',105)),
(25,'201486478168055',1100,74,CONVERT(DATE,'26-11-2022',105)),
(26,'201486478168055',590,55,CONVERT(DATE,'30-09-2022',105)),
(27,'201486478168055',2250,55,CONVERT(DATE,'06-12-2022',105)),
(28,'201486478168055',680,28,CONVERT(DATE,'05-10-2022',105)),
(29,'201538989464173',1370,45,CONVERT(DATE,'10-10-2022',105)),
(30,'201637817749381',180,75,CONVERT(DATE,'14-12-2022',105)),
(31,'201637817749381',1660,48,CONVERT(DATE,'01-04-2022',105)),
(32,'201637817749381',580,5,CONVERT(DATE,'29-11-2021',105)),
(33,'201637817749381',2350,21,CONVERT(DATE,'14-05-2022',105)),
(34,'201637817749381',1950,23,CONVERT(DATE,'25-04-2022',105)),
(35,'201683530275072',1780,35,CONVERT(DATE,'17-07-2022',105)),
(36,'201683530275072',1090,83,CONVERT(DATE,'23-11-2022',105)),
(37,'201683530275072',0,62,CONVERT(DATE,'24-02-2022',105)),
(38,'201694443691883',1880,53,CONVERT(DATE,'16-05-2021',105)),
(39,'201694443691883',170,6,CONVERT(DATE,'06-04-2021',105)),
(40,'201694443691883',760,67,CONVERT(DATE,'19-06-2021',105)),
(41,'201780737200703',1470,86,CONVERT(DATE,'15-02-2022',105)),
(42,'201780737200703',2080,49,CONVERT(DATE,'14-02-2022',105)),
(43,'201780737200703',380,49,CONVERT(DATE,'19-02-2022',105)),
(44,'201792371533919',110,31,CONVERT(DATE,'11-09-2022',105)),
(45,'201792371533919',1030,67,CONVERT(DATE,'20-05-2022',105)),
(46,'201792371533919',2080,25,CONVERT(DATE,'20-02-2022',105)),
(47,'201792371533919',2000,6,CONVERT(DATE,'30-06-2022',105)),
(48,'201792371533919',2190,52,CONVERT(DATE,'27-05-2022',105)),
(49,'201807471240148',2220,52,CONVERT(DATE,'26-01-2022',105)),
(50,'201807471240148',2330,32,CONVERT(DATE,'12-09-2021',105)),
(51,'201807471240148',1730,2,CONVERT(DATE,'08-01-2022',105)),
(52,'201884412108924',1240,2,CONVERT(DATE,'29-06-2022',105)),
(53,'201897421684594',2380,35,CONVERT(DATE,'21-06-2021',105)),
(54,'201898839031204',1120,78,CONVERT(DATE,'27-11-2021',105)),
(55,'201898839031204',2160,66,CONVERT(DATE,'24-06-2022',105)),
(56,'201898839031204',180,5,CONVERT(DATE,'15-12-2022',105)),
(57,'201898839031204',1120,69,CONVERT(DATE,'09-02-2022',105)),
(58,'201906897724188',1160,68,CONVERT(DATE,'19-10-2022',105)),
(59,'201906897724188',700,84,CONVERT(DATE,'11-03-2022',105)),
(60,'201906897724188',2050,85,CONVERT(DATE,'06-04-2022',105)),
(61,'201906897724188',2140,9,CONVERT(DATE,'17-07-2022',105)),
(62,'201925489518964',1950,85,CONVERT(DATE,'19-08-2022',105)),
(63,'201925489518964',660,12,CONVERT(DATE,'11-02-2022',105)),
(64,'201927261126404',2480,84,CONVERT(DATE,'02-06-2022',105)),
(65,'201927261126404',150,43,CONVERT(DATE,'20-03-2022',105)),
(66,'201927261126404',2280,11,CONVERT(DATE,'14-07-2022',105)),
(67,'201935579571104',2340,55,CONVERT(DATE,'12-01-2022',105)),
(68,'201935579571104',1870,8,CONVERT(DATE,'02-10-2021',105)),
(69,'201935579571104',650,17,CONVERT(DATE,'02-01-2022',105)),
(70,'201935579571104',1640,74,CONVERT(DATE,'08-09-2021',105)),
(71,'201972263539170',1360,16,CONVERT(DATE,'10-12-2021',105)),
(72,'201972263539170',330,35,CONVERT(DATE,'14-11-2021',105)),
(73,'30020475989275',1230,73,CONVERT(DATE,'13-06-2022',105)),
(74,'30020475989275',100,14,CONVERT(DATE,'13-06-2022',105)),
(75,'30020475989275',900,83,CONVERT(DATE,'30-06-2022',105)),
(76,'30020475989275',1170,27,CONVERT(DATE,'15-06-2022',105)),
(77,'30020475989275',1710,82,CONVERT(DATE,'12-06-2022',105)),
(78,'30023680009277',440,24,CONVERT(DATE,'17-06-2022',105)),
(79,'30023680009277',2020,40,CONVERT(DATE,'23-09-2022',105)),
(80,'30023680009277',160,68,CONVERT(DATE,'10-08-2022',105)),
(81,'30058474947456',920,32,CONVERT(DATE,'14-10-2022',105)),
(82,'30058474947456',1600,1,CONVERT(DATE,'21-10-2022',105)),
(83,'30083460908890',230,50,CONVERT(DATE,'04-11-2022',105)),
(84,'30083460908890',1080,60,CONVERT(DATE,'19-01-2022',105)),
(85,'30083460908890',970,49,CONVERT(DATE,'16-02-2022',105)),
(86,'30083460908890',2280,24,CONVERT(DATE,'26-03-2022',105)),
(87,'30108369393462',640,50,CONVERT(DATE,'14-12-2022',105)),
(88,'30138132384134',1680,27,CONVERT(DATE,'21-05-2022',105)),
(89,'30138132384134',1310,75,CONVERT(DATE,'12-11-2021',105)),
(90,'30154537228438',1730,11,CONVERT(DATE,'12-06-2021',105)),
(91,'30154537228438',2160,74,CONVERT(DATE,'28-06-2021',105)),
(92,'30154537228438',1870,55,CONVERT(DATE,'11-06-2021',105)),
(93,'30242870366251',1920,45,CONVERT(DATE,'27-04-2022',105)),
(94,'30242870366251',30,35,CONVERT(DATE,'26-04-2022',105)),
(95,'30242870366251',1540,83,CONVERT(DATE,'27-04-2022',105)),
(96,'30242870366251',400,67,CONVERT(DATE,'30-04-2022',105)),
(97,'30250263713823',2310,44,CONVERT(DATE,'13-07-2022',105)),
(98,'30250263713823',130,24,CONVERT(DATE,'12-03-2022',105)),
(99,'30272751883421',1500,39,CONVERT(DATE,'09-08-2022',105)),
(100,'30272751883421',1370,21,CONVERT(DATE,'07-09-2022',105)),
(101,'30272751883421',1550,40,CONVERT(DATE,'21-10-2022',105)),
(102,'30309602894510',1780,65,CONVERT(DATE,'06-02-2022',105)),
(103,'30338535439838',1000,68,CONVERT(DATE,'08-05-2022',105)),
(104,'30338535439838',590,10,CONVERT(DATE,'22-07-2022',105)),
(105,'30338535439838',1850,30,CONVERT(DATE,'18-10-2022',105)),
(106,'30338535439838',1960,51,CONVERT(DATE,'11-12-2021',105)),
(107,'30338535439838',1260,42,CONVERT(DATE,'03-11-2021',105)),
(108,'30352518363055',1990,33,CONVERT(DATE,'23-08-2021',105)),
(109,'30352518363055',50,60,CONVERT(DATE,'05-02-2022',105)),
(110,'30352518363055',430,48,CONVERT(DATE,'07-12-2021',105)),
(111,'30352518363055',340,76,CONVERT(DATE,'23-06-2021',105)),
(112,'30352518363055',830,29,CONVERT(DATE,'11-11-2021',105)),
(113,'30363130279454',2230,32,CONVERT(DATE,'08-11-2021',105)),
(114,'30363130279454',2060,35,CONVERT(DATE,'10-02-2022',105)),
(115,'30393985467417',1110,47,CONVERT(DATE,'08-09-2022',105)),
(116,'30393985467417',780,71,CONVERT(DATE,'24-08-2021',105)),
(117,'30437030911695',450,40,CONVERT(DATE,'17-03-2022',105)),
(118,'30437030911695',2450,20,CONVERT(DATE,'02-07-2021',105)),
(119,'30437030911695',1210,47,CONVERT(DATE,'04-02-2022',105)),
(120,'30437030911695',360,56,CONVERT(DATE,'12-10-2022',105)),
(121,'30469262367817',140,62,CONVERT(DATE,'26-12-2022',105)),
(122,'30469262367817',800,81,CONVERT(DATE,'19-11-2022',105)),
(123,'30469262367817',1130,9,CONVERT(DATE,'09-11-2021',105)),
(124,'30541970311376',670,25,CONVERT(DATE,'09-08-2022',105)),
(125,'30541970311376',230,70,CONVERT(DATE,'18-12-2021',105)),
(126,'30549324439546',2350,81,CONVERT(DATE,'09-11-2022',105)),
(127,'30549324439546',1530,47,CONVERT(DATE,'08-02-2021',105)),
(128,'30549324439546',2470,29,CONVERT(DATE,'26-07-2022',105)),
(129,'30549324439546',1150,41,CONVERT(DATE,'01-12-2022',105)),
(130,'30549324439546',2060,26,CONVERT(DATE,'14-04-2022',105)),
(131,'30587739757318',930,83,CONVERT(DATE,'20-12-2022',105)),
(132,'30593533394787',370,60,CONVERT(DATE,'12-01-2023',105)),
(133,'337941191346898',210,64,CONVERT(DATE,'25-10-2022',105)),
(134,'337941191346898',400,78,CONVERT(DATE,'03-08-2022',105)),
(135,'337941191346898',2280,19,CONVERT(DATE,'25-11-2021',105)),
(136,'337941191346898',70,6,CONVERT(DATE,'24-11-2022',105)),
(137,'337941191346898',1350,51,CONVERT(DATE,'25-02-2022',105)),
(138,'337941399118552',580,47,CONVERT(DATE,'22-07-2022',105)),
(139,'337941399118552',1840,84,CONVERT(DATE,'03-04-2022',105)),
(140,'337941399118552',1110,10,CONVERT(DATE,'16-07-2022',105)),
(141,'337941412381054',1760,5,CONVERT(DATE,'07-11-2022',105)),
(142,'337941412381054',2490,67,CONVERT(DATE,'13-09-2022',105)),
(143,'337941460841736',1020,42,CONVERT(DATE,'13-01-2023',105)),
(144,'337941460841736',2290,67,CONVERT(DATE,'23-09-2022',105)),
(145,'337941460841736',1730,55,CONVERT(DATE,'31-10-2022',105)),
(146,'337941748367025',1870,53,CONVERT(DATE,'14-03-2022',105)),
(147,'337941748367025',1660,59,CONVERT(DATE,'19-11-2021',105)),
(148,'337941748367025',550,78,CONVERT(DATE,'25-08-2022',105)),
(149,'337941748367025',280,84,CONVERT(DATE,'18-09-2022',105)),
(150,'337941748367025',2190,62,CONVERT(DATE,'29-01-2022',105)),
(151,'337941801617381',1280,14,CONVERT(DATE,'16-08-2021',105)),
(152,'337941801617381',580,23,CONVERT(DATE,'28-04-2022',105)),
(153,'337941801617381',1760,39,CONVERT(DATE,'15-07-2022',105)),
(154,'337941801617381',1470,69,CONVERT(DATE,'24-07-2021',105)),
(155,'337941801617381',480,33,CONVERT(DATE,'02-01-2023',105)),
(156,'337941914151724',1550,84,CONVERT(DATE,'19-07-2022',105)),
(157,'337941914151724',2450,1,CONVERT(DATE,'15-03-2022',105)),
(158,'337941914151724',2220,33,CONVERT(DATE,'07-10-2022',105)),
(159,'337941914151724',1330,28,CONVERT(DATE,'12-01-2023',105)),
(160,'337941914151724',870,80,CONVERT(DATE,'20-09-2022',105)),
(161,'342438540494852',730,66,CONVERT(DATE,'19-03-2022',105)),
(162,'342438540494852',1850,22,CONVERT(DATE,'18-05-2021',105)),
(163,'342438540494852',2400,6,CONVERT(DATE,'29-09-2022',105)),
(164,'342533470423630',1210,71,CONVERT(DATE,'17-04-2022',105)),
(165,'342533470423630',180,39,CONVERT(DATE,'01-08-2022',105)),
(166,'342533470423630',220,13,CONVERT(DATE,'18-07-2022',105)),
(167,'342813972450376',2110,78,CONVERT(DATE,'12-12-2021',105)),
(168,'343909198397190',1650,6,CONVERT(DATE,'31-10-2022',105)),
(169,'343909198397190',2230,47,CONVERT(DATE,'21-10-2022',105)),
(170,'343909198397190',370,52,CONVERT(DATE,'03-11-2022',105)),
(171,'343909198397190',1600,71,CONVERT(DATE,'10-10-2022',105)),
(172,'343909198397190',1370,57,CONVERT(DATE,'23-08-2022',105)),
(173,'346887149054630',920,60,CONVERT(DATE,'03-05-2022',105)),
(174,'346887149054630',110,10,CONVERT(DATE,'11-04-2022',105)),
(175,'348550514742902',140,71,CONVERT(DATE,'19-04-2021',105)),
(176,'348550514742902',780,24,CONVERT(DATE,'09-09-2022',105)),
(177,'348550514742902',1480,9,CONVERT(DATE,'13-10-2022',105)),
(178,'348550514742902',2360,81,CONVERT(DATE,'27-07-2022',105)),
(179,'3528241879383401',2030,32,CONVERT(DATE,'13-09-2021',105)),
(180,'3528241879383401',1620,38,CONVERT(DATE,'13-03-2021',105)),
(181,'3528434935236016',1350,3,CONVERT(DATE,'07-08-2022',105)),
(182,'3528434935236016',1560,79,CONVERT(DATE,'15-12-2021',105)),
(183,'3528434935236016',650,41,CONVERT(DATE,'13-01-2022',105)),
(184,'3528434935236016',1680,83,CONVERT(DATE,'13-11-2022',105)),
(185,'3528434935236016',1650,70,CONVERT(DATE,'04-12-2021',105)),
(186,'3528832945382425',1290,80,CONVERT(DATE,'13-11-2021',105)),
(187,'3528973368519406',1160,68,CONVERT(DATE,'13-03-2022',105)),
(188,'3528973368519406',1190,25,CONVERT(DATE,'04-08-2022',105)),
(189,'3529196226076638',1000,74,CONVERT(DATE,'03-11-2022',105)),
(190,'3529247601509139',1790,46,CONVERT(DATE,'05-06-2021',105)),
(191,'3529247601509139',290,26,CONVERT(DATE,'22-06-2021',105)),
(192,'3529247601509139',2000,4,CONVERT(DATE,'28-09-2021',105)),
(193,'3529247601509139',2060,63,CONVERT(DATE,'10-12-2021',105)),
(194,'3529247601509139',320,62,CONVERT(DATE,'13-08-2021',105)),
(195,'3529472894383931',1390,78,CONVERT(DATE,'01-03-2021',105)),
(196,'3529793426069197',1430,54,CONVERT(DATE,'24-10-2022',105)),
(197,'3529793426069197',390,13,CONVERT(DATE,'17-04-2021',105)),
(198,'3529793426069197',1330,68,CONVERT(DATE,'01-08-2021',105)),
(199,'3529793426069197',1430,18,CONVERT(DATE,'15-10-2022',105)),
(200,'3530390298801232',1180,74,CONVERT(DATE,'12-12-2022',105)),
(201,'3530390298801232',950,81,CONVERT(DATE,'16-10-2022',105)),
(202,'3530390298801232',1230,75,CONVERT(DATE,'12-01-2023',105)),
(203,'3530390298801232',2130,14,CONVERT(DATE,'12-10-2022',105)),
(204,'3530390298801232',2300,80,CONVERT(DATE,'08-12-2022',105)),
(205,'3530393600541413',550,5,CONVERT(DATE,'22-01-2022',105)),
(206,'3530393600541413',1440,80,CONVERT(DATE,'04-06-2022',105)),
(207,'3530438561645065',1530,6,CONVERT(DATE,'22-07-2021',105)),
(208,'3530438561645065',1330,77,CONVERT(DATE,'03-10-2021',105)),
(209,'3530438561645065',1030,11,CONVERT(DATE,'13-07-2021',105)),
(210,'3531018699110411',10,53,CONVERT(DATE,'16-08-2021',105)),
(211,'3531047221318085',1490,58,CONVERT(DATE,'24-04-2022',105)),
(212,'3531047221318085',1930,20,CONVERT(DATE,'05-03-2022',105)),
(213,'3531047221318085',2440,7,CONVERT(DATE,'07-10-2022',105)),
(214,'3531089295124767',2080,80,CONVERT(DATE,'27-07-2022',105)),
(215,'3531461412798239',2480,63,CONVERT(DATE,'18-01-2022',105)),
(216,'3531461412798239',2340,11,CONVERT(DATE,'12-06-2022',105)),
(217,'3531461412798239',1260,32,CONVERT(DATE,'27-07-2022',105)),
(218,'3531461412798239',2050,34,CONVERT(DATE,'03-12-2021',105)),
(219,'3531461412798239',160,42,CONVERT(DATE,'05-04-2022',105)),
(220,'3531499176825913',2460,80,CONVERT(DATE,'26-10-2022',105)),
(221,'3531499176825913',450,67,CONVERT(DATE,'31-08-2022',105)),
(222,'3531950922715824',1030,85,CONVERT(DATE,'20-06-2022',105)),
(223,'3532482557940773',2160,75,CONVERT(DATE,'02-07-2022',105)),
(224,'3532915747256956',1360,6,CONVERT(DATE,'22-07-2022',105)),
(225,'3532915747256956',380,40,CONVERT(DATE,'29-10-2022',105)),
(226,'3532915747256956',1360,67,CONVERT(DATE,'27-06-2022',105)),
(227,'3532918720961576',20,19,CONVERT(DATE,'23-12-2021',105)),
(228,'3532918720961576',2110,82,CONVERT(DATE,'13-01-2023',105)),
(229,'3532918720961576',1790,17,CONVERT(DATE,'24-07-2021',105)),
(230,'3533919127479005',500,10,CONVERT(DATE,'26-01-2022',105)),
(231,'3534778381727627',620,30,CONVERT(DATE,'23-03-2022',105)),
(232,'3534778381727627',610,17,CONVERT(DATE,'28-05-2022',105)),
(233,'3534778381727627',1840,48,CONVERT(DATE,'10-05-2022',105)),
(234,'3534778381727627',1940,3,CONVERT(DATE,'23-02-2022',105)),
(235,'3534778381727627',80,54,CONVERT(DATE,'15-11-2022',105)),
(236,'3535306234789047',2090,47,CONVERT(DATE,'10-04-2022',105)),
(237,'3535306234789047',1090,57,CONVERT(DATE,'10-08-2022',105)),
(238,'3535306234789047',570,37,CONVERT(DATE,'04-04-2022',105)),
(239,'3535979670682544',1840,31,CONVERT(DATE,'17-03-2022',105)),
(240,'3535979670682544',300,34,CONVERT(DATE,'16-09-2022',105)),
(241,'3535979670682544',1140,58,CONVERT(DATE,'18-03-2022',105)),
(242,'3535979670682544',890,40,CONVERT(DATE,'19-05-2022',105)),
(243,'3536046119918928',600,3,CONVERT(DATE,'10-09-2021',105)),
(244,'3536046119918928',480,79,CONVERT(DATE,'13-09-2021',105)),
(245,'3536046119918928',2160,37,CONVERT(DATE,'06-09-2021',105)),
(246,'3536046119918928',2200,58,CONVERT(DATE,'08-09-2021',105)),
(247,'3536108128898077',280,81,CONVERT(DATE,'22-09-2022',105)),
(248,'3536108128898077',530,75,CONVERT(DATE,'09-05-2021',105)),
(249,'3536108128898077',260,65,CONVERT(DATE,'04-08-2022',105)),
(250,'3536108128898077',1620,18,CONVERT(DATE,'06-01-2022',105)),
(251,'3536826050906440',2030,4,CONVERT(DATE,'15-10-2021',105)),
(252,'3536826050906440',460,18,CONVERT(DATE,'03-03-2022',105)),
(253,'3536826050906440',460,45,CONVERT(DATE,'04-03-2022',105)),
(254,'3536826050906440',1690,13,CONVERT(DATE,'25-10-2022',105)),
(255,'3536857301814422',460,85,CONVERT(DATE,'07-10-2021',105)),
(256,'3536857301814422',200,41,CONVERT(DATE,'03-06-2022',105)),
(257,'3536857301814422',2140,23,CONVERT(DATE,'30-05-2021',105)),
(258,'3536857301814422',220,49,CONVERT(DATE,'11-12-2022',105)),
(259,'3536871701148885',770,22,CONVERT(DATE,'06-03-2022',105)),
(260,'3536871701148885',2090,77,CONVERT(DATE,'06-01-2023',105)),
(261,'3536871701148885',50,26,CONVERT(DATE,'30-04-2022',105)),
(262,'3536871701148885',190,38,CONVERT(DATE,'06-07-2022',105)),
(263,'3536880409955343',1880,12,CONVERT(DATE,'27-12-2022',105)),
(264,'3536880409955343',1830,4,CONVERT(DATE,'02-02-2022',105)),
(265,'3536880409955343',2020,53,CONVERT(DATE,'20-03-2022',105)),
(266,'3536880409955343',2010,61,CONVERT(DATE,'25-12-2022',105)),
(267,'3537050793302119',840,53,CONVERT(DATE,'19-10-2022',105)),
(268,'3539066630670524',400,6,CONVERT(DATE,'30-06-2022',105)),
(269,'3539066630670524',2200,20,CONVERT(DATE,'18-06-2022',105)),
(270,'3539066630670524',2180,65,CONVERT(DATE,'02-08-2022',105)),
(271,'3539066630670524',1660,6,CONVERT(DATE,'05-06-2022',105)),
(272,'3539200020844700',280,56,CONVERT(DATE,'09-07-2022',105)),
(273,'3539200020844700',1690,74,CONVERT(DATE,'02-07-2022',105)),
(274,'3539200020844700',1980,15,CONVERT(DATE,'05-07-2022',105)),
(275,'3539294115597349',1940,26,CONVERT(DATE,'30-08-2022',105)),
(276,'3539294115597349',330,45,CONVERT(DATE,'04-07-2022',105)),
(277,'3539294115597349',620,10,CONVERT(DATE,'30-09-2022',105)),
(278,'3539354960643109',120,59,CONVERT(DATE,'04-12-2022',105)),
(279,'3539415381991003',120,35,CONVERT(DATE,'09-02-2021',105)),
(280,'3539415381991003',580,83,CONVERT(DATE,'12-03-2021',105)),
(281,'3539415381991003',140,44,CONVERT(DATE,'05-06-2021',105)),
(282,'3539415381991003',670,29,CONVERT(DATE,'11-11-2021',105)),
(283,'3539594910319199',1110,20,CONVERT(DATE,'11-04-2022',105)),
(284,'3540066317225425',2140,59,CONVERT(DATE,'17-08-2022',105)),
(285,'3540066317225425',1580,80,CONVERT(DATE,'26-06-2022',105)),
(286,'3540066317225425',1680,11,CONVERT(DATE,'23-12-2021',105)),
(287,'3540442159744098',190,62,CONVERT(DATE,'14-06-2022',105)),
(288,'3540442159744098',2450,26,CONVERT(DATE,'16-12-2022',105)),
(289,'3540442159744098',1390,23,CONVERT(DATE,'30-07-2022',105)),
(290,'3540449054015490',150,69,CONVERT(DATE,'16-02-2021',105)),
(291,'3540590875582463',1450,66,CONVERT(DATE,'16-08-2022',105)),
(292,'3540590875582463',1930,12,CONVERT(DATE,'23-12-2022',105)),
(293,'3540590875582463',1800,67,CONVERT(DATE,'19-10-2022',105)),
(294,'3540590875582463',110,83,CONVERT(DATE,'30-06-2022',105)),
(295,'3540590875582463',460,67,CONVERT(DATE,'28-08-2022',105)),
(296,'3541279983379652',340,47,CONVERT(DATE,'14-03-2022',105)),
(297,'3541279983379652',340,14,CONVERT(DATE,'01-04-2022',105)),
(298,'3541279983379652',1420,40,CONVERT(DATE,'18-04-2022',105)),
(299,'3541279983379652',150,59,CONVERT(DATE,'28-07-2022',105)),
(300,'3541520957231944',1180,53,CONVERT(DATE,'07-11-2022',105)),
(301,'3541520957231944',1180,19,CONVERT(DATE,'06-10-2022',105)),
(302,'3541520957231944',1170,51,CONVERT(DATE,'07-09-2022',105)),
(303,'3541682108460002',850,14,CONVERT(DATE,'09-10-2022',105)),
(304,'3541704430311958',1430,70,CONVERT(DATE,'05-04-2021',105)),
(305,'3542046346225537',1770,23,CONVERT(DATE,'30-10-2022',105)),
(306,'3542046346225537',1850,67,CONVERT(DATE,'23-07-2022',105)),
(307,'3542083376979915',560,41,CONVERT(DATE,'04-10-2022',105)),
(308,'3542083376979915',1150,49,CONVERT(DATE,'31-05-2022',105)),
(309,'3542083376979915',910,81,CONVERT(DATE,'23-02-2022',105)),
(310,'3542083376979915',150,52,CONVERT(DATE,'29-11-2022',105)),
(311,'3542161795731263',1710,23,CONVERT(DATE,'31-03-2022',105)),
(312,'3542161795731263',240,86,CONVERT(DATE,'11-10-2022',105)),
(313,'3542513331087511',2080,81,CONVERT(DATE,'27-08-2021',105)),
(314,'3542513331087511',880,18,CONVERT(DATE,'14-06-2022',105)),
(315,'3542513331087511',2070,17,CONVERT(DATE,'29-08-2021',105)),
(316,'3542513331087511',1410,66,CONVERT(DATE,'15-04-2022',105)),
(317,'3542513331087511',1270,19,CONVERT(DATE,'15-12-2021',105)),
(318,'3543194078824561',1200,72,CONVERT(DATE,'27-03-2022',105)),
(319,'3543194078824561',1810,40,CONVERT(DATE,'05-01-2023',105)),
(320,'3543194078824561',1840,3,CONVERT(DATE,'09-03-2022',105)),
(321,'3543194078824561',2000,50,CONVERT(DATE,'04-01-2023',105)),
(322,'3543194078824561',2360,75,CONVERT(DATE,'24-01-2022',105)),
(323,'3543227276454094',70,17,CONVERT(DATE,'21-05-2022',105)),
(324,'3543227276454094',60,66,CONVERT(DATE,'21-10-2021',105)),
(325,'3543227276454094',2000,9,CONVERT(DATE,'20-06-2021',105)),
(326,'3543332239210060',620,21,CONVERT(DATE,'21-02-2022',105)),
(327,'3543332239210060',920,76,CONVERT(DATE,'19-04-2022',105)),
(328,'3543332239210060',930,2,CONVERT(DATE,'27-05-2022',105)),
(329,'3543693756710794',2130,43,CONVERT(DATE,'23-03-2022',105)),
(330,'3543693756710794',2290,52,CONVERT(DATE,'21-11-2022',105)),
(331,'3543693756710794',2140,24,CONVERT(DATE,'20-07-2022',105)),
(332,'3543693756710794',700,77,CONVERT(DATE,'20-12-2021',105)),
(333,'3543698021611347',410,5,CONVERT(DATE,'14-11-2021',105)),
(334,'3543698021611347',110,84,CONVERT(DATE,'19-04-2022',105)),
(335,'3543698021611347',550,36,CONVERT(DATE,'01-12-2022',105)),
(336,'3543794715217713',1180,61,CONVERT(DATE,'06-06-2022',105)),
(337,'3544735881472078',400,52,CONVERT(DATE,'13-06-2022',105)),
(338,'3544735881472078',1430,17,CONVERT(DATE,'07-04-2022',105)),
(339,'3545214934208144',110,55,CONVERT(DATE,'27-05-2021',105)),
(340,'3545214934208144',2050,19,CONVERT(DATE,'10-04-2021',105)),
(341,'3545273067569011',270,69,CONVERT(DATE,'17-03-2022',105)),
(342,'3546076970759473',2070,82,CONVERT(DATE,'03-01-2023',105)),
(343,'3546076970759473',500,69,CONVERT(DATE,'05-12-2022',105)),
(344,'3546076970759473',1910,1,CONVERT(DATE,'12-09-2022',105)),
(345,'3546076970759473',2100,30,CONVERT(DATE,'11-05-2022',105)),
(346,'3546076970759473',2020,16,CONVERT(DATE,'30-03-2022',105)),
(347,'3546116859654138',1830,23,CONVERT(DATE,'10-11-2022',105)),
(348,'3546116859654138',1360,8,CONVERT(DATE,'29-10-2022',105)),
(349,'3546116859654138',2220,58,CONVERT(DATE,'06-12-2021',105)),
(350,'3546116859654138',950,11,CONVERT(DATE,'13-12-2021',105)),
(351,'3546116859654138',1370,52,CONVERT(DATE,'31-01-2022',105)),
(352,'3546505298559595',2250,80,CONVERT(DATE,'04-06-2021',105)),
(353,'3546505298559595',2260,11,CONVERT(DATE,'14-11-2022',105)),
(354,'3546505298559595',1960,56,CONVERT(DATE,'18-08-2021',105)),
(355,'3546529031304036',1290,56,CONVERT(DATE,'07-06-2022',105)),
(356,'3547490595785665',2210,12,CONVERT(DATE,'04-12-2021',105)),
(357,'3547490595785665',230,35,CONVERT(DATE,'01-04-2021',105)),
(358,'3547490595785665',1190,70,CONVERT(DATE,'04-09-2022',105)),
(359,'3547490595785665',1810,41,CONVERT(DATE,'20-05-2021',105)),
(360,'3547490595785665',170,63,CONVERT(DATE,'20-05-2021',105)),
(361,'3547567731135523',2430,72,CONVERT(DATE,'08-09-2022',105)),
(362,'3547567731135523',1700,25,CONVERT(DATE,'28-04-2022',105)),
(363,'3547567731135523',1630,82,CONVERT(DATE,'04-12-2021',105)),
(364,'3547567731135523',1500,27,CONVERT(DATE,'08-04-2022',105)),
(365,'3547567731135523',1400,11,CONVERT(DATE,'09-12-2022',105)),
(366,'3549108192254905',1820,71,CONVERT(DATE,'08-08-2022',105)),
(367,'3549108192254905',1710,2,CONVERT(DATE,'11-08-2022',105)),
(368,'3549108192254905',1450,23,CONVERT(DATE,'14-12-2022',105)),
(369,'3549108192254905',1040,5,CONVERT(DATE,'13-10-2022',105)),
(370,'3549108192254905',980,1,CONVERT(DATE,'17-11-2022',105)),
(371,'3549323678371269',1080,23,CONVERT(DATE,'19-04-2022',105)),
(372,'3549323678371269',1870,44,CONVERT(DATE,'05-10-2022',105)),
(373,'3549323678371269',620,23,CONVERT(DATE,'07-04-2022',105)),
(374,'3549672342730023',2100,32,CONVERT(DATE,'22-12-2022',105)),
(375,'3550002078422221',1200,85,CONVERT(DATE,'26-06-2021',105)),
(376,'3550002078422221',1770,10,CONVERT(DATE,'26-06-2021',105)),
(377,'3550002078422221',1760,61,CONVERT(DATE,'07-07-2021',105)),
(378,'3550002078422221',2480,56,CONVERT(DATE,'15-07-2021',105)),
(379,'3550342781737824',170,4,CONVERT(DATE,'06-11-2022',105)),
(380,'3550342781737824',500,85,CONVERT(DATE,'28-05-2022',105)),
(381,'3550342781737824',1870,62,CONVERT(DATE,'21-11-2022',105)),
(382,'3550342781737824',2360,62,CONVERT(DATE,'20-10-2022',105)),
(383,'3550949620549275',350,19,CONVERT(DATE,'22-03-2022',105)),
(384,'3550949620549275',1190,38,CONVERT(DATE,'13-05-2022',105)),
(385,'3550949620549275',560,68,CONVERT(DATE,'31-05-2022',105)),
(386,'3550949620549275',1480,57,CONVERT(DATE,'15-12-2022',105)),
(387,'3550949620549275',1250,56,CONVERT(DATE,'01-05-2022',105)),
(388,'3551441891970884',90,19,CONVERT(DATE,'11-09-2021',105)),
(389,'3551441891970884',2060,79,CONVERT(DATE,'18-09-2021',105)),
(390,'3551441891970884',600,17,CONVERT(DATE,'26-03-2022',105)),
(391,'3551441891970884',430,51,CONVERT(DATE,'26-03-2022',105)),
(392,'3551441891970884',140,73,CONVERT(DATE,'24-10-2022',105)),
(393,'3551790106466207',1360,13,CONVERT(DATE,'12-10-2022',105)),
(394,'3552214792903331',350,3,CONVERT(DATE,'17-10-2022',105)),
(395,'3552214792903331',20,49,CONVERT(DATE,'10-01-2023',105)),
(396,'3552214792903331',1300,10,CONVERT(DATE,'18-11-2022',105)),
(397,'3552307858932689',1440,32,CONVERT(DATE,'25-11-2021',105)),
(398,'3552367783051690',1250,27,CONVERT(DATE,'24-02-2022',105)),
(399,'3552367783051690',2080,64,CONVERT(DATE,'17-11-2022',105)),
(400,'3552407928105017',1840,18,CONVERT(DATE,'03-10-2022',105)),
(401,'3552407928105017',890,4,CONVERT(DATE,'09-07-2022',105)),
(402,'3552477545199842',30,83,CONVERT(DATE,'24-11-2021',105)),
(403,'3552477545199842',1850,76,CONVERT(DATE,'25-03-2022',105)),
(404,'3552477545199842',1300,38,CONVERT(DATE,'09-11-2021',105)),
(405,'3552477545199842',200,76,CONVERT(DATE,'20-07-2021',105)),
(406,'3553021434179678',1770,40,CONVERT(DATE,'29-12-2021',105)),
(407,'3553021434179678',930,56,CONVERT(DATE,'16-03-2022',105)),
(408,'3553021434179678',1460,35,CONVERT(DATE,'25-09-2021',105)),
(409,'3553021434179678',1760,66,CONVERT(DATE,'22-08-2021',105)),
(410,'3553021434179678',740,6,CONVERT(DATE,'30-10-2021',105)),
(411,'3553394739569566',200,55,CONVERT(DATE,'30-07-2022',105)),
(412,'3553394739569566',410,54,CONVERT(DATE,'05-03-2022',105)),
(413,'3553394739569566',1240,29,CONVERT(DATE,'11-08-2022',105)),
(414,'3553394739569566',2200,38,CONVERT(DATE,'12-01-2022',105)),
(415,'3555556511347084',2280,61,CONVERT(DATE,'04-07-2022',105)),
(416,'3555556511347084',980,25,CONVERT(DATE,'27-06-2022',105)),
(417,'3555643814930319',1450,81,CONVERT(DATE,'25-11-2021',105)),
(418,'3555643814930319',2060,29,CONVERT(DATE,'06-10-2021',105)),
(419,'3555712824190303',2380,79,CONVERT(DATE,'27-08-2022',105)),
(420,'3555712824190303',750,12,CONVERT(DATE,'20-10-2021',105)),
(421,'3555712824190303',1180,48,CONVERT(DATE,'20-07-2021',105)),
(422,'3555756025293440',1140,17,CONVERT(DATE,'29-05-2021',105)),
(423,'3555756025293440',1670,75,CONVERT(DATE,'01-08-2022',105)),
(424,'3555756025293440',1700,64,CONVERT(DATE,'24-05-2022',105)),
(425,'3555815356453765',660,25,CONVERT(DATE,'31-10-2022',105)),
(426,'3555815356453765',1800,65,CONVERT(DATE,'10-12-2021',105)),
(427,'3555815356453765',10,2,CONVERT(DATE,'29-01-2022',105)),
(428,'3555815356453765',2380,29,CONVERT(DATE,'22-02-2022',105)),
(429,'3555815356453765',1360,55,CONVERT(DATE,'05-08-2022',105)),
(430,'3555898894129089',90,14,CONVERT(DATE,'12-11-2021',105)),
(431,'3555898894129089',1820,51,CONVERT(DATE,'25-05-2022',105)),
(432,'3555898894129089',880,79,CONVERT(DATE,'11-07-2021',105)),
(433,'3555898894129089',930,75,CONVERT(DATE,'19-12-2021',105)),
(434,'3556133444573829',910,11,CONVERT(DATE,'25-09-2022',105)),
(435,'3556133444573829',730,49,CONVERT(DATE,'26-12-2021',105)),
(436,'3556133444573829',2460,36,CONVERT(DATE,'22-02-2022',105)),
(437,'3556133444573829',2180,5,CONVERT(DATE,'08-11-2021',105)),
(438,'3556439484402054',500,52,CONVERT(DATE,'05-09-2021',105)),
(439,'3556439484402054',880,81,CONVERT(DATE,'25-09-2021',105)),
(440,'3556692059098273',720,85,CONVERT(DATE,'15-10-2021',105)),
(441,'3556692059098273',1660,73,CONVERT(DATE,'14-09-2022',105)),
(442,'3556692059098273',0,54,CONVERT(DATE,'09-03-2022',105)),
(443,'3556692059098273',510,38,CONVERT(DATE,'25-12-2022',105)),
(444,'3556692059098273',1430,38,CONVERT(DATE,'26-09-2022',105)),
(445,'3556834589748197',920,64,CONVERT(DATE,'06-05-2022',105)),
(446,'3556834589748197',2050,30,CONVERT(DATE,'04-09-2022',105)),
(447,'3558152436514375',2220,59,CONVERT(DATE,'22-06-2022',105)),
(448,'3558152436514375',2060,68,CONVERT(DATE,'11-07-2022',105)),
(449,'3558742752333580',1560,64,CONVERT(DATE,'22-08-2021',105)),
(450,'3558984929137706',1380,39,CONVERT(DATE,'31-08-2021',105)),
(451,'3558984929137706',1040,43,CONVERT(DATE,'17-11-2022',105)),
(452,'3558984929137706',2370,43,CONVERT(DATE,'03-09-2021',105)),
(453,'3559147067805463',600,82,CONVERT(DATE,'15-04-2022',105)),
(454,'3559147067805463',1260,47,CONVERT(DATE,'30-11-2022',105)),
(455,'3559147067805463',2190,75,CONVERT(DATE,'06-04-2022',105)),
(456,'3559732301846942',150,47,CONVERT(DATE,'18-05-2022',105)),
(457,'3559732301846942',1300,53,CONVERT(DATE,'14-05-2022',105)),
(458,'3559765878844429',2400,85,CONVERT(DATE,'08-11-2021',105)),
(459,'3559765878844429',860,3,CONVERT(DATE,'06-02-2022',105)),
(460,'3560533611043155',2120,13,CONVERT(DATE,'29-08-2021',105)),
(461,'3560589707443451',2030,66,CONVERT(DATE,'08-03-2022',105)),
(462,'3560589707443451',1180,23,CONVERT(DATE,'17-01-2022',105)),
(463,'3560589707443451',1250,64,CONVERT(DATE,'13-09-2021',105)),
(464,'3560589707443451',2350,44,CONVERT(DATE,'19-11-2021',105)),
(465,'3560589707443451',1800,20,CONVERT(DATE,'11-11-2021',105)),
(466,'3560594998942898',1700,57,CONVERT(DATE,'24-06-2021',105)),
(467,'3560594998942898',2050,52,CONVERT(DATE,'17-05-2022',105)),
(468,'3560594998942898',1660,45,CONVERT(DATE,'14-07-2021',105)),
(469,'3560656041219275',1030,84,CONVERT(DATE,'17-11-2021',105)),
(470,'3560656041219275',360,5,CONVERT(DATE,'21-04-2022',105)),
(471,'3560656041219275',1480,25,CONVERT(DATE,'31-12-2021',105)),
(472,'3560656041219275',2310,31,CONVERT(DATE,'21-10-2021',105)),
(473,'3560656041219275',50,59,CONVERT(DATE,'02-08-2022',105)),
(474,'3560778843290989',120,14,CONVERT(DATE,'20-05-2022',105)),
(475,'3560778843290989',720,51,CONVERT(DATE,'03-10-2022',105)),
(476,'3560851130210885',1730,10,CONVERT(DATE,'06-07-2022',105)),
(477,'3560851130210885',2160,76,CONVERT(DATE,'20-02-2022',105)),
(478,'3561016057060361',1230,23,CONVERT(DATE,'29-11-2022',105)),
(479,'3561016057060361',1680,46,CONVERT(DATE,'17-09-2022',105)),
(480,'3561016057060361',190,7,CONVERT(DATE,'14-11-2022',105)),
(481,'3561016057060361',620,84,CONVERT(DATE,'15-12-2022',105)),
(482,'3561016057060361',2030,41,CONVERT(DATE,'31-12-2022',105)),
(483,'3561986651645009',890,37,CONVERT(DATE,'12-09-2022',105)),
(484,'3562070516496210',250,61,CONVERT(DATE,'28-08-2021',105)),
(485,'3562070516496210',2490,25,CONVERT(DATE,'08-12-2022',105)),
(486,'3562871938426796',1270,30,CONVERT(DATE,'14-08-2021',105)),
(487,'3562871938426796',2120,49,CONVERT(DATE,'21-07-2022',105)),
(488,'3563045436411696',2480,49,CONVERT(DATE,'01-10-2022',105)),
(489,'3563089009427127',1370,35,CONVERT(DATE,'01-06-2021',105)),
(490,'3563257295761885',1880,44,CONVERT(DATE,'22-02-2022',105)),
(491,'3563257295761885',2090,12,CONVERT(DATE,'29-08-2022',105)),
(492,'3563257295761885',550,9,CONVERT(DATE,'22-10-2021',105)),
(493,'3563257295761885',2030,27,CONVERT(DATE,'05-11-2021',105)),
(494,'3563473014654596',850,54,CONVERT(DATE,'02-11-2022',105)),
(495,'3563572642250030',2470,17,CONVERT(DATE,'13-07-2022',105)),
(496,'3563572642250030',2370,1,CONVERT(DATE,'08-09-2022',105)),
(497,'3563572642250030',1510,49,CONVERT(DATE,'13-12-2022',105)),
(498,'3563572642250030',170,49,CONVERT(DATE,'06-02-2022',105)),
(499,'3563572642250030',2130,47,CONVERT(DATE,'15-09-2022',105)),
(500,'3563591453268030',2440,58,CONVERT(DATE,'23-08-2022',105)),
(501,'3563591453268030',1790,55,CONVERT(DATE,'31-07-2022',105)),
(502,'3563591453268030',110,17,CONVERT(DATE,'29-08-2022',105)),
(503,'3563748289324086',190,70,CONVERT(DATE,'03-07-2021',105)),
(504,'3563981450780063',1230,29,CONVERT(DATE,'24-10-2022',105)),
(505,'3563981450780063',460,3,CONVERT(DATE,'02-12-2022',105)),
(506,'3564155171648292',1270,12,CONVERT(DATE,'04-01-2022',105)),
(507,'3564155171648292',1040,26,CONVERT(DATE,'04-04-2022',105)),
(508,'3564155171648292',2050,85,CONVERT(DATE,'10-01-2023',105)),
(509,'3564155171648292',1840,86,CONVERT(DATE,'11-05-2022',105)),
(510,'3565287306526876',2360,32,CONVERT(DATE,'28-08-2021',105)),
(511,'3565287306526876',1280,18,CONVERT(DATE,'13-12-2022',105)),
(512,'3565287306526876',830,1,CONVERT(DATE,'18-06-2022',105)),
(513,'3565287306526876',1230,77,CONVERT(DATE,'09-07-2022',105)),
(514,'3565287306526876',670,66,CONVERT(DATE,'19-10-2021',105)),
(515,'3565766718930313',1540,63,CONVERT(DATE,'12-03-2022',105)),
(516,'3565766718930313',1640,64,CONVERT(DATE,'22-02-2022',105)),
(517,'3565766718930313',1740,3,CONVERT(DATE,'19-02-2022',105)),
(518,'3565898356604239',790,85,CONVERT(DATE,'24-05-2022',105)),
(519,'3565898356604239',2420,9,CONVERT(DATE,'22-08-2022',105)),
(520,'3565898356604239',410,16,CONVERT(DATE,'05-07-2022',105)),
(521,'3565898356604239',560,41,CONVERT(DATE,'26-11-2022',105)),
(522,'3566823768463551',1780,26,CONVERT(DATE,'03-08-2022',105)),
(523,'3566823768463551',1290,15,CONVERT(DATE,'06-04-2022',105)),
(524,'3566823768463551',180,37,CONVERT(DATE,'03-04-2022',105)),
(525,'3566823768463551',730,85,CONVERT(DATE,'20-02-2022',105)),
(526,'3567625567263796',550,44,CONVERT(DATE,'10-11-2021',105)),
(527,'3567625567263796',1890,81,CONVERT(DATE,'21-10-2021',105)),
(528,'3567625567263796',1140,17,CONVERT(DATE,'27-08-2022',105)),
(529,'3567677575743202',1210,1,CONVERT(DATE,'06-11-2022',105)),
(530,'3567677630072431',1270,64,CONVERT(DATE,'25-07-2022',105)),
(531,'3567884420394112',2320,47,CONVERT(DATE,'07-05-2022',105)),
(532,'3567884420394112',30,65,CONVERT(DATE,'12-12-2021',105)),
(533,'3567884420394112',1090,18,CONVERT(DATE,'12-01-2023',105)),
(534,'3567884420394112',140,37,CONVERT(DATE,'28-11-2021',105)),
(535,'3567884420394112',1710,72,CONVERT(DATE,'19-03-2022',105)),
(536,'3567950627852317',1560,4,CONVERT(DATE,'24-12-2021',105)),
(537,'3567950627852317',2270,81,CONVERT(DATE,'05-03-2022',105)),
(538,'3567950627852317',2080,44,CONVERT(DATE,'17-04-2022',105)),
(539,'3567950627852317',480,32,CONVERT(DATE,'10-01-2022',105)),
(540,'3567950627852317',1560,43,CONVERT(DATE,'07-02-2022',105)),
(541,'3568688788664829',1810,51,CONVERT(DATE,'24-12-2021',105)),
(542,'3568688788664829',410,60,CONVERT(DATE,'22-10-2022',105)),
(543,'3568688788664829',2410,79,CONVERT(DATE,'11-08-2021',105)),
(544,'3568739207341372',680,6,CONVERT(DATE,'25-04-2022',105)),
(545,'3568739207341372',1420,71,CONVERT(DATE,'30-04-2022',105)),
(546,'3568739207341372',260,80,CONVERT(DATE,'13-12-2022',105)),
(547,'3568739207341372',410,37,CONVERT(DATE,'04-07-2022',105)),
(548,'3568739207341372',1820,42,CONVERT(DATE,'15-09-2022',105)),
(549,'3569033561741479',2180,61,CONVERT(DATE,'14-09-2022',105)),
(550,'3569940716186238',2380,73,CONVERT(DATE,'19-09-2022',105)),
(551,'3569940716186238',480,26,CONVERT(DATE,'10-06-2022',105)),
(552,'3569940716186238',2420,40,CONVERT(DATE,'08-12-2022',105)),
(553,'3570660567240895',70,37,CONVERT(DATE,'24-04-2022',105)),
(554,'3570660567240895',1940,59,CONVERT(DATE,'14-05-2022',105)),
(555,'3570660567240895',1610,71,CONVERT(DATE,'28-04-2021',105)),
(556,'3570797197535920',1980,46,CONVERT(DATE,'19-07-2022',105)),
(557,'3570797197535920',2460,45,CONVERT(DATE,'13-01-2022',105)),
(558,'3571061771029993',760,32,CONVERT(DATE,'16-07-2022',105)),
(559,'3571061771029993',260,86,CONVERT(DATE,'17-10-2021',105)),
(560,'3571061771029993',720,8,CONVERT(DATE,'01-11-2022',105)),
(561,'3571061771029993',1860,11,CONVERT(DATE,'01-10-2022',105)),
(562,'3571392599113093',2320,48,CONVERT(DATE,'05-12-2022',105)),
(563,'3571392599113093',580,3,CONVERT(DATE,'09-08-2022',105)),
(564,'3571392599113093',150,80,CONVERT(DATE,'19-02-2022',105)),
(565,'3571614843598856',1250,62,CONVERT(DATE,'12-01-2023',105)),
(566,'3571614843598856',2160,84,CONVERT(DATE,'03-08-2022',105)),
(567,'3571614843598856',470,76,CONVERT(DATE,'23-06-2022',105)),
(568,'3571614843598856',1510,31,CONVERT(DATE,'13-10-2022',105)),
(569,'3571614843598856',1320,39,CONVERT(DATE,'14-07-2022',105)),
(570,'3571643759388101',2090,57,CONVERT(DATE,'07-02-2022',105)),
(571,'3571643759388101',1560,65,CONVERT(DATE,'23-11-2021',105)),
(572,'3571643759388101',2040,68,CONVERT(DATE,'30-07-2022',105)),
(573,'3571814317357884',2400,28,CONVERT(DATE,'19-06-2022',105)),
(574,'3571814317357884',1290,53,CONVERT(DATE,'23-01-2022',105)),
(575,'3571814317357884',230,15,CONVERT(DATE,'13-03-2022',105)),
(576,'3573016604085057',2250,42,CONVERT(DATE,'17-03-2022',105)),
(577,'3573016604085057',1060,76,CONVERT(DATE,'14-03-2022',105)),
(578,'3573016604085057',20,58,CONVERT(DATE,'25-11-2022',105)),
(579,'3573157562013853',1070,82,CONVERT(DATE,'22-08-2021',105)),
(580,'3573157562013853',1770,64,CONVERT(DATE,'08-09-2021',105)),
(581,'3573380930667206',460,80,CONVERT(DATE,'16-05-2022',105)),
(582,'3573911343562244',100,83,CONVERT(DATE,'09-12-2021',105)),
(583,'3573911343562244',1680,39,CONVERT(DATE,'03-07-2022',105)),
(584,'3573911343562244',2210,85,CONVERT(DATE,'15-11-2021',105)),
(585,'3573911343562244',1890,84,CONVERT(DATE,'28-12-2021',105)),
(586,'3573973616285515',580,64,CONVERT(DATE,'14-05-2021',105)),
(587,'3573973616285515',1770,51,CONVERT(DATE,'21-08-2022',105)),
(588,'3574144298800935',390,12,CONVERT(DATE,'03-09-2021',105)),
(589,'3574144298800935',20,8,CONVERT(DATE,'30-04-2021',105)),
(590,'3574144298800935',1930,44,CONVERT(DATE,'20-07-2021',105)),
(591,'3574236058941261',740,49,CONVERT(DATE,'03-09-2022',105)),
(592,'3574236058941261',220,36,CONVERT(DATE,'26-09-2021',105)),
(593,'3574236058941261',2210,86,CONVERT(DATE,'12-11-2021',105)),
(594,'3574236058941261',2140,69,CONVERT(DATE,'30-12-2022',105)),
(595,'3574341136776802',1650,33,CONVERT(DATE,'27-05-2022',105)),
(596,'3574341136776802',1630,12,CONVERT(DATE,'04-01-2023',105)),
(597,'3574341136776802',500,1,CONVERT(DATE,'06-05-2022',105)),
(598,'3574393632639570',1830,53,CONVERT(DATE,'31-12-2021',105)),
(599,'3574393632639570',1660,35,CONVERT(DATE,'17-05-2022',105)),
(600,'3574393632639570',2010,49,CONVERT(DATE,'24-08-2022',105)),
(601,'3574430646269877',920,37,CONVERT(DATE,'07-08-2022',105)),
(602,'3574430646269877',80,43,CONVERT(DATE,'21-12-2022',105)),
(603,'3574664327552736',1230,42,CONVERT(DATE,'31-03-2022',105)),
(604,'3574664327552736',1500,79,CONVERT(DATE,'09-12-2022',105)),
(605,'3574664327552736',830,55,CONVERT(DATE,'13-09-2022',105)),
(606,'3574664327552736',540,24,CONVERT(DATE,'23-03-2022',105)),
(607,'3574664327552736',1460,13,CONVERT(DATE,'07-10-2022',105)),
(608,'3574674846973685',1030,8,CONVERT(DATE,'26-09-2022',105)),
(609,'3574851367168305',1960,56,CONVERT(DATE,'28-08-2022',105)),
(610,'3574851367168305',1430,35,CONVERT(DATE,'26-11-2021',105)),
(611,'3574851367168305',230,50,CONVERT(DATE,'17-12-2022',105)),
(612,'3575024068202711',280,15,CONVERT(DATE,'14-09-2021',105)),
(613,'3575232728860733',330,67,CONVERT(DATE,'21-12-2022',105)),
(614,'3575232728860733',1580,48,CONVERT(DATE,'24-05-2022',105)),
(615,'3575232728860733',2380,82,CONVERT(DATE,'04-11-2022',105)),
(616,'3575519605762101',410,57,CONVERT(DATE,'14-08-2022',105)),
(617,'3575519605762101',730,40,CONVERT(DATE,'01-09-2022',105)),
(618,'3575551734142020',1240,67,CONVERT(DATE,'24-12-2021',105)),
(619,'3575551734142020',1660,26,CONVERT(DATE,'20-11-2021',105)),
(620,'3575587928104996',1310,37,CONVERT(DATE,'12-12-2022',105)),
(621,'3575587928104996',2430,39,CONVERT(DATE,'17-09-2022',105)),
(622,'3575587928104996',1750,51,CONVERT(DATE,'02-04-2022',105)),
(623,'3575587928104996',1440,11,CONVERT(DATE,'08-04-2022',105)),
(624,'3575587928104996',460,76,CONVERT(DATE,'28-08-2022',105)),
(625,'3576049661406996',1510,33,CONVERT(DATE,'30-11-2022',105)),
(626,'3576049661406996',2150,49,CONVERT(DATE,'02-06-2022',105)),
(627,'3576049661406996',1830,62,CONVERT(DATE,'01-11-2022',105)),
(628,'3576610069377319',890,26,CONVERT(DATE,'02-01-2022',105)),
(629,'3576610069377319',340,76,CONVERT(DATE,'22-01-2022',105)),
(630,'3576610069377319',1600,49,CONVERT(DATE,'25-05-2022',105)),
(631,'3576610069377319',1000,20,CONVERT(DATE,'11-03-2022',105)),
(632,'3576764137500459',1550,56,CONVERT(DATE,'12-05-2022',105)),
(633,'3577066630990073',780,33,CONVERT(DATE,'30-10-2021',105)),
(634,'3577066630990073',870,29,CONVERT(DATE,'05-09-2021',105)),
(635,'3577210518974979',310,60,CONVERT(DATE,'31-03-2022',105)),
(636,'3577210518974979',1770,81,CONVERT(DATE,'12-11-2022',105)),
(637,'3577210518974979',360,48,CONVERT(DATE,'04-03-2022',105)),
(638,'3577210518974979',2210,18,CONVERT(DATE,'06-03-2022',105)),
(639,'3577210518974979',2000,15,CONVERT(DATE,'26-04-2022',105)),
(640,'3577211324914126',1110,45,CONVERT(DATE,'06-12-2022',105)),
(641,'3577211324914126',1210,38,CONVERT(DATE,'15-04-2022',105)),
(642,'3577211324914126',2060,80,CONVERT(DATE,'06-10-2022',105)),
(643,'3577211324914126',940,16,CONVERT(DATE,'28-08-2022',105)),
(644,'3577211324914126',1690,11,CONVERT(DATE,'21-08-2022',105)),
(645,'3577792074504605',1750,24,CONVERT(DATE,'29-12-2021',105)),
(646,'3577792074504605',2070,64,CONVERT(DATE,'08-08-2022',105)),
(647,'3578105177031666',990,59,CONVERT(DATE,'12-11-2021',105)),
(648,'3578105177031666',2230,46,CONVERT(DATE,'30-07-2022',105)),
(649,'3578105177031666',860,44,CONVERT(DATE,'01-11-2022',105)),
(650,'3578105177031666',240,13,CONVERT(DATE,'05-11-2021',105)),
(651,'3578353177470910',1350,49,CONVERT(DATE,'10-01-2023',105)),
(652,'3578666434900506',50,9,CONVERT(DATE,'22-03-2022',105)),
(653,'3578666434900506',1850,5,CONVERT(DATE,'10-10-2021',105)),
(654,'3578666434900506',1750,66,CONVERT(DATE,'20-10-2021',105)),
(655,'3578666434900506',1090,44,CONVERT(DATE,'21-07-2022',105)),
(656,'3578666434900506',640,28,CONVERT(DATE,'03-11-2022',105)),
(657,'3579031528447311',1330,73,CONVERT(DATE,'22-07-2022',105)),
(658,'3579031528447311',1660,15,CONVERT(DATE,'07-11-2022',105)),
(659,'3579031528447311',500,44,CONVERT(DATE,'18-02-2022',105)),
(660,'3579031528447311',1220,73,CONVERT(DATE,'25-12-2022',105)),
(661,'3579377355297703',580,63,CONVERT(DATE,'30-09-2021',105)),
(662,'3579377355297703',2480,5,CONVERT(DATE,'26-04-2022',105)),
(663,'3579377355297703',910,63,CONVERT(DATE,'17-08-2022',105)),
(664,'3579377355297703',2400,33,CONVERT(DATE,'03-11-2022',105)),
(665,'3579377355297703',1390,69,CONVERT(DATE,'16-10-2021',105)),
(666,'3580115543266447',2120,59,CONVERT(DATE,'09-09-2022',105)),
(667,'3580115543266447',1320,63,CONVERT(DATE,'08-12-2022',105)),
(668,'3580408888742837',40,11,CONVERT(DATE,'06-07-2022',105)),
(669,'3580408888742837',1720,29,CONVERT(DATE,'28-06-2022',105)),
(670,'3580408888742837',20,18,CONVERT(DATE,'06-08-2022',105)),
(671,'3580408888742837',960,46,CONVERT(DATE,'28-05-2022',105)),
(672,'3580408888742837',600,46,CONVERT(DATE,'15-08-2022',105)),
(673,'3580673753187158',1100,11,CONVERT(DATE,'25-12-2022',105)),
(674,'3580673753187158',2480,13,CONVERT(DATE,'20-09-2022',105)),
(675,'3580877745030372',790,28,CONVERT(DATE,'10-12-2022',105)),
(676,'3580877745030372',520,8,CONVERT(DATE,'04-09-2022',105)),
(677,'3580877745030372',420,25,CONVERT(DATE,'05-07-2022',105)),
(678,'3580877745030372',1080,42,CONVERT(DATE,'12-10-2022',105)),
(679,'3580893207036021',1610,63,CONVERT(DATE,'21-12-2022',105)),
(680,'3580893207036021',240,59,CONVERT(DATE,'23-05-2022',105)),
(681,'3580893207036021',2410,56,CONVERT(DATE,'10-11-2022',105)),
(682,'3580893207036021',730,28,CONVERT(DATE,'05-12-2021',105)),
(683,'3580893207036021',1640,48,CONVERT(DATE,'18-08-2022',105)),
(684,'3581054556496048',1900,80,CONVERT(DATE,'13-12-2022',105)),
(685,'3581054556496048',1550,85,CONVERT(DATE,'04-10-2022',105)),
(686,'3581054556496048',1730,13,CONVERT(DATE,'26-09-2022',105)),
(687,'3581054556496048',2150,54,CONVERT(DATE,'29-05-2022',105)),
(688,'3581209164061929',50,81,CONVERT(DATE,'09-11-2022',105)),
(689,'3581209164061929',30,23,CONVERT(DATE,'06-09-2022',105)),
(690,'3581209164061929',860,71,CONVERT(DATE,'28-05-2022',105)),
(691,'3581209164061929',700,6,CONVERT(DATE,'29-09-2022',105)),
(692,'3581540990708865',1520,59,CONVERT(DATE,'23-10-2021',105)),
(693,'3581540990708865',1660,27,CONVERT(DATE,'20-11-2022',105)),
(694,'3581540990708865',1730,28,CONVERT(DATE,'01-09-2021',105)),
(695,'3582258343182402',2080,34,CONVERT(DATE,'15-05-2022',105)),
(696,'3582258343182402',60,32,CONVERT(DATE,'22-03-2022',105)),
(697,'3582258343182402',90,49,CONVERT(DATE,'04-01-2023',105)),
(698,'3582258343182402',1010,16,CONVERT(DATE,'24-10-2021',105)),
(699,'3582258343182402',1190,30,CONVERT(DATE,'22-04-2022',105)),
(700,'3582539562603800',390,67,CONVERT(DATE,'28-03-2022',105)),
(701,'3582539562603800',2230,47,CONVERT(DATE,'02-11-2022',105)),
(702,'3582539562603800',1340,69,CONVERT(DATE,'16-05-2022',105)),
(703,'3583578364934657',1940,33,CONVERT(DATE,'06-03-2021',105)),
(704,'3583578364934657',1340,71,CONVERT(DATE,'10-02-2022',105)),
(705,'3584103437984610',200,66,CONVERT(DATE,'13-10-2021',105)),
(706,'3584140514229402',1750,80,CONVERT(DATE,'17-09-2022',105)),
(707,'3584140514229402',40,21,CONVERT(DATE,'06-11-2022',105)),
(708,'3584628278295957',310,57,CONVERT(DATE,'12-01-2023',105)),
(709,'3584628278295957',1070,30,CONVERT(DATE,'11-03-2022',105)),
(710,'3584628278295957',190,31,CONVERT(DATE,'20-01-2022',105)),
(711,'3585287530211333',130,72,CONVERT(DATE,'01-04-2022',105)),
(712,'3585287530211333',1060,25,CONVERT(DATE,'27-01-2022',105)),
(713,'3585287530211333',2060,44,CONVERT(DATE,'23-02-2022',105)),
(714,'3585287530211333',810,60,CONVERT(DATE,'05-06-2022',105)),
(715,'3585287530211333',1970,58,CONVERT(DATE,'21-12-2022',105)),
(716,'3585310205153539',2030,85,CONVERT(DATE,'30-09-2021',105)),
(717,'3585310205153539',700,11,CONVERT(DATE,'21-02-2022',105)),
(718,'3585310205153539',2000,33,CONVERT(DATE,'27-07-2022',105)),
(719,'3585310205153539',280,34,CONVERT(DATE,'14-11-2021',105)),
(720,'3585310205153539',320,34,CONVERT(DATE,'30-10-2021',105)),
(721,'3585389241553134',0,64,CONVERT(DATE,'08-01-2022',105)),
(722,'3585389241553134',560,2,CONVERT(DATE,'14-09-2021',105)),
(723,'3585389241553134',2020,35,CONVERT(DATE,'07-10-2021',105)),
(724,'3585479703863566',860,10,CONVERT(DATE,'12-02-2022',105)),
(725,'3585479703863566',1560,10,CONVERT(DATE,'23-12-2022',105)),
(726,'3585750022489139',1310,65,CONVERT(DATE,'27-10-2022',105)),
(727,'3585750022489139',1760,19,CONVERT(DATE,'19-01-2022',105)),
(728,'3585750022489139',890,27,CONVERT(DATE,'19-07-2021',105)),
(729,'3585750022489139',650,38,CONVERT(DATE,'07-01-2022',105)),
(730,'3585750022489139',190,33,CONVERT(DATE,'11-06-2021',105)),
(731,'3587009563414289',1080,42,CONVERT(DATE,'21-07-2022',105)),
(732,'3587009563414289',100,46,CONVERT(DATE,'20-02-2022',105)),
(733,'3588458889501098',490,73,CONVERT(DATE,'10-08-2021',105)),
(734,'3588458889501098',710,78,CONVERT(DATE,'02-02-2022',105)),
(735,'3588458889501098',2030,58,CONVERT(DATE,'05-05-2021',105)),
(736,'3588458889501098',1410,83,CONVERT(DATE,'04-07-2021',105)),
(737,'3588711601876176',690,27,CONVERT(DATE,'05-12-2022',105)),
(738,'3588711601876176',960,69,CONVERT(DATE,'14-11-2021',105)),
(739,'3588711601876176',1590,70,CONVERT(DATE,'04-05-2022',105)),
(740,'3588711601876176',2070,51,CONVERT(DATE,'06-10-2022',105)),
(741,'3588711601876176',1810,35,CONVERT(DATE,'25-03-2022',105)),
(742,'3589510138564696',50,40,CONVERT(DATE,'13-08-2022',105)),
(743,'3589556676257920',1170,57,CONVERT(DATE,'06-04-2022',105)),
(744,'3589556676257920',1410,4,CONVERT(DATE,'06-11-2022',105)),
(745,'3589641674323286',260,5,CONVERT(DATE,'23-06-2022',105)),
(746,'3589641674323286',1500,29,CONVERT(DATE,'20-09-2022',105)),
(747,'3589641674323286',2000,11,CONVERT(DATE,'26-09-2022',105)),
(748,'3589641674323286',2150,33,CONVERT(DATE,'27-10-2022',105)),
(749,'3589646107363445',1950,16,CONVERT(DATE,'26-12-2021',105)),
(750,'3589646107363445',2130,59,CONVERT(DATE,'07-12-2021',105)),
(751,'3589646107363445',260,76,CONVERT(DATE,'06-02-2022',105)),
(752,'36197795928706',1760,30,CONVERT(DATE,'08-11-2021',105)),
(753,'36197795928706',1080,73,CONVERT(DATE,'03-12-2022',105)),
(754,'36197795928706',1610,21,CONVERT(DATE,'12-04-2022',105)),
(755,'36690731626616',2060,21,CONVERT(DATE,'09-07-2022',105)),
(756,'36690731626616',1110,29,CONVERT(DATE,'12-04-2022',105)),
(757,'36690731626616',240,83,CONVERT(DATE,'02-04-2022',105)),
(758,'36690731626616',1160,58,CONVERT(DATE,'03-01-2023',105)),
(759,'36991258804572',2460,70,CONVERT(DATE,'20-04-2022',105)),
(760,'371478217100832',1570,63,CONVERT(DATE,'04-03-2022',105)),
(761,'371478217100832',1810,19,CONVERT(DATE,'14-01-2022',105)),
(762,'371478217100832',1070,6,CONVERT(DATE,'30-10-2021',105)),
(763,'372301276774066',940,8,CONVERT(DATE,'23-03-2022',105)),
(764,'372301276774066',2270,13,CONVERT(DATE,'21-04-2022',105)),
(765,'372301276774066',1740,49,CONVERT(DATE,'21-12-2022',105)),
(766,'372301690933116',470,57,CONVERT(DATE,'12-12-2022',105)),
(767,'372301690933116',2150,40,CONVERT(DATE,'02-08-2022',105)),
(768,'372301690933116',2050,2,CONVERT(DATE,'18-07-2021',105)),
(769,'372301690933116',2100,40,CONVERT(DATE,'29-07-2022',105)),
(770,'372301690933116',1800,65,CONVERT(DATE,'04-07-2022',105)),
(771,'374283451677330',700,52,CONVERT(DATE,'19-11-2022',105)),
(772,'374283451677330',1820,24,CONVERT(DATE,'15-11-2022',105)),
(773,'374283451677330',2330,41,CONVERT(DATE,'04-09-2022',105)),
(774,'374283710655978',40,25,CONVERT(DATE,'01-04-2022',105)),
(775,'374283710655978',1340,80,CONVERT(DATE,'20-07-2022',105)),
(776,'374283710655978',1540,77,CONVERT(DATE,'25-09-2022',105)),
(777,'374283710655978',2220,46,CONVERT(DATE,'21-07-2022',105)),
(778,'374283710655978',1620,16,CONVERT(DATE,'20-08-2022',105)),
(779,'374283878441294',2190,53,CONVERT(DATE,'25-11-2021',105)),
(780,'374283878441294',920,52,CONVERT(DATE,'25-01-2022',105)),
(781,'374283878441294',1340,6,CONVERT(DATE,'22-08-2021',105)),
(782,'374283878441294',1310,48,CONVERT(DATE,'01-11-2021',105)),
(783,'374288548540334',900,2,CONVERT(DATE,'25-04-2022',105)),
(784,'374288548540334',1400,14,CONVERT(DATE,'26-05-2022',105)),
(785,'374288548540334',2290,28,CONVERT(DATE,'21-11-2022',105)),
(786,'374288548540334',40,28,CONVERT(DATE,'08-09-2022',105)),
(787,'374288548540334',1850,71,CONVERT(DATE,'03-10-2022',105)),
(788,'374288801323436',1780,79,CONVERT(DATE,'25-01-2022',105)),
(789,'374288801323436',680,32,CONVERT(DATE,'03-07-2022',105)),
(790,'374288887183001',2010,70,CONVERT(DATE,'29-04-2022',105)),
(791,'374288887183001',1410,81,CONVERT(DATE,'04-10-2021',105)),
(792,'374288887183001',600,36,CONVERT(DATE,'25-04-2022',105)),
(793,'374288887183001',1480,34,CONVERT(DATE,'15-12-2021',105)),
(794,'374622463716745',1860,68,CONVERT(DATE,'21-12-2021',105)),
(795,'374622463716745',130,36,CONVERT(DATE,'15-03-2022',105)),
(796,'374622463716745',530,43,CONVERT(DATE,'29-05-2022',105)),
(797,'376208042078316',150,71,CONVERT(DATE,'11-04-2022',105)),
(798,'376208042078316',1940,4,CONVERT(DATE,'23-12-2022',105)),
(799,'376208042078316',620,27,CONVERT(DATE,'14-07-2021',105)),
(800,'4017951322870830',1690,80,CONVERT(DATE,'16-11-2022',105)),
(801,'4017951322870830',1370,78,CONVERT(DATE,'26-07-2022',105)),
(802,'4017953136275818',2430,81,CONVERT(DATE,'08-08-2022',105)),
(803,'4017953136275818',2240,1,CONVERT(DATE,'24-09-2022',105)),
(804,'4017953976643471',1500,46,CONVERT(DATE,'09-04-2022',105)),
(805,'4017953976643471',1100,23,CONVERT(DATE,'28-08-2021',105)),
(806,'4017953976643471',2380,85,CONVERT(DATE,'08-07-2022',105)),
(807,'4017953976643471',1970,46,CONVERT(DATE,'11-04-2022',105)),
(808,'4026799844293570',2300,3,CONVERT(DATE,'16-12-2021',105)),
(809,'4026799844293570',1240,17,CONVERT(DATE,'31-10-2021',105)),
(810,'4026799844293570',1120,71,CONVERT(DATE,'21-07-2021',105)),
(811,'4026799844293570',860,52,CONVERT(DATE,'23-08-2022',105)),
(812,'4026846817407651',2130,18,CONVERT(DATE,'01-10-2022',105)),
(813,'4026846817407651',2130,3,CONVERT(DATE,'25-10-2022',105)),
(814,'4041370464128149',1110,24,CONVERT(DATE,'13-09-2021',105)),
(815,'4041370464128149',2490,22,CONVERT(DATE,'12-09-2021',105)),
(816,'4041370464128149',2290,1,CONVERT(DATE,'09-09-2021',105)),
(817,'4041370464128149',1280,53,CONVERT(DATE,'09-09-2021',105)),
(818,'4041370464128149',2220,60,CONVERT(DATE,'15-09-2021',105)),
(819,'4041591175763656',1760,48,CONVERT(DATE,'19-10-2022',105)),
(820,'4041591175763656',550,51,CONVERT(DATE,'29-07-2022',105)),
(821,'4041591175763656',710,65,CONVERT(DATE,'07-01-2022',105)),
(822,'4041591175763656',760,20,CONVERT(DATE,'08-10-2022',105)),
(823,'4041591480005009',2090,19,CONVERT(DATE,'02-05-2022',105)),
(824,'4041591480005009',380,68,CONVERT(DATE,'22-11-2022',105)),
(825,'4041591480005009',860,12,CONVERT(DATE,'21-12-2021',105)),
(826,'4041591480005009',1370,3,CONVERT(DATE,'12-12-2022',105)),
(827,'4041592949899248',880,36,CONVERT(DATE,'01-12-2022',105)),
(828,'4041592949899248',1760,8,CONVERT(DATE,'26-01-2022',105)),
(829,'4175002257416617',2400,25,CONVERT(DATE,'16-03-2022',105)),
(830,'4175002257416617',450,81,CONVERT(DATE,'28-09-2022',105)),
(831,'4175002257416617',1980,21,CONVERT(DATE,'16-11-2021',105)),
(832,'4175002257416617',1550,21,CONVERT(DATE,'01-09-2021',105)),
(833,'4175002257416617',1200,46,CONVERT(DATE,'23-10-2021',105)),
(834,'4175002363554905',2360,19,CONVERT(DATE,'26-07-2021',105)),
(835,'4175002363554905',690,82,CONVERT(DATE,'30-09-2022',105)),
(836,'4175002363554905',1520,6,CONVERT(DATE,'08-09-2022',105)),
(837,'4175002363554905',540,85,CONVERT(DATE,'14-09-2021',105)),
(838,'4175005092637503',150,29,CONVERT(DATE,'16-08-2022',105)),
(839,'4175007220957761',1900,42,CONVERT(DATE,'27-12-2022',105)),
(840,'4175007220957761',1100,23,CONVERT(DATE,'01-11-2021',105)),
(841,'4175007220957761',1960,49,CONVERT(DATE,'04-03-2022',105)),
(842,'4175007220957761',1390,27,CONVERT(DATE,'29-11-2021',105)),
(843,'4175007220957761',2490,71,CONVERT(DATE,'23-09-2021',105)),
(844,'4175008933060299',190,71,CONVERT(DATE,'06-10-2022',105)),
(845,'4175008933060299',1600,63,CONVERT(DATE,'02-12-2021',105)),
(846,'4175009407469511',530,43,CONVERT(DATE,'08-08-2022',105)),
(847,'4175009407469511',1860,10,CONVERT(DATE,'14-10-2022',105)),
(848,'4175009407469511',1760,55,CONVERT(DATE,'19-09-2022',105)),
(849,'4405851075872225',1620,46,CONVERT(DATE,'18-07-2021',105)),
(850,'4405851075872225',680,27,CONVERT(DATE,'02-05-2021',105)),
(851,'4508734851113285',220,29,CONVERT(DATE,'07-06-2021',105)),
(852,'4508734851113285',780,49,CONVERT(DATE,'24-07-2021',105)),
(853,'4508933649001469',500,72,CONVERT(DATE,'28-10-2021',105)),
(854,'4508933649001469',2320,38,CONVERT(DATE,'02-09-2022',105)),
(855,'4508933649001469',2250,47,CONVERT(DATE,'16-10-2021',105)),
(856,'4508933649001469',1070,51,CONVERT(DATE,'14-11-2022',105)),
(857,'4508933649001469',2280,8,CONVERT(DATE,'05-09-2022',105)),
(858,'4844799801048777',2090,54,CONVERT(DATE,'17-04-2022',105)),
(859,'4891152822522',230,72,CONVERT(DATE,'06-10-2021',105)),
(860,'4891152822522',1110,18,CONVERT(DATE,'22-12-2021',105)),
(861,'4891152822522',1810,4,CONVERT(DATE,'15-09-2021',105)),
(862,'4891152822522',830,73,CONVERT(DATE,'04-06-2022',105)),
(863,'4891152822522',800,86,CONVERT(DATE,'06-04-2021',105)),
(864,'4903538064476957152',2040,34,CONVERT(DATE,'29-07-2022',105)),
(865,'4903538064476957152',130,52,CONVERT(DATE,'20-09-2021',105)),
(866,'4903538064476957152',2490,1,CONVERT(DATE,'08-04-2022',105)),
(867,'4903538064476957152',1660,16,CONVERT(DATE,'11-11-2022',105)),
(868,'4903538064476957152',910,22,CONVERT(DATE,'12-07-2022',105)),
(869,'490512906359513746',2170,63,CONVERT(DATE,'04-11-2021',105)),
(870,'490512906359513746',150,8,CONVERT(DATE,'22-10-2021',105)),
(871,'490512906359513746',1090,9,CONVERT(DATE,'07-10-2021',105)),
(872,'490535834198647843',1020,71,CONVERT(DATE,'09-09-2022',105)),
(873,'490535834198647843',1370,24,CONVERT(DATE,'11-08-2021',105)),
(874,'490535834198647843',850,24,CONVERT(DATE,'12-11-2022',105)),
(875,'4905426434615041459',1830,63,CONVERT(DATE,'21-12-2022',105)),
(876,'4913255553549351',100,26,CONVERT(DATE,'20-03-2022',105)),
(877,'4913255553549351',820,46,CONVERT(DATE,'23-05-2021',105)),
(878,'4913255553549351',2100,83,CONVERT(DATE,'14-07-2022',105)),
(879,'4913255553549351',1310,56,CONVERT(DATE,'04-11-2021',105)),
(880,'4913496706825070',520,52,CONVERT(DATE,'24-11-2022',105)),
(881,'4913989043105958',240,46,CONVERT(DATE,'17-09-2022',105)),
(882,'4913989043105958',2010,4,CONVERT(DATE,'15-01-2022',105)),
(883,'4917199449935562',1760,78,CONVERT(DATE,'27-12-2022',105)),
(884,'4917199449935562',550,71,CONVERT(DATE,'29-09-2022',105)),
(885,'4917363302243338',2190,15,CONVERT(DATE,'08-08-2022',105)),
(886,'4917363302243338',2330,60,CONVERT(DATE,'05-10-2021',105)),
(887,'4917363302243338',1560,42,CONVERT(DATE,'28-04-2022',105)),
(888,'4917669978026983',690,65,CONVERT(DATE,'17-06-2022',105)),
(889,'4917669978026983',60,25,CONVERT(DATE,'10-03-2021',105)),
(890,'4917908874437062',310,80,CONVERT(DATE,'14-09-2022',105)),
(891,'4917908874437062',760,42,CONVERT(DATE,'04-12-2022',105)),
(892,'4917908874437062',2430,35,CONVERT(DATE,'04-02-2022',105)),
(893,'4917908874437062',1280,60,CONVERT(DATE,'23-10-2022',105)),
(894,'4924094525133',1000,37,CONVERT(DATE,'13-02-2022',105)),
(895,'4924094525133',1040,36,CONVERT(DATE,'06-04-2022',105)),
(896,'4936028390064290301',840,8,CONVERT(DATE,'13-06-2022',105)),
(897,'4936028390064290301',510,18,CONVERT(DATE,'02-08-2022',105)),
(898,'4936031850983889',1710,29,CONVERT(DATE,'08-08-2022',105)),
(899,'4936031850983889',90,13,CONVERT(DATE,'17-03-2022',105)),
(900,'4936031850983889',120,19,CONVERT(DATE,'19-10-2022',105)),
(901,'4936136691960130197',1280,39,CONVERT(DATE,'26-06-2022',105)),
(902,'4936136691960130197',850,39,CONVERT(DATE,'05-12-2022',105)),
(903,'4936136691960130197',1620,65,CONVERT(DATE,'09-05-2022',105)),
(904,'4936136691960130197',230,73,CONVERT(DATE,'27-09-2022',105)),
(905,'493651543509687982',490,70,CONVERT(DATE,'02-12-2021',105)),
(906,'493651543509687982',20,76,CONVERT(DATE,'05-11-2021',105)),
(907,'493651543509687982',1820,63,CONVERT(DATE,'26-10-2021',105)),
(908,'493651543509687982',2200,37,CONVERT(DATE,'21-11-2021',105)),
(909,'5002352740179686',560,83,CONVERT(DATE,'24-03-2022',105)),
(910,'5007661759192421',180,28,CONVERT(DATE,'31-07-2022',105)),
(911,'5007662396982240',1580,14,CONVERT(DATE,'26-01-2022',105)),
(912,'5007662396982240',470,68,CONVERT(DATE,'17-04-2022',105)),
(913,'5007662396982240',1480,70,CONVERT(DATE,'01-06-2022',105)),
(914,'5007662396982240',2290,29,CONVERT(DATE,'17-07-2022',105)),
(915,'5007662463671080',1130,61,CONVERT(DATE,'28-08-2022',105)),
(916,'5007662463671080',1560,43,CONVERT(DATE,'28-05-2022',105)),
(917,'5007663568060773',1740,75,CONVERT(DATE,'20-07-2021',105)),
(918,'5007663568060773',830,23,CONVERT(DATE,'27-12-2021',105)),
(919,'5007663568060773',910,82,CONVERT(DATE,'06-10-2021',105)),
(920,'5007663568060773',2370,53,CONVERT(DATE,'17-05-2022',105)),
(921,'5007663874216994',380,64,CONVERT(DATE,'23-04-2022',105)),
(922,'5007663874216994',590,2,CONVERT(DATE,'19-12-2021',105)),
(923,'5007663874216994',200,29,CONVERT(DATE,'22-01-2022',105)),
(924,'5007664904066359',1360,84,CONVERT(DATE,'13-04-2022',105)),
(925,'5007668428035360',340,46,CONVERT(DATE,'18-02-2022',105)),
(926,'5007668691876706',1540,51,CONVERT(DATE,'20-02-2022',105)),
(927,'5007668691876706',2140,17,CONVERT(DATE,'14-02-2022',105)),
(928,'5007668691876706',2000,50,CONVERT(DATE,'17-02-2022',105)),
(929,'5010120310092344',2170,51,CONVERT(DATE,'26-01-2022',105)),
(930,'5010122278903983',1000,9,CONVERT(DATE,'05-05-2022',105)),
(931,'5010122278903983',50,85,CONVERT(DATE,'19-11-2022',105)),
(932,'5010122278903983',1970,33,CONVERT(DATE,'10-05-2022',105)),
(933,'5010123535243734',340,69,CONVERT(DATE,'29-07-2021',105)),
(934,'5010123535243734',1470,42,CONVERT(DATE,'05-07-2021',105)),
(935,'5010123535243734',1810,57,CONVERT(DATE,'12-07-2021',105)),
(936,'5010124438475639',2010,30,CONVERT(DATE,'21-12-2021',105)),
(937,'5010124438475639',410,25,CONVERT(DATE,'22-12-2021',105)),
(938,'5010124438475639',1000,9,CONVERT(DATE,'23-04-2022',105)),
(939,'5018413101912508490',1450,22,CONVERT(DATE,'13-09-2021',105)),
(940,'5018413101912508490',620,6,CONVERT(DATE,'09-09-2021',105)),
(941,'5018413101912508490',1120,38,CONVERT(DATE,'06-09-2021',105)),
(942,'5018413101912508490',2100,77,CONVERT(DATE,'10-09-2021',105)),
(943,'5018413101912508490',1510,85,CONVERT(DATE,'13-09-2021',105)),
(944,'50184631578714243',930,71,CONVERT(DATE,'28-10-2021',105)),
(945,'50184631578714243',1750,32,CONVERT(DATE,'01-09-2021',105)),
(946,'5020740998434993',2060,57,CONVERT(DATE,'28-12-2022',105)),
(947,'5020740998434993',2170,65,CONVERT(DATE,'21-08-2022',105)),
(948,'5020740998434993',260,41,CONVERT(DATE,'04-04-2022',105)),
(949,'5020740998434993',1440,16,CONVERT(DATE,'23-11-2021',105)),
(950,'50208359548162556',1820,63,CONVERT(DATE,'10-09-2022',105)),
(951,'50208359548162556',1820,21,CONVERT(DATE,'21-03-2022',105)),
(952,'50208359548162556',530,32,CONVERT(DATE,'23-07-2021',105)),
(953,'503800593672470480',350,7,CONVERT(DATE,'08-05-2022',105)),
(954,'503800593672470480',1780,9,CONVERT(DATE,'14-08-2022',105)),
(955,'503800593672470480',1490,43,CONVERT(DATE,'16-10-2022',105)),
(956,'503800593672470480',2190,78,CONVERT(DATE,'24-07-2022',105)),
(957,'5038050721609766',1810,39,CONVERT(DATE,'23-07-2022',105)),
(958,'5038050721609766',330,60,CONVERT(DATE,'06-07-2022',105)),
(959,'5038050721609766',190,57,CONVERT(DATE,'24-12-2021',105)),
(960,'5038050721609766',1480,15,CONVERT(DATE,'29-07-2022',105)),
(961,'5038110163419684',1700,72,CONVERT(DATE,'08-05-2022',105)),
(962,'5038110163419684',2010,71,CONVERT(DATE,'08-04-2021',105)),
(963,'5038110163419684',1440,46,CONVERT(DATE,'17-05-2022',105)),
(964,'5038110163419684',2010,73,CONVERT(DATE,'22-05-2022',105)),
(965,'5038110163419684',1530,22,CONVERT(DATE,'25-09-2022',105)),
(966,'503820145758726032',1050,44,CONVERT(DATE,'21-11-2021',105)),
(967,'503820145758726032',1300,74,CONVERT(DATE,'17-10-2022',105)),
(968,'503820145758726032',460,43,CONVERT(DATE,'12-12-2022',105)),
(969,'503820145758726032',400,61,CONVERT(DATE,'02-02-2022',105)),
(970,'503846328185810252',400,54,CONVERT(DATE,'17-06-2021',105)),
(971,'503846328185810252',800,64,CONVERT(DATE,'18-06-2021',105)),
(972,'503846328185810252',180,69,CONVERT(DATE,'23-07-2021',105)),
(973,'503846328185810252',830,40,CONVERT(DATE,'30-06-2021',105)),
(974,'503867065155492265',130,6,CONVERT(DATE,'01-10-2022',105)),
(975,'5038740113738278',900,86,CONVERT(DATE,'20-09-2022',105)),
(976,'5048371680941778',2170,1,CONVERT(DATE,'29-03-2022',105)),
(977,'5048371680941778',1560,86,CONVERT(DATE,'19-06-2022',105)),
(978,'5048372469871707',1800,62,CONVERT(DATE,'11-07-2021',105)),
(979,'5048372469871707',40,47,CONVERT(DATE,'17-07-2021',105)),
(980,'5048372469871707',1850,30,CONVERT(DATE,'28-01-2022',105)),
(981,'5048376136491690',1510,32,CONVERT(DATE,'14-08-2022',105)),
(982,'5048376136491690',1440,50,CONVERT(DATE,'28-06-2022',105)),
(983,'5048376474635551',1350,56,CONVERT(DATE,'28-05-2022',105)),
(984,'5048376474635551',380,8,CONVERT(DATE,'18-09-2022',105)),
(985,'5048376474635551',1270,10,CONVERT(DATE,'01-01-2023',105)),
(986,'5048376474635551',1460,54,CONVERT(DATE,'10-08-2021',105)),
(987,'5048378993480048',230,1,CONVERT(DATE,'16-05-2021',105)),
(988,'5100135023838404',690,22,CONVERT(DATE,'30-01-2022',105)),
(989,'5100135658395506',1020,16,CONVERT(DATE,'08-09-2022',105)),
(990,'5100135658395506',1930,3,CONVERT(DATE,'09-07-2022',105)),
(991,'5100135658395506',130,23,CONVERT(DATE,'26-10-2022',105)),
(992,'5100135658395506',990,36,CONVERT(DATE,'19-12-2022',105)),
(993,'5100135658395506',270,70,CONVERT(DATE,'04-06-2022',105)),
(994,'5100136466129871',880,27,CONVERT(DATE,'29-11-2022',105)),
(995,'5100145056329478',330,46,CONVERT(DATE,'03-12-2022',105)),
(996,'5100145056329478',2460,53,CONVERT(DATE,'22-08-2022',105)),
(997,'5100145056329478',1270,5,CONVERT(DATE,'29-01-2022',105)),
(998,'5100147004086317',2030,60,CONVERT(DATE,'30-05-2022',105)),
(999,'5100147004086317',2130,26,CONVERT(DATE,'02-08-2022',105)),
(1000,'5100170414589449',510,42,CONVERT(DATE,'07-07-2022',105))
INSERT INTO [Deposits] VALUES
(1001,'5100170414589449',1920,75,CONVERT(DATE,'22-04-2022',105)),
(1002,'5100170414589449',950,55,CONVERT(DATE,'16-05-2022',105)),
(1003,'5100170422841238',2400,39,CONVERT(DATE,'25-04-2022',105)),
(1004,'5100170422841238',1640,73,CONVERT(DATE,'30-05-2021',105)),
(1005,'5100170422841238',260,6,CONVERT(DATE,'18-08-2021',105)),
(1006,'5100170422841238',420,46,CONVERT(DATE,'07-06-2022',105)),
(1007,'5100170422841238',1470,38,CONVERT(DATE,'19-01-2022',105)),
(1008,'5100171514854535',820,59,CONVERT(DATE,'17-08-2022',105)),
(1009,'5100171514854535',1410,21,CONVERT(DATE,'16-08-2021',105)),
(1010,'5100171514854535',2240,45,CONVERT(DATE,'10-05-2021',105)),
(1011,'5100172682771758',2470,56,CONVERT(DATE,'20-06-2022',105)),
(1012,'5100172682771758',1310,39,CONVERT(DATE,'23-07-2022',105)),
(1013,'5100172682771758',280,77,CONVERT(DATE,'29-08-2022',105)),
(1014,'5100172682771758',1540,39,CONVERT(DATE,'29-08-2022',105)),
(1015,'5100175311626657',1960,14,CONVERT(DATE,'20-05-2021',105)),
(1016,'5100175311626657',1750,63,CONVERT(DATE,'23-12-2022',105)),
(1017,'5100175311626657',340,52,CONVERT(DATE,'28-11-2022',105)),
(1018,'5100175311626657',2390,74,CONVERT(DATE,'04-02-2022',105)),
(1019,'5108750075338087',1870,40,CONVERT(DATE,'21-08-2021',105)),
(1020,'5108750075338087',2060,31,CONVERT(DATE,'23-11-2021',105)),
(1021,'5108750075338087',770,84,CONVERT(DATE,'28-05-2021',105)),
(1022,'5108752240480935',400,14,CONVERT(DATE,'25-01-2022',105)),
(1023,'5108752240480935',180,21,CONVERT(DATE,'14-09-2021',105)),
(1024,'5108752240480935',740,22,CONVERT(DATE,'04-07-2021',105)),
(1025,'5108752240480935',90,46,CONVERT(DATE,'06-04-2022',105)),
(1026,'5108752240480935',1420,29,CONVERT(DATE,'04-06-2022',105)),
(1027,'5108756596938008',1760,22,CONVERT(DATE,'16-07-2022',105)),
(1028,'5108756596938008',2270,50,CONVERT(DATE,'17-03-2022',105)),
(1029,'5108756596938008',2120,75,CONVERT(DATE,'11-08-2021',105)),
(1030,'5108756596938008',1400,1,CONVERT(DATE,'05-04-2022',105)),
(1031,'5108756596938008',2190,33,CONVERT(DATE,'07-09-2022',105)),
(1032,'5108757155064335',1960,66,CONVERT(DATE,'28-10-2021',105)),
(1033,'5108757155064335',860,66,CONVERT(DATE,'15-08-2022',105)),
(1034,'5108757155064335',1370,39,CONVERT(DATE,'06-03-2022',105)),
(1035,'5112376173452705',1660,62,CONVERT(DATE,'03-07-2022',105)),
(1036,'5112376173452705',2110,81,CONVERT(DATE,'08-11-2021',105)),
(1037,'5112376173452705',1610,24,CONVERT(DATE,'10-05-2022',105)),
(1038,'5112376173452705',390,1,CONVERT(DATE,'10-06-2022',105)),
(1039,'5137661735748273',1790,38,CONVERT(DATE,'30-12-2021',105)),
(1040,'5144878953176703',2330,63,CONVERT(DATE,'28-02-2022',105)),
(1041,'5144878953176703',290,65,CONVERT(DATE,'08-06-2022',105)),
(1042,'5146148763553915',1720,18,CONVERT(DATE,'07-12-2022',105)),
(1043,'5167992862040033',2310,44,CONVERT(DATE,'18-05-2022',105)),
(1044,'5167992862040033',1580,46,CONVERT(DATE,'23-09-2021',105)),
(1045,'5167992862040033',1320,65,CONVERT(DATE,'08-12-2022',105)),
(1046,'5221151192558784',1430,70,CONVERT(DATE,'28-10-2022',105)),
(1047,'5269572745814429',2300,44,CONVERT(DATE,'20-12-2021',105)),
(1048,'5269572745814429',2490,81,CONVERT(DATE,'12-07-2022',105)),
(1049,'5269572745814429',870,14,CONVERT(DATE,'11-07-2022',105)),
(1050,'5290687997575909',1860,10,CONVERT(DATE,'23-09-2022',105)),
(1051,'5290687997575909',320,34,CONVERT(DATE,'19-12-2021',105)),
(1052,'5410343059293883',1120,4,CONVERT(DATE,'03-09-2022',105)),
(1053,'5410343059293883',940,84,CONVERT(DATE,'02-09-2022',105)),
(1054,'5410343059293883',1500,22,CONVERT(DATE,'13-01-2023',105)),
(1055,'5410343059293883',1250,84,CONVERT(DATE,'05-10-2022',105)),
(1056,'5479180955914081',2050,51,CONVERT(DATE,'12-07-2022',105)),
(1057,'5479180955914081',1150,12,CONVERT(DATE,'15-12-2022',105)),
(1058,'5479180955914081',1470,26,CONVERT(DATE,'05-07-2022',105)),
(1059,'5479180955914081',1260,56,CONVERT(DATE,'07-06-2022',105)),
(1060,'5479180955914081',180,40,CONVERT(DATE,'07-09-2022',105)),
(1061,'5489581856353675',1240,3,CONVERT(DATE,'13-07-2022',105)),
(1062,'5489581856353675',1150,21,CONVERT(DATE,'16-04-2022',105)),
(1063,'5489581856353675',320,68,CONVERT(DATE,'12-12-2021',105)),
(1064,'5489581856353675',1630,46,CONVERT(DATE,'13-10-2022',105)),
(1065,'5508983801098859',2230,28,CONVERT(DATE,'07-08-2022',105)),
(1066,'5508983801098859',550,66,CONVERT(DATE,'15-09-2022',105)),
(1067,'5509951571829125',260,54,CONVERT(DATE,'19-04-2022',105)),
(1068,'5509951571829125',1410,53,CONVERT(DATE,'19-11-2021',105)),
(1069,'5509951571829125',1770,76,CONVERT(DATE,'16-08-2021',105)),
(1070,'5534464937243998',430,21,CONVERT(DATE,'27-05-2022',105)),
(1071,'5534464937243998',1920,85,CONVERT(DATE,'29-11-2022',105)),
(1072,'5534464937243998',2460,53,CONVERT(DATE,'01-09-2022',105)),
(1073,'5550115642427743',1830,70,CONVERT(DATE,'31-12-2022',105)),
(1074,'5550115642427743',1490,49,CONVERT(DATE,'11-04-2022',105)),
(1075,'5586602840946812',1820,42,CONVERT(DATE,'28-03-2021',105)),
(1076,'5586602840946812',1630,38,CONVERT(DATE,'12-05-2022',105)),
(1077,'5586602840946812',380,23,CONVERT(DATE,'20-03-2021',105)),
(1078,'5586602840946812',660,80,CONVERT(DATE,'21-03-2022',105)),
(1079,'5602212368880656',1480,66,CONVERT(DATE,'04-05-2022',105)),
(1080,'5602213295387682',260,52,CONVERT(DATE,'15-07-2022',105)),
(1081,'5602213295387682',1380,36,CONVERT(DATE,'07-07-2021',105)),
(1082,'5602213295387682',420,22,CONVERT(DATE,'28-08-2022',105)),
(1083,'5602213295387682',1450,34,CONVERT(DATE,'26-03-2021',105)),
(1084,'5602213295387682',2470,83,CONVERT(DATE,'27-10-2021',105)),
(1085,'5602214913961221',1610,37,CONVERT(DATE,'11-11-2021',105)),
(1086,'5602218678696641',340,13,CONVERT(DATE,'11-12-2022',105)),
(1087,'5602218678696641',600,23,CONVERT(DATE,'22-07-2022',105)),
(1088,'5602218678696641',980,55,CONVERT(DATE,'20-08-2022',105)),
(1089,'56022197697919900',1260,2,CONVERT(DATE,'08-04-2022',105)),
(1090,'56022197697919900',60,37,CONVERT(DATE,'17-12-2022',105)),
(1091,'56022197697919900',1980,85,CONVERT(DATE,'22-10-2022',105)),
(1092,'56022197697919900',620,31,CONVERT(DATE,'20-03-2022',105)),
(1093,'56022197697919900',2290,53,CONVERT(DATE,'25-08-2022',105)),
(1094,'5602220335291444',2110,17,CONVERT(DATE,'14-06-2022',105)),
(1095,'5602220335291444',1800,23,CONVERT(DATE,'25-04-2022',105)),
(1096,'5602221562485451',2360,54,CONVERT(DATE,'22-09-2022',105)),
(1097,'5602221562485451',1080,62,CONVERT(DATE,'22-10-2022',105)),
(1098,'5602221562485451',20,27,CONVERT(DATE,'03-02-2022',105)),
(1099,'5602221814850775',270,33,CONVERT(DATE,'04-05-2022',105)),
(1100,'5602223816517535',580,40,CONVERT(DATE,'16-06-2021',105)),
(1101,'5602223816517535',500,82,CONVERT(DATE,'05-09-2021',105)),
(1102,'5602223816517535',1740,74,CONVERT(DATE,'01-11-2021',105)),
(1103,'5602223816517535',2070,74,CONVERT(DATE,'23-07-2021',105)),
(1104,'5602223816517535',1630,4,CONVERT(DATE,'03-07-2021',105)),
(1105,'5602227143912723',460,6,CONVERT(DATE,'22-12-2021',105)),
(1106,'5602227143912723',1730,62,CONVERT(DATE,'28-05-2022',105)),
(1107,'5602227143912723',440,10,CONVERT(DATE,'25-05-2022',105)),
(1108,'5602227143912723',1730,56,CONVERT(DATE,'03-01-2022',105)),
(1109,'5602228333040291816',450,39,CONVERT(DATE,'29-06-2022',105)),
(1110,'5602228333040291816',780,81,CONVERT(DATE,'16-08-2022',105)),
(1111,'5602229771444508450',1220,8,CONVERT(DATE,'14-01-2022',105)),
(1112,'5602231806466985',1240,1,CONVERT(DATE,'01-01-2023',105)),
(1113,'5602231806466985',1830,3,CONVERT(DATE,'25-05-2021',105)),
(1114,'5602231806466985',280,55,CONVERT(DATE,'29-06-2021',105)),
(1115,'5602231806466985',770,61,CONVERT(DATE,'22-09-2022',105)),
(1116,'5602231806466985',600,47,CONVERT(DATE,'01-12-2021',105)),
(1117,'5602237600029556',1560,74,CONVERT(DATE,'19-12-2022',105)),
(1118,'5602237600029556',650,76,CONVERT(DATE,'09-12-2021',105)),
(1119,'5602241383625549',550,6,CONVERT(DATE,'05-09-2022',105)),
(1120,'5602241383625549',680,9,CONVERT(DATE,'24-08-2022',105)),
(1121,'5602241383625549',360,10,CONVERT(DATE,'27-12-2022',105)),
(1122,'5602241511548894',1530,16,CONVERT(DATE,'04-12-2022',105)),
(1123,'5602241511548894',350,52,CONVERT(DATE,'31-07-2022',105)),
(1124,'5602241511548894',1270,16,CONVERT(DATE,'04-12-2022',105)),
(1125,'5602241511548894',2410,80,CONVERT(DATE,'25-04-2022',105)),
(1126,'5602241511548894',1010,33,CONVERT(DATE,'16-02-2022',105)),
(1127,'56022430333252562',2080,17,CONVERT(DATE,'05-07-2021',105)),
(1128,'5602243091084732977',1770,65,CONVERT(DATE,'06-02-2022',105)),
(1129,'5602243091084732977',420,46,CONVERT(DATE,'11-11-2022',105)),
(1130,'5602243364303971',1040,67,CONVERT(DATE,'13-04-2021',105)),
(1131,'5602243364303971',1400,9,CONVERT(DATE,'11-12-2021',105)),
(1132,'5602243364303971',240,72,CONVERT(DATE,'08-04-2022',105)),
(1133,'5602243364303971',370,60,CONVERT(DATE,'29-12-2021',105)),
(1134,'5602243364303971',40,33,CONVERT(DATE,'21-10-2021',105)),
(1135,'56022434586346873',970,36,CONVERT(DATE,'09-11-2022',105)),
(1136,'5602244706896720337',950,35,CONVERT(DATE,'06-01-2022',105)),
(1137,'5602245322302652731',1520,47,CONVERT(DATE,'28-01-2022',105)),
(1138,'5602245322302652731',740,39,CONVERT(DATE,'27-05-2022',105)),
(1139,'5602247886487998',1670,8,CONVERT(DATE,'09-10-2021',105)),
(1140,'5602247886487998',700,43,CONVERT(DATE,'17-09-2021',105)),
(1141,'5602247886487998',1900,67,CONVERT(DATE,'24-12-2021',105)),
(1142,'5602251303356596',350,25,CONVERT(DATE,'16-09-2022',105)),
(1143,'5602251303356596',1670,83,CONVERT(DATE,'22-11-2021',105)),
(1144,'56022521221573505',2330,51,CONVERT(DATE,'17-11-2021',105)),
(1145,'56022521221573505',700,4,CONVERT(DATE,'16-12-2021',105)),
(1146,'56022521221573505',1780,40,CONVERT(DATE,'15-10-2021',105)),
(1147,'5602252148308313402',730,7,CONVERT(DATE,'14-12-2021',105)),
(1148,'5602254203535570510',400,42,CONVERT(DATE,'30-07-2022',105)),
(1149,'5602254203535570510',430,84,CONVERT(DATE,'13-11-2021',105)),
(1150,'56022552842899359',1530,70,CONVERT(DATE,'02-09-2022',105)),
(1151,'56022552842899359',360,74,CONVERT(DATE,'08-09-2022',105)),
(1152,'56022552842899359',2470,83,CONVERT(DATE,'25-07-2022',105)),
(1153,'56022552842899359',1600,26,CONVERT(DATE,'14-10-2022',105)),
(1154,'56022552842899359',250,68,CONVERT(DATE,'26-07-2022',105)),
(1155,'5602259369645018',610,15,CONVERT(DATE,'28-04-2021',105)),
(1156,'5602259369645018',930,26,CONVERT(DATE,'12-08-2021',105)),
(1157,'5610067228254421',630,59,CONVERT(DATE,'28-07-2022',105)),
(1158,'5610217921553807',1030,16,CONVERT(DATE,'02-02-2021',105)),
(1159,'5610217921553807',1200,9,CONVERT(DATE,'13-05-2021',105)),
(1160,'5610217921553807',860,13,CONVERT(DATE,'11-12-2022',105)),
(1161,'5610217921553807',2020,67,CONVERT(DATE,'27-12-2022',105)),
(1162,'5610386012516757',2170,81,CONVERT(DATE,'18-04-2022',105)),
(1163,'5610386012516757',2360,1,CONVERT(DATE,'17-05-2022',105)),
(1164,'5610386012516757',190,33,CONVERT(DATE,'11-01-2023',105)),
(1165,'5610448283291799',330,60,CONVERT(DATE,'17-03-2022',105)),
(1166,'5610448283291799',1730,8,CONVERT(DATE,'25-01-2022',105)),
(1167,'5610872536450813',320,1,CONVERT(DATE,'01-08-2022',105)),
(1168,'5610872536450813',2140,19,CONVERT(DATE,'27-12-2022',105)),
(1169,'5610872536450813',2270,1,CONVERT(DATE,'19-07-2022',105)),
(1170,'5610872536450813',1050,57,CONVERT(DATE,'10-01-2023',105)),
(1171,'5641829108019536',430,37,CONVERT(DATE,'27-11-2021',105)),
(1172,'5641829108019536',1610,8,CONVERT(DATE,'19-07-2022',105)),
(1173,'5641829108019536',550,83,CONVERT(DATE,'16-05-2022',105)),
(1174,'630400174515878968',500,55,CONVERT(DATE,'23-03-2022',105)),
(1175,'630400174515878968',2230,40,CONVERT(DATE,'26-12-2021',105)),
(1176,'630400174515878968',2450,16,CONVERT(DATE,'20-01-2022',105)),
(1177,'630415802112588969',2250,57,CONVERT(DATE,'17-10-2022',105)),
(1178,'630415802112588969',1060,65,CONVERT(DATE,'08-09-2022',105)),
(1179,'630415802112588969',1130,78,CONVERT(DATE,'20-02-2022',105)),
(1180,'630415802112588969',70,75,CONVERT(DATE,'23-10-2022',105)),
(1181,'630415802112588969',1060,76,CONVERT(DATE,'20-03-2022',105)),
(1182,'630466977812649846',1990,22,CONVERT(DATE,'21-05-2022',105)),
(1183,'630466977812649846',940,40,CONVERT(DATE,'12-07-2022',105)),
(1184,'630466977812649846',640,15,CONVERT(DATE,'30-12-2022',105)),
(1185,'630466977812649846',1760,21,CONVERT(DATE,'06-12-2022',105)),
(1186,'630466977812649846',890,73,CONVERT(DATE,'03-08-2022',105)),
(1187,'6304809399264781',1280,17,CONVERT(DATE,'14-12-2021',105)),
(1188,'6304809399264781',310,31,CONVERT(DATE,'06-05-2022',105)),
(1189,'6304809399264781',1720,40,CONVERT(DATE,'28-04-2022',105)),
(1190,'6304947984178421641',50,17,CONVERT(DATE,'16-08-2021',105)),
(1191,'6304947984178421641',160,46,CONVERT(DATE,'24-06-2021',105)),
(1192,'6331100471451695',1430,34,CONVERT(DATE,'30-08-2022',105)),
(1193,'6331100471451695',0,75,CONVERT(DATE,'28-05-2022',105)),
(1194,'6331100471451695',60,20,CONVERT(DATE,'24-02-2022',105)),
(1195,'6331100471451695',2400,42,CONVERT(DATE,'16-08-2022',105)),
(1196,'6331100747082383116',2020,79,CONVERT(DATE,'24-08-2022',105)),
(1197,'633110251712443179',570,71,CONVERT(DATE,'26-03-2022',105)),
(1198,'633110251712443179',380,20,CONVERT(DATE,'10-01-2022',105)),
(1199,'633110461488373316',1600,2,CONVERT(DATE,'28-07-2022',105)),
(1200,'633110461488373316',1670,80,CONVERT(DATE,'08-02-2022',105)),
(1201,'6331106450111040559',2130,65,CONVERT(DATE,'18-10-2022',105)),
(1202,'6331106450111040559',2110,3,CONVERT(DATE,'20-12-2022',105)),
(1203,'6331106450111040559',1260,40,CONVERT(DATE,'06-10-2022',105)),
(1204,'6331106450111040559',2080,18,CONVERT(DATE,'26-10-2022',105)),
(1205,'6331106450111040559',370,6,CONVERT(DATE,'11-09-2022',105)),
(1206,'6331106877678674',2050,32,CONVERT(DATE,'24-06-2022',105)),
(1207,'6331107991319781',580,57,CONVERT(DATE,'01-12-2021',105)),
(1208,'6331107991319781',180,10,CONVERT(DATE,'04-08-2022',105)),
(1209,'6331107991319781',260,50,CONVERT(DATE,'13-02-2022',105)),
(1210,'6331109721315501',790,69,CONVERT(DATE,'26-10-2022',105)),
(1211,'6331109900208395990',1670,58,CONVERT(DATE,'02-01-2022',105)),
(1212,'6331109900208395990',940,3,CONVERT(DATE,'29-05-2022',105)),
(1213,'6331109900208395990',1790,53,CONVERT(DATE,'20-05-2022',105)),
(1214,'6333245392947061',400,42,CONVERT(DATE,'30-10-2022',105)),
(1215,'6333260678108171',1620,39,CONVERT(DATE,'29-08-2021',105)),
(1216,'633375903429124944',2130,82,CONVERT(DATE,'28-01-2022',105)),
(1217,'6333981359979097518',500,81,CONVERT(DATE,'05-11-2022',105)),
(1218,'6333981359979097518',230,46,CONVERT(DATE,'25-07-2022',105)),
(1219,'6333981359979097518',540,12,CONVERT(DATE,'26-07-2022',105)),
(1220,'6333981359979097518',1940,49,CONVERT(DATE,'13-03-2022',105)),
(1221,'6333981359979097518',1440,15,CONVERT(DATE,'16-10-2022',105)),
(1222,'633400977879960162',70,32,CONVERT(DATE,'25-03-2022',105)),
(1223,'633400977879960162',440,34,CONVERT(DATE,'01-04-2022',105)),
(1224,'633400977879960162',540,78,CONVERT(DATE,'08-01-2022',105)),
(1225,'633421013118643727',2080,31,CONVERT(DATE,'02-05-2022',105)),
(1226,'633421013118643727',970,3,CONVERT(DATE,'03-06-2022',105)),
(1227,'633421013118643727',1170,55,CONVERT(DATE,'12-06-2022',105)),
(1228,'633421013118643727',2430,6,CONVERT(DATE,'24-06-2022',105)),
(1229,'633421013118643727',1620,1,CONVERT(DATE,'21-04-2022',105)),
(1230,'6370290067933537',2270,57,CONVERT(DATE,'02-10-2022',105)),
(1231,'6370290067933537',2370,28,CONVERT(DATE,'19-08-2021',105)),
(1232,'6370290067933537',1790,5,CONVERT(DATE,'12-09-2021',105)),
(1233,'6372142424651435',620,21,CONVERT(DATE,'06-04-2021',105)),
(1234,'6372142424651435',180,61,CONVERT(DATE,'16-04-2022',105)),
(1235,'6374543828470801',1170,38,CONVERT(DATE,'01-11-2021',105)),
(1236,'6374543828470801',2270,7,CONVERT(DATE,'29-05-2021',105)),
(1237,'6374543828470801',160,81,CONVERT(DATE,'15-06-2021',105)),
(1238,'6376426678029950',450,61,CONVERT(DATE,'04-12-2022',105)),
(1239,'6376426678029950',1160,66,CONVERT(DATE,'21-11-2022',105)),
(1240,'6376426678029950',1480,48,CONVERT(DATE,'15-03-2022',105)),
(1241,'6376426678029950',760,86,CONVERT(DATE,'22-12-2022',105)),
(1242,'6376426678029950',1400,2,CONVERT(DATE,'05-12-2021',105)),
(1243,'6380286951644840',500,18,CONVERT(DATE,'16-08-2022',105)),
(1244,'6381488148018818',2020,76,CONVERT(DATE,'13-01-2023',105)),
(1245,'6381488148018818',2340,69,CONVERT(DATE,'09-12-2022',105)),
(1246,'6381488148018818',1520,66,CONVERT(DATE,'26-11-2022',105)),
(1247,'6383086381009391',520,38,CONVERT(DATE,'16-07-2022',105)),
(1248,'6383086381009391',2190,80,CONVERT(DATE,'21-11-2022',105)),
(1249,'6383086381009391',980,32,CONVERT(DATE,'17-07-2022',105)),
(1250,'6384674598254485',470,65,CONVERT(DATE,'20-04-2021',105)),
(1251,'6384674598254485',2100,17,CONVERT(DATE,'30-05-2021',105)),
(1252,'6384674598254485',2230,18,CONVERT(DATE,'15-09-2021',105)),
(1253,'6384674598254485',1280,15,CONVERT(DATE,'19-05-2022',105)),
(1254,'6385599299408289',650,85,CONVERT(DATE,'23-01-2022',105)),
(1255,'6385599299408289',1430,49,CONVERT(DATE,'18-10-2022',105)),
(1256,'6386552051233865',1190,86,CONVERT(DATE,'29-12-2021',105)),
(1257,'6386552051233865',1180,83,CONVERT(DATE,'12-11-2021',105)),
(1258,'6391983312754527',2470,66,CONVERT(DATE,'27-11-2021',105)),
(1259,'6391983312754527',1320,52,CONVERT(DATE,'07-10-2021',105)),
(1260,'6391983312754527',1120,16,CONVERT(DATE,'07-10-2021',105)),
(1261,'6391983312754527',1460,36,CONVERT(DATE,'04-11-2021',105)),
(1262,'6392697644882868',240,85,CONVERT(DATE,'13-12-2022',105)),
(1263,'6393403339013169',580,58,CONVERT(DATE,'30-10-2021',105)),
(1264,'6393403339013169',950,68,CONVERT(DATE,'24-11-2021',105)),
(1265,'6393403339013169',1930,55,CONVERT(DATE,'23-11-2021',105)),
(1266,'6393403339013169',980,23,CONVERT(DATE,'11-03-2021',105)),
(1267,'6706190876729180',1640,84,CONVERT(DATE,'23-11-2022',105)),
(1268,'6706190876729180',1050,84,CONVERT(DATE,'16-07-2022',105)),
(1269,'6706190876729180',1800,73,CONVERT(DATE,'07-02-2022',105)),
(1270,'6706190876729180',760,12,CONVERT(DATE,'05-10-2022',105)),
(1271,'6706190876729180',1010,69,CONVERT(DATE,'31-03-2022',105)),
(1272,'6706517282942280',570,3,CONVERT(DATE,'12-08-2022',105)),
(1273,'6706517282942280',1660,31,CONVERT(DATE,'04-04-2022',105)),
(1274,'6706517282942280',50,58,CONVERT(DATE,'31-12-2021',105)),
(1275,'6706517282942280',2110,1,CONVERT(DATE,'14-03-2022',105)),
(1276,'670671603610193954',750,60,CONVERT(DATE,'08-10-2022',105)),
(1277,'6709547490708980',1260,70,CONVERT(DATE,'06-04-2022',105)),
(1278,'6709547490708980',1250,17,CONVERT(DATE,'22-11-2021',105)),
(1279,'6709547490708980',1410,7,CONVERT(DATE,'16-05-2021',105)),
(1280,'6709547490708980',380,73,CONVERT(DATE,'13-09-2022',105)),
(1281,'6709547490708980',750,67,CONVERT(DATE,'13-09-2021',105)),
(1282,'670961789007380152',1830,26,CONVERT(DATE,'21-02-2022',105)),
(1283,'670961789007380152',1930,7,CONVERT(DATE,'11-04-2022',105)),
(1284,'67097230789751506',1040,41,CONVERT(DATE,'04-06-2022',105)),
(1285,'67097230789751506',810,20,CONVERT(DATE,'13-10-2022',105)),
(1286,'67097230789751506',2090,26,CONVERT(DATE,'16-04-2022',105)),
(1287,'67097230789751506',1020,77,CONVERT(DATE,'03-12-2022',105)),
(1288,'6709747392658693',1970,77,CONVERT(DATE,'07-12-2021',105)),
(1289,'6759171730551302532',900,30,CONVERT(DATE,'08-10-2022',105)),
(1290,'6759171730551302532',1740,55,CONVERT(DATE,'19-11-2022',105)),
(1291,'6759171730551302532',1370,28,CONVERT(DATE,'17-12-2022',105)),
(1292,'6759171730551302532',1420,49,CONVERT(DATE,'25-07-2022',105)),
(1293,'6759171730551302532',1350,23,CONVERT(DATE,'07-07-2022',105)),
(1294,'6759219299794517',1600,56,CONVERT(DATE,'04-07-2022',105)),
(1295,'6759219299794517',1860,39,CONVERT(DATE,'25-12-2021',105)),
(1296,'6759219299794517',1760,38,CONVERT(DATE,'08-01-2022',105)),
(1297,'6759278077429969',2040,80,CONVERT(DATE,'06-01-2023',105)),
(1298,'6759278077429969',150,72,CONVERT(DATE,'02-08-2022',105)),
(1299,'6759278077429969',150,59,CONVERT(DATE,'02-10-2022',105)),
(1300,'6759278077429969',1470,37,CONVERT(DATE,'16-04-2022',105)),
(1301,'675935640797904986',420,67,CONVERT(DATE,'06-12-2022',105)),
(1302,'675940856916705939',350,12,CONVERT(DATE,'30-08-2021',105)),
(1303,'675940856916705939',1870,3,CONVERT(DATE,'25-12-2022',105)),
(1304,'675940856916705939',480,44,CONVERT(DATE,'28-01-2022',105)),
(1305,'6759479480860507',450,1,CONVERT(DATE,'09-01-2022',105)),
(1306,'6759479480860507',1530,1,CONVERT(DATE,'21-11-2021',105)),
(1307,'6759479480860507',2340,72,CONVERT(DATE,'14-01-2023',105)),
(1308,'6759791248221529806',390,1,CONVERT(DATE,'31-01-2022',105)),
(1309,'675986042527240443',1640,16,CONVERT(DATE,'05-08-2022',105)),
(1310,'67611729706410895',640,37,CONVERT(DATE,'19-10-2022',105)),
(1311,'6761258418333043',1410,35,CONVERT(DATE,'03-05-2022',105)),
(1312,'6761258418333043',1550,60,CONVERT(DATE,'06-10-2021',105)),
(1313,'6761258418333043',140,68,CONVERT(DATE,'20-11-2021',105)),
(1314,'676222519979772876',320,83,CONVERT(DATE,'17-08-2021',105)),
(1315,'676222519979772876',2320,42,CONVERT(DATE,'20-09-2021',105)),
(1316,'676222519979772876',650,14,CONVERT(DATE,'12-11-2021',105)),
(1317,'676222519979772876',1490,29,CONVERT(DATE,'21-04-2022',105)),
(1318,'67622767188193297',1920,74,CONVERT(DATE,'06-05-2022',105)),
(1319,'67622767188193297',700,18,CONVERT(DATE,'07-10-2022',105)),
(1320,'6762881516605159',1990,14,CONVERT(DATE,'09-11-2022',105)),
(1321,'6762881516605159',1060,43,CONVERT(DATE,'31-07-2022',105)),
(1322,'6762881516605159',20,52,CONVERT(DATE,'27-11-2022',105)),
(1323,'6762881516605159',1550,36,CONVERT(DATE,'22-04-2022',105)),
(1324,'67629884540120505',100,21,CONVERT(DATE,'22-10-2022',105)),
(1325,'67629884540120505',670,49,CONVERT(DATE,'11-06-2022',105)),
(1326,'67629884540120505',1650,8,CONVERT(DATE,'11-11-2022',105)),
(1327,'67629884540120505',980,14,CONVERT(DATE,'16-08-2022',105)),
(1328,'67629884540120505',20,43,CONVERT(DATE,'08-04-2022',105)),
(1329,'6762997204935219529',1790,47,CONVERT(DATE,'31-08-2022',105)),
(1330,'67631527148008863',1790,10,CONVERT(DATE,'31-10-2022',105)),
(1331,'67631527148008863',1390,52,CONVERT(DATE,'24-10-2022',105)),
(1332,'6763200761697226',200,85,CONVERT(DATE,'03-10-2022',105)),
(1333,'6763200761697226',690,24,CONVERT(DATE,'12-01-2022',105)),
(1334,'6763200761697226',560,57,CONVERT(DATE,'11-11-2022',105)),
(1335,'6763486701335736610',2320,81,CONVERT(DATE,'30-12-2021',105)),
(1336,'6763486701335736610',1330,60,CONVERT(DATE,'11-01-2022',105)),
(1337,'6763486701335736610',870,69,CONVERT(DATE,'09-09-2021',105)),
(1338,'676361386264687784',1380,67,CONVERT(DATE,'23-03-2021',105)),
(1339,'6763972705059396',280,74,CONVERT(DATE,'24-09-2021',105)),
(1340,'6763972705059396',1870,21,CONVERT(DATE,'18-07-2021',105)),
(1341,'6763972705059396',1360,75,CONVERT(DATE,'17-09-2021',105)),
(1342,'6763972705059396',1290,53,CONVERT(DATE,'31-07-2021',105)),
(1343,'6767194131657216',2250,44,CONVERT(DATE,'01-09-2022',105)),
(1344,'6767194131657216',650,61,CONVERT(DATE,'22-01-2022',105)),
(1345,'6767194131657216',230,26,CONVERT(DATE,'12-09-2022',105)),
(1346,'6767340925530751911',840,50,CONVERT(DATE,'16-10-2021',105)),
(1347,'6767340925530751911',1340,25,CONVERT(DATE,'03-07-2021',105)),
(1348,'6767340925530751911',790,27,CONVERT(DATE,'25-05-2022',105)),
(1349,'6767340925530751911',1400,70,CONVERT(DATE,'27-04-2021',105)),
(1350,'6767540646214366',1850,5,CONVERT(DATE,'17-12-2022',105)),
(1351,'6767540646214366',2370,23,CONVERT(DATE,'19-10-2022',105)),
(1352,'6767733260832950879',1320,64,CONVERT(DATE,'23-06-2022',105)),
(1353,'6767733260832950879',1340,9,CONVERT(DATE,'13-08-2022',105)),
(1354,'6767733260832950879',1400,35,CONVERT(DATE,'25-11-2021',105)),
(1355,'6767733260832950879',2060,56,CONVERT(DATE,'02-06-2022',105)),
(1356,'6767733260832950879',400,73,CONVERT(DATE,'31-08-2022',105)),
(1357,'6767827877857082',2360,20,CONVERT(DATE,'20-06-2021',105)),
(1358,'6767902773326522',690,72,CONVERT(DATE,'02-11-2021',105)),
(1359,'6767902773326522',1380,40,CONVERT(DATE,'29-10-2021',105)),
(1360,'6771162572428662052',610,58,CONVERT(DATE,'29-09-2022',105)),
(1361,'6771162572428662052',890,53,CONVERT(DATE,'07-08-2022',105)),
(1362,'6771162572428662052',2430,84,CONVERT(DATE,'22-06-2022',105)),
(1363,'6771162572428662052',150,64,CONVERT(DATE,'02-04-2022',105)),
(1364,'6771162572428662052',1930,52,CONVERT(DATE,'13-04-2022',105)),
(1365,'6771510211345444174',1750,24,CONVERT(DATE,'31-10-2021',105))

INSERT INTO [Withdraws] VALUES
(1,'6767733260832950879',80,64,CONVERT(DATE,'26-03-2022',105)),
(2,'6767733260832950879',590,52,CONVERT(DATE,'10-06-2022',105)),
(3,'6767733260832950879',560,44,CONVERT(DATE,'29-06-2022',105)),
(4,'6767733260832950879',520,9,CONVERT(DATE,'15-08-2022',105)),
(5,'3576049661406996',50,63,CONVERT(DATE,'12-10-2022',105)),
(6,'3576049661406996',1060,26,CONVERT(DATE,'28-11-2022',105)),
(7,'3568688788664829',630,78,CONVERT(DATE,'05-11-2021',105)),
(8,'3568688788664829',1330,73,CONVERT(DATE,'18-03-2022',105)),
(9,'3553394739569566',510,52,CONVERT(DATE,'19-01-2022',105)),
(10,'5610448283291799',540,52,CONVERT(DATE,'28-01-2022',105)),
(11,'3553394739569566',350,9,CONVERT(DATE,'07-03-2022',105)),
(12,'5610448283291799',870,5,CONVERT(DATE,'30-05-2022',105)),
(13,'3553394739569566',1600,30,CONVERT(DATE,'06-08-2022',105)),
(14,'5100135658395506',580,30,CONVERT(DATE,'23-08-2022',105)),
(15,'5100135658395506',330,75,CONVERT(DATE,'08-09-2022',105)),
(16,'5100135658395506',30,50,CONVERT(DATE,'18-12-2022',105)),
(17,'3532918720961576',330,82,CONVERT(DATE,'01-09-2021',105)),
(18,'56022521221573505',60,62,CONVERT(DATE,'26-10-2021',105)),
(19,'56022521221573505',950,2,CONVERT(DATE,'04-12-2021',105)),
(20,'56022521221573505',1120,49,CONVERT(DATE,'16-12-2021',105)),
(21,'3532918720961576',10,61,CONVERT(DATE,'23-04-2022',105)),
(22,'3561986651645009',1060,40,CONVERT(DATE,'09-10-2022',105)),
(23,'3550342781737824',160,19,CONVERT(DATE,'04-08-2022',105)),
(24,'3550342781737824',610,69,CONVERT(DATE,'30-10-2022',105)),
(25,'3550342781737824',200,68,CONVERT(DATE,'06-11-2022',105)),
(26,'503846328185810252',60,65,CONVERT(DATE,'17-06-2021',105)),
(27,'503846328185810252',160,80,CONVERT(DATE,'22-06-2021',105)),
(28,'503846328185810252',490,40,CONVERT(DATE,'30-06-2021',105)),
(29,'3536857301814422',220,46,CONVERT(DATE,'11-07-2021',105)),
(30,'3560533611043155',960,79,CONVERT(DATE,'09-09-2021',105)),
(31,'3536857301814422',860,13,CONVERT(DATE,'03-05-2022',105)),
(32,'3536857301814422',550,26,CONVERT(DATE,'24-08-2022',105)),
(33,'3560851130210885',380,68,CONVERT(DATE,'31-03-2022',105)),
(34,'3542083376979915',180,82,CONVERT(DATE,'23-03-2022',105)),
(35,'3542083376979915',400,2,CONVERT(DATE,'30-07-2022',105)),
(36,'3542083376979915',540,12,CONVERT(DATE,'11-11-2022',105)),
(37,'30242870366251',480,31,CONVERT(DATE,'27-04-2022',105)),
(38,'30242870366251',20,68,CONVERT(DATE,'27-04-2022',105)),
(39,'376208042078316',160,75,CONVERT(DATE,'20-12-2021',105)),
(40,'376208042078316',40,35,CONVERT(DATE,'12-12-2022',105)),
(41,'6771162572428662052',20,23,CONVERT(DATE,'03-04-2022',105)),
(42,'6771162572428662052',180,21,CONVERT(DATE,'21-04-2022',105)),
(43,'6771162572428662052',880,38,CONVERT(DATE,'17-07-2022',105)),
(44,'6771162572428662052',990,74,CONVERT(DATE,'27-08-2022',105)),
(45,'50208359548162556',10,65,CONVERT(DATE,'11-02-2022',105)),
(46,'50208359548162556',380,35,CONVERT(DATE,'26-03-2022',105)),
(47,'348550514742902',510,61,CONVERT(DATE,'31-07-2022',105)),
(48,'348550514742902',1750,85,CONVERT(DATE,'09-09-2022',105)),
(49,'50208359548162556',240,20,CONVERT(DATE,'09-10-2022',105)),
(50,'6759278077429969',30,52,CONVERT(DATE,'31-05-2022',105)),
(51,'6759278077429969',390,21,CONVERT(DATE,'07-09-2022',105)),
(52,'6759278077429969',460,58,CONVERT(DATE,'11-11-2022',105)),
(53,'374288548540334',290,75,CONVERT(DATE,'30-04-2022',105)),
(54,'374288548540334',670,19,CONVERT(DATE,'30-06-2022',105)),
(55,'374288548540334',510,30,CONVERT(DATE,'27-09-2022',105)),
(56,'374288548540334',150,48,CONVERT(DATE,'20-11-2022',105)),
(57,'3536108128898077',70,72,CONVERT(DATE,'12-06-2021',105)),
(58,'3536108128898077',150,18,CONVERT(DATE,'13-03-2022',105)),
(59,'3536108128898077',20,55,CONVERT(DATE,'02-09-2022',105)),
(60,'4917669978026983',10,3,CONVERT(DATE,'03-04-2021',105)),
(61,'5602243364303971',10,40,CONVERT(DATE,'16-06-2021',105)),
(62,'3558742752333580',650,47,CONVERT(DATE,'11-09-2021',105)),
(63,'5602243364303971',220,6,CONVERT(DATE,'30-10-2021',105)),
(64,'5602243364303971',690,42,CONVERT(DATE,'13-12-2021',105)),
(65,'5602243364303971',90,74,CONVERT(DATE,'18-01-2022',105)),
(66,'5602243364303971',1210,64,CONVERT(DATE,'28-05-2022',105)),
(67,'3568739207341372',100,55,CONVERT(DATE,'25-04-2022',105)),
(68,'3568739207341372',420,13,CONVERT(DATE,'02-05-2022',105)),
(69,'3568739207341372',480,42,CONVERT(DATE,'13-08-2022',105)),
(70,'3568739207341372',1230,59,CONVERT(DATE,'16-09-2022',105)),
(71,'374288887183001',390,24,CONVERT(DATE,'08-12-2021',105)),
(72,'374288887183001',110,14,CONVERT(DATE,'31-01-2022',105)),
(73,'374288887183001',530,10,CONVERT(DATE,'25-04-2022',105)),
(74,'374288887183001',1570,31,CONVERT(DATE,'28-08-2022',105)),
(75,'0604041071005273611',130,14,CONVERT(DATE,'05-04-2022',105)),
(76,'5269572745814429',170,85,CONVERT(DATE,'12-01-2022',105)),
(77,'3579031528447311',850,40,CONVERT(DATE,'10-03-2022',105)),
(78,'5602220335291444',780,17,CONVERT(DATE,'25-04-2022',105)),
(79,'5602220335291444',1000,81,CONVERT(DATE,'28-06-2022',105)),
(80,'5269572745814429',2360,18,CONVERT(DATE,'11-07-2022',105)),
(81,'5269572745814429',1290,50,CONVERT(DATE,'14-07-2022',105)),
(82,'3579031528447311',3650,73,CONVERT(DATE,'11-08-2022',105)),
(83,'3579031528447311',4040,40,CONVERT(DATE,'03-12-2022',105)),
(84,'3587009563414289',10,76,CONVERT(DATE,'05-06-2022',105)),
(85,'5602251303356596',20,24,CONVERT(DATE,'02-01-2022',105)),
(86,'67097230789751506',330,3,CONVERT(DATE,'27-05-2022',105)),
(87,'67097230789751506',480,32,CONVERT(DATE,'25-07-2022',105)),
(88,'5602251303356596',910,24,CONVERT(DATE,'09-10-2022',105)),
(89,'67097230789751506',1180,67,CONVERT(DATE,'01-12-2022',105)),
(90,'201927261126404',40,77,CONVERT(DATE,'03-04-2022',105)),
(91,'201927261126404',30,84,CONVERT(DATE,'12-07-2022',105)),
(92,'201927261126404',370,16,CONVERT(DATE,'28-07-2022',105)),
(93,'3575519605762101',110,18,CONVERT(DATE,'18-08-2022',105)),
(94,'3575519605762101',1790,48,CONVERT(DATE,'09-09-2022',105)),
(95,'3574430646269877',70,18,CONVERT(DATE,'11-08-2022',105)),
(96,'5146148763553915',60,1,CONVERT(DATE,'15-12-2022',105)),
(97,'6370290067933537',780,66,CONVERT(DATE,'23-08-2021',105)),
(98,'6370290067933537',360,44,CONVERT(DATE,'02-02-2022',105)),
(99,'30083460908890',240,28,CONVERT(DATE,'01-02-2022',105)),
(100,'30083460908890',470,5,CONVERT(DATE,'12-03-2022',105)),
(101,'30083460908890',910,25,CONVERT(DATE,'06-08-2022',105)),
(102,'5641829108019536',70,19,CONVERT(DATE,'15-03-2022',105)),
(103,'5641829108019536',220,51,CONVERT(DATE,'10-07-2022',105)),
(104,'5489581856353675',90,71,CONVERT(DATE,'02-03-2022',105)),
(105,'5489581856353675',110,45,CONVERT(DATE,'18-05-2022',105)),
(106,'5489581856353675',230,84,CONVERT(DATE,'18-07-2022',105)),
(107,'3556133444573829',560,19,CONVERT(DATE,'19-11-2021',105)),
(108,'3556133444573829',350,14,CONVERT(DATE,'09-01-2022',105)),
(109,'3556133444573829',310,86,CONVERT(DATE,'05-05-2022',105)),
(110,'4026846817407651',520,3,CONVERT(DATE,'02-10-2022',105)),
(111,'5002352740179686',50,16,CONVERT(DATE,'25-03-2022',105)),
(112,'3549323678371269',20,61,CONVERT(DATE,'17-04-2022',105)),
(113,'3549323678371269',250,38,CONVERT(DATE,'16-05-2022',105)),
(114,'6391983312754527',90,15,CONVERT(DATE,'07-10-2021',105)),
(115,'6391983312754527',370,18,CONVERT(DATE,'09-10-2021',105)),
(116,'6391983312754527',530,77,CONVERT(DATE,'20-11-2021',105)),
(117,'3574851367168305',370,1,CONVERT(DATE,'14-12-2021',105)),
(118,'3574851367168305',840,24,CONVERT(DATE,'08-10-2022',105)),
(119,'5602221562485451',160,46,CONVERT(DATE,'24-09-2022',105)),
(120,'5100170422841238',130,29,CONVERT(DATE,'14-06-2021',105)),
(121,'5100170422841238',290,6,CONVERT(DATE,'03-09-2021',105)),
(122,'5602247886487998',200,37,CONVERT(DATE,'30-09-2021',105)),
(123,'5602247886487998',760,16,CONVERT(DATE,'14-10-2021',105)),
(124,'5602247886487998',2030,17,CONVERT(DATE,'26-12-2021',105)),
(125,'5100170422841238',1460,41,CONVERT(DATE,'22-04-2022',105)),
(126,'5100170422841238',2720,41,CONVERT(DATE,'27-04-2022',105)),
(127,'3555556511347084',140,18,CONVERT(DATE,'02-07-2022',105)),
(128,'30437030911695',220,79,CONVERT(DATE,'08-07-2021',105)),
(129,'30437030911695',890,9,CONVERT(DATE,'13-02-2022',105)),
(130,'30437030911695',1230,3,CONVERT(DATE,'08-07-2022',105)),
(131,'5100172682771758',610,83,CONVERT(DATE,'21-06-2022',105)),
(132,'5100172682771758',260,12,CONVERT(DATE,'02-08-2022',105)),
(133,'5100172682771758',550,79,CONVERT(DATE,'29-08-2022',105)),
(134,'5100172682771758',950,65,CONVERT(DATE,'07-09-2022',105)),
(135,'3561016057060361',220,38,CONVERT(DATE,'22-09-2022',105)),
(136,'3561016057060361',470,81,CONVERT(DATE,'26-11-2022',105)),
(137,'3561016057060361',870,1,CONVERT(DATE,'09-12-2022',105)),
(138,'3561016057060361',450,18,CONVERT(DATE,'22-12-2022',105)),
(139,'4936136691960130197',270,75,CONVERT(DATE,'16-06-2022',105)),
(140,'4936136691960130197',60,64,CONVERT(DATE,'24-09-2022',105)),
(141,'4936136691960130197',160,9,CONVERT(DATE,'03-12-2022',105)),
(142,'3528241879383401',30,40,CONVERT(DATE,'10-04-2021',105)),
(143,'5020740998434993',130,53,CONVERT(DATE,'12-01-2022',105)),
(144,'5020740998434993',220,66,CONVERT(DATE,'15-05-2022',105)),
(145,'5020740998434993',530,52,CONVERT(DATE,'09-10-2022',105)),
(146,'6333981359979097518',450,74,CONVERT(DATE,'03-05-2022',105)),
(147,'6333981359979097518',680,70,CONVERT(DATE,'25-07-2022',105)),
(148,'6333981359979097518',620,3,CONVERT(DATE,'27-07-2022',105)),
(149,'6333981359979097518',360,40,CONVERT(DATE,'16-10-2022',105)),
(150,'4936028390064290301',200,33,CONVERT(DATE,'16-07-2022',105)),
(151,'4936028390064290301',240,34,CONVERT(DATE,'24-10-2022',105)),
(152,'675940856916705939',70,42,CONVERT(DATE,'11-09-2021',105)),
(153,'3584103437984610',10,33,CONVERT(DATE,'29-11-2021',105)),
(154,'675940856916705939',70,85,CONVERT(DATE,'29-11-2022',105)),
(155,'6393403339013169',110,37,CONVERT(DATE,'18-10-2021',105)),
(156,'6393403339013169',340,29,CONVERT(DATE,'16-11-2021',105)),
(157,'6393403339013169',860,85,CONVERT(DATE,'23-11-2021',105)),
(158,'3562871938426796',150,14,CONVERT(DATE,'28-12-2021',105)),
(159,'5602213295387682',60,14,CONVERT(DATE,'17-05-2021',105)),
(160,'5602213295387682',850,66,CONVERT(DATE,'03-08-2021',105)),
(161,'5602213295387682',1050,49,CONVERT(DATE,'16-01-2022',105)),
(162,'5602213295387682',880,16,CONVERT(DATE,'19-07-2022',105)),
(163,'372301276774066',70,57,CONVERT(DATE,'01-04-2022',105)),
(164,'372301276774066',360,43,CONVERT(DATE,'23-05-2022',105)),
(165,'6763972705059396',390,18,CONVERT(DATE,'29-07-2021',105)),
(166,'6763972705059396',110,27,CONVERT(DATE,'15-08-2021',105)),
(167,'6763972705059396',1150,42,CONVERT(DATE,'19-09-2021',105)),
(168,'3559147067805463',610,65,CONVERT(DATE,'11-04-2022',105)),
(169,'3559147067805463',170,26,CONVERT(DATE,'02-07-2022',105)),
(170,'201464450985689',1340,24,CONVERT(DATE,'13-08-2022',105)),
(171,'3559147067805463',1620,56,CONVERT(DATE,'06-12-2022',105)),
(172,'490535834198647843',40,84,CONVERT(DATE,'03-05-2022',105)),
(173,'490535834198647843',100,44,CONVERT(DATE,'29-09-2022',105)),
(174,'67629884540120505',140,63,CONVERT(DATE,'12-06-2022',105)),
(175,'67629884540120505',40,30,CONVERT(DATE,'12-10-2022',105)),
(176,'67629884540120505',120,4,CONVERT(DATE,'31-10-2022',105)),
(177,'5108752240480935',80,24,CONVERT(DATE,'29-08-2021',105)),
(178,'5108752240480935',240,83,CONVERT(DATE,'16-09-2021',105)),
(179,'3540066317225425',80,81,CONVERT(DATE,'03-01-2022',105)),
(180,'5108752240480935',430,74,CONVERT(DATE,'12-03-2022',105)),
(181,'5108752240480935',520,25,CONVERT(DATE,'17-05-2022',105)),
(182,'5108752240480935',510,37,CONVERT(DATE,'22-06-2022',105)),
(183,'3540066317225425',1970,7,CONVERT(DATE,'20-07-2022',105)),
(184,'3529793426069197',80,52,CONVERT(DATE,'06-06-2021',105)),
(185,'3529793426069197',220,45,CONVERT(DATE,'19-04-2022',105)),
(186,'3529793426069197',560,47,CONVERT(DATE,'18-10-2022',105)),
(187,'201935579571104',340,82,CONVERT(DATE,'16-09-2021',105)),
(188,'201935579571104',670,26,CONVERT(DATE,'12-12-2021',105)),
(189,'201935579571104',280,22,CONVERT(DATE,'07-01-2022',105)),
(190,'6767194131657216',180,13,CONVERT(DATE,'30-07-2022',105)),
(191,'6767194131657216',570,43,CONVERT(DATE,'04-09-2022',105)),
(192,'5010124438475639',390,36,CONVERT(DATE,'21-12-2021',105)),
(193,'5010124438475639',550,67,CONVERT(DATE,'02-01-2022',105)),
(194,'337941914151724',290,40,CONVERT(DATE,'12-05-2022',105)),
(195,'337941914151724',700,25,CONVERT(DATE,'02-08-2022',105)),
(196,'337941914151724',1260,65,CONVERT(DATE,'01-10-2022',105)),
(197,'337941914151724',2300,83,CONVERT(DATE,'07-12-2022',105)),
(198,'6761258418333043',210,73,CONVERT(DATE,'27-10-2021',105)),
(199,'5048376136491690',270,37,CONVERT(DATE,'25-07-2022',105)),
(200,'3585479703863566',150,69,CONVERT(DATE,'02-05-2022',105)),
(201,'3546529031304036',560,85,CONVERT(DATE,'29-06-2022',105)),
(202,'3532915747256956',350,5,CONVERT(DATE,'02-07-2022',105)),
(203,'3532915747256956',880,33,CONVERT(DATE,'16-09-2022',105)),
(204,'337941460841736',380,29,CONVERT(DATE,'09-10-2022',105)),
(205,'337941460841736',480,51,CONVERT(DATE,'26-11-2022',105)),
(206,'371478217100832',230,21,CONVERT(DATE,'16-11-2021',105)),
(207,'371478217100832',650,70,CONVERT(DATE,'25-02-2022',105)),
(208,'371478217100832',600,15,CONVERT(DATE,'17-08-2022',105)),
(209,'5100145056329478',110,86,CONVERT(DATE,'21-04-2022',105)),
(210,'5100145056329478',830,80,CONVERT(DATE,'25-10-2022',105)),
(211,'3555643814930319',680,40,CONVERT(DATE,'26-10-2021',105)),
(212,'3560594998942898',40,75,CONVERT(DATE,'06-07-2021',105)),
(213,'3560594998942898',710,17,CONVERT(DATE,'08-11-2021',105)),
(214,'3549108192254905',350,50,CONVERT(DATE,'09-08-2022',105)),
(215,'3549108192254905',330,69,CONVERT(DATE,'15-08-2022',105)),
(216,'3549108192254905',720,54,CONVERT(DATE,'13-10-2022',105)),
(217,'3549108192254905',1140,11,CONVERT(DATE,'05-12-2022',105)),
(218,'5007663874216994',80,69,CONVERT(DATE,'19-12-2021',105)),
(219,'3567950627852317',30,43,CONVERT(DATE,'25-12-2021',105)),
(220,'630400174515878968',890,3,CONVERT(DATE,'27-12-2021',105)),
(221,'3567950627852317',1240,21,CONVERT(DATE,'16-01-2022',105)),
(222,'630400174515878968',710,40,CONVERT(DATE,'21-01-2022',105)),
(223,'5007663874216994',30,44,CONVERT(DATE,'06-02-2022',105)),
(224,'3567950627852317',920,31,CONVERT(DATE,'13-02-2022',105)),
(225,'3567950627852317',3100,4,CONVERT(DATE,'21-03-2022',105)),
(226,'630400174515878968',1390,3,CONVERT(DATE,'23-03-2022',105)),
(227,'3567950627852317',2630,73,CONVERT(DATE,'22-04-2022',105)),
(228,'337941191346898',10,33,CONVERT(DATE,'08-02-2022',105)),
(229,'337941191346898',720,28,CONVERT(DATE,'10-06-2022',105)),
(230,'337941191346898',1020,68,CONVERT(DATE,'28-09-2022',105)),
(231,'337941191346898',410,5,CONVERT(DATE,'14-11-2022',105)),
(232,'3589641674323286',40,57,CONVERT(DATE,'03-08-2022',105)),
(233,'3589641674323286',320,86,CONVERT(DATE,'22-09-2022',105)),
(234,'3589641674323286',430,67,CONVERT(DATE,'19-10-2022',105)),
(235,'5007664904066359',360,78,CONVERT(DATE,'15-09-2022',105)),
(236,'3551790106466207',710,85,CONVERT(DATE,'29-11-2022',105)),
(237,'6763200761697226',40,42,CONVERT(DATE,'15-09-2022',105)),
(238,'6763200761697226',80,84,CONVERT(DATE,'19-10-2022',105)),
(239,'30338535439838',200,34,CONVERT(DATE,'04-12-2021',105)),
(240,'30338535439838',1070,78,CONVERT(DATE,'08-01-2022',105)),
(241,'30338535439838',290,10,CONVERT(DATE,'21-07-2022',105)),
(242,'30338535439838',1290,75,CONVERT(DATE,'01-09-2022',105)),
(243,'6386552051233865',80,13,CONVERT(DATE,'30-11-2021',105)),
(244,'6386552051233865',150,71,CONVERT(DATE,'10-03-2022',105)),
(245,'493651543509687982',40,86,CONVERT(DATE,'27-10-2021',105)),
(246,'493651543509687982',290,35,CONVERT(DATE,'15-11-2021',105)),
(247,'493651543509687982',1300,13,CONVERT(DATE,'01-12-2021',105)),
(248,'3543227276454094',150,62,CONVERT(DATE,'06-09-2021',105)),
(249,'3543227276454094',210,11,CONVERT(DATE,'14-04-2022',105)),
(250,'3563591453268030',220,5,CONVERT(DATE,'03-08-2022',105)),
(251,'3563591453268030',1230,8,CONVERT(DATE,'26-08-2022',105)),
(252,'3584140514229402',500,66,CONVERT(DATE,'25-09-2022',105)),
(253,'3563045436411696',90,76,CONVERT(DATE,'12-10-2022',105)),
(254,'5602223816517535',170,27,CONVERT(DATE,'16-06-2021',105)),
(255,'6304947984178421641',30,9,CONVERT(DATE,'26-06-2021',105)),
(256,'5602223816517535',680,83,CONVERT(DATE,'14-07-2021',105)),
(257,'5602223816517535',110,84,CONVERT(DATE,'03-08-2021',105)),
(258,'6304947984178421641',920,58,CONVERT(DATE,'27-08-2021',105)),
(259,'50184631578714243',1720,46,CONVERT(DATE,'02-09-2021',105)),
(260,'5602223816517535',2070,9,CONVERT(DATE,'02-10-2021',105)),
(261,'50184631578714243',150,4,CONVERT(DATE,'31-10-2021',105)),
(262,'3539415381991003',180,44,CONVERT(DATE,'01-05-2021',105)),
(263,'3539415381991003',230,34,CONVERT(DATE,'04-09-2021',105)),
(264,'3547567731135523',40,22,CONVERT(DATE,'05-02-2022',105)),
(265,'3547567731135523',90,1,CONVERT(DATE,'23-04-2022',105)),
(266,'3547567731135523',1330,35,CONVERT(DATE,'20-05-2022',105)),
(267,'3547567731135523',1220,73,CONVERT(DATE,'09-11-2022',105)),
(268,'36690731626616',70,83,CONVERT(DATE,'11-04-2022',105)),
(269,'36690731626616',440,65,CONVERT(DATE,'21-04-2022',105)),
(270,'36690731626616',20,61,CONVERT(DATE,'31-07-2022',105)),
(271,'343909198397190',270,85,CONVERT(DATE,'03-10-2022',105)),
(272,'343909198397190',150,21,CONVERT(DATE,'11-10-2022',105)),
(273,'30058474947456',850,64,CONVERT(DATE,'18-10-2022',105)),
(274,'30058474947456',870,13,CONVERT(DATE,'21-10-2022',105)),
(275,'343909198397190',1890,57,CONVERT(DATE,'24-10-2022',105)),
(276,'343909198397190',1870,35,CONVERT(DATE,'01-11-2022',105)),
(277,'3556834589748197',270,33,CONVERT(DATE,'03-08-2022',105)),
(278,'633400977879960162',130,34,CONVERT(DATE,'19-02-2022',105)),
(279,'633400977879960162',110,51,CONVERT(DATE,'29-03-2022',105)),
(280,'5144878953176703',300,41,CONVERT(DATE,'10-03-2022',105)),
(281,'374283710655978',700,21,CONVERT(DATE,'30-04-2022',105)),
(282,'5144878953176703',160,74,CONVERT(DATE,'27-06-2022',105)),
(283,'374283710655978',150,65,CONVERT(DATE,'20-07-2022',105)),
(284,'374283710655978',1370,3,CONVERT(DATE,'08-08-2022',105)),
(285,'374283710655978',1130,66,CONVERT(DATE,'01-09-2022',105)),
(286,'201807471240148',400,36,CONVERT(DATE,'06-12-2021',105)),
(287,'201807471240148',410,44,CONVERT(DATE,'08-01-2022',105)),
(288,'3551441891970884',20,6,CONVERT(DATE,'17-09-2021',105)),
(289,'3551441891970884',350,29,CONVERT(DATE,'27-12-2021',105)),
(290,'3551441891970884',60,17,CONVERT(DATE,'26-03-2022',105)),
(291,'3551441891970884',810,7,CONVERT(DATE,'01-08-2022',105)),
(292,'3588458889501098',180,31,CONVERT(DATE,'30-05-2021',105)),
(293,'3588458889501098',960,8,CONVERT(DATE,'19-07-2021',105)),
(294,'3588458889501098',180,8,CONVERT(DATE,'03-11-2021',105)),
(295,'3531461412798239',450,19,CONVERT(DATE,'24-12-2021',105)),
(296,'3531461412798239',880,84,CONVERT(DATE,'29-01-2022',105)),
(297,'3531461412798239',1510,86,CONVERT(DATE,'15-04-2022',105)),
(298,'3531461412798239',2000,29,CONVERT(DATE,'23-06-2022',105)),
(299,'5048372469871707',280,23,CONVERT(DATE,'16-07-2021',105)),
(300,'5048372469871707',560,76,CONVERT(DATE,'01-08-2021',105)),
(301,'3577066630990073',120,5,CONVERT(DATE,'07-09-2021',105)),
(302,'6763486701335736610',110,33,CONVERT(DATE,'12-09-2021',105)),
(303,'3577066630990073',750,44,CONVERT(DATE,'14-11-2021',105)),
(304,'6763486701335736610',1410,58,CONVERT(DATE,'08-01-2022',105)),
(305,'6763486701335736610',690,15,CONVERT(DATE,'23-01-2022',105)),
(306,'3582539562603800',10,77,CONVERT(DATE,'28-03-2022',105)),
(307,'3582539562603800',410,15,CONVERT(DATE,'22-05-2022',105)),
(308,'3563257295761885',80,7,CONVERT(DATE,'28-10-2021',105)),
(309,'3563257295761885',700,65,CONVERT(DATE,'24-01-2022',105)),
(310,'3563257295761885',340,67,CONVERT(DATE,'18-06-2022',105)),
(311,'4917363302243338',620,70,CONVERT(DATE,'26-02-2022',105)),
(312,'4917363302243338',70,32,CONVERT(DATE,'13-06-2022',105)),
(313,'4508933649001469',60,74,CONVERT(DATE,'27-10-2021',105)),
(314,'4508933649001469',620,23,CONVERT(DATE,'14-11-2021',105)),
(315,'3546116859654138',1180,7,CONVERT(DATE,'06-12-2021',105)),
(316,'3546116859654138',1700,76,CONVERT(DATE,'27-12-2021',105)),
(317,'3546116859654138',940,1,CONVERT(DATE,'01-04-2022',105)),
(318,'4041591175763656',2520,58,CONVERT(DATE,'27-08-2022',105)),
(319,'4508933649001469',800,79,CONVERT(DATE,'02-09-2022',105)),
(320,'4508933649001469',1060,36,CONVERT(DATE,'16-09-2022',105)),
(321,'4041591175763656',2780,53,CONVERT(DATE,'10-10-2022',105)),
(322,'4041591175763656',1190,36,CONVERT(DATE,'27-10-2022',105)),
(323,'3546116859654138',2730,33,CONVERT(DATE,'02-11-2022',105)),
(324,'3546116859654138',2370,13,CONVERT(DATE,'10-11-2022',105)),
(325,'3574236058941261',20,42,CONVERT(DATE,'29-09-2021',105)),
(326,'3574236058941261',70,25,CONVERT(DATE,'28-05-2022',105)),
(327,'3531499176825913',20,77,CONVERT(DATE,'01-09-2022',105)),
(328,'3574236058941261',300,16,CONVERT(DATE,'17-10-2022',105)),
(329,'3531499176825913',800,77,CONVERT(DATE,'30-10-2022',105)),
(330,'3565287306526876',70,25,CONVERT(DATE,'29-08-2021',105)),
(331,'3565287306526876',650,84,CONVERT(DATE,'12-03-2022',105)),
(332,'3565287306526876',720,52,CONVERT(DATE,'25-06-2022',105)),
(333,'3565287306526876',1460,24,CONVERT(DATE,'15-10-2022',105)),
(334,'3553021434179678',240,76,CONVERT(DATE,'27-08-2021',105)),
(335,'3585389241553134',640,45,CONVERT(DATE,'17-09-2021',105)),
(336,'3553021434179678',480,60,CONVERT(DATE,'05-10-2021',105)),
(337,'3585389241553134',290,1,CONVERT(DATE,'29-10-2021',105)),
(338,'3553021434179678',290,22,CONVERT(DATE,'16-12-2021',105)),
(339,'3553021434179678',2160,8,CONVERT(DATE,'06-01-2022',105)),
(340,'3585389241553134',180,38,CONVERT(DATE,'24-01-2022',105)),
(341,'3552367783051690',320,82,CONVERT(DATE,'20-09-2022',105)),
(342,'374622463716745',460,6,CONVERT(DATE,'13-02-2022',105)),
(343,'374622463716745',370,7,CONVERT(DATE,'17-03-2022',105)),
(344,'4175008933060299',230,11,CONVERT(DATE,'19-03-2022',105)),
(345,'201898839031204',10,32,CONVERT(DATE,'30-11-2021',105)),
(346,'201898839031204',310,76,CONVERT(DATE,'05-04-2022',105)),
(347,'201898839031204',540,63,CONVERT(DATE,'16-10-2022',105)),
(348,'3574664327552736',170,19,CONVERT(DATE,'29-03-2022',105)),
(349,'3546076970759473',600,50,CONVERT(DATE,'30-03-2022',105)),
(350,'3574664327552736',990,39,CONVERT(DATE,'05-05-2022',105)),
(351,'3546076970759473',1070,65,CONVERT(DATE,'17-05-2022',105)),
(352,'3546076970759473',1540,57,CONVERT(DATE,'12-09-2022',105)),
(353,'3574664327552736',1080,71,CONVERT(DATE,'01-10-2022',105)),
(354,'3574664327552736',2550,39,CONVERT(DATE,'07-10-2022',105)),
(355,'3546076970759473',1340,71,CONVERT(DATE,'06-12-2022',105)),
(356,'3574664327552736',1740,3,CONVERT(DATE,'12-12-2022',105)),
(357,'3581540990708865',140,81,CONVERT(DATE,'13-10-2021',105)),
(358,'3581540990708865',530,52,CONVERT(DATE,'25-12-2021',105)),
(359,'3580115543266447',160,34,CONVERT(DATE,'14-11-2022',105)),
(360,'5602259369645018',90,65,CONVERT(DATE,'12-05-2021',105)),
(361,'5602259369645018',210,32,CONVERT(DATE,'21-08-2021',105)),
(362,'30393985467417',400,51,CONVERT(DATE,'25-04-2022',105)),
(363,'5410343059293883',140,75,CONVERT(DATE,'02-09-2022',105)),
(364,'5410343059293883',310,55,CONVERT(DATE,'24-09-2022',105)),
(365,'5410343059293883',20,63,CONVERT(DATE,'17-11-2022',105)),
(366,'4924094525133',70,44,CONVERT(DATE,'26-02-2022',105)),
(367,'6709547490708980',450,20,CONVERT(DATE,'08-06-2021',105)),
(368,'6709547490708980',380,80,CONVERT(DATE,'02-10-2021',105)),
(369,'6709547490708980',280,21,CONVERT(DATE,'26-02-2022',105)),
(370,'6709547490708980',1360,79,CONVERT(DATE,'07-05-2022',105)),
(371,'3542046346225537',1390,36,CONVERT(DATE,'12-09-2022',105)),
(372,'6709547490708980',360,2,CONVERT(DATE,'24-10-2022',105)),
(373,'3574341136776802',100,81,CONVERT(DATE,'21-05-2022',105)),
(374,'3574341136776802',310,26,CONVERT(DATE,'19-11-2022',105)),
(375,'3556439484402054',130,21,CONVERT(DATE,'09-09-2021',105)),
(376,'3563572642250030',10,40,CONVERT(DATE,'17-03-2022',105)),
(377,'5048371680941778',610,13,CONVERT(DATE,'16-05-2022',105)),
(378,'5048371680941778',950,12,CONVERT(DATE,'26-06-2022',105)),
(379,'5602228333040291816',230,57,CONVERT(DATE,'29-06-2022',105)),
(380,'3563572642250030',70,74,CONVERT(DATE,'27-07-2022',105)),
(381,'5602228333040291816',930,39,CONVERT(DATE,'03-09-2022',105)),
(382,'3563572642250030',770,4,CONVERT(DATE,'13-09-2022',105)),
(383,'3563572642250030',2120,72,CONVERT(DATE,'20-11-2022',105)),
(384,'3571614843598856',110,47,CONVERT(DATE,'25-06-2022',105)),
(385,'3571614843598856',280,37,CONVERT(DATE,'30-07-2022',105)),
(386,'3571614843598856',1110,10,CONVERT(DATE,'08-09-2022',105)),
(387,'3571614843598856',450,4,CONVERT(DATE,'20-12-2022',105)),
(388,'630415802112588969',290,84,CONVERT(DATE,'05-03-2022',105)),
(389,'630415802112588969',210,84,CONVERT(DATE,'28-05-2022',105)),
(390,'630415802112588969',230,28,CONVERT(DATE,'08-10-2022',105)),
(391,'630415802112588969',410,52,CONVERT(DATE,'18-10-2022',105)),
(392,'5509951571829125',420,46,CONVERT(DATE,'20-08-2021',105)),
(393,'5509951571829125',380,48,CONVERT(DATE,'28-03-2022',105)),
(394,'5509951571829125',740,29,CONVERT(DATE,'01-05-2022',105)),
(395,'67622767188193297',420,79,CONVERT(DATE,'29-08-2022',105)),
(396,'5007663568060773',240,40,CONVERT(DATE,'04-08-2021',105)),
(397,'5007663568060773',420,12,CONVERT(DATE,'20-11-2021',105)),
(398,'5007663568060773',1060,44,CONVERT(DATE,'19-01-2022',105)),
(399,'4917908874437062',900,74,CONVERT(DATE,'25-03-2022',105)),
(400,'5007663568060773',720,59,CONVERT(DATE,'13-09-2022',105)),
(401,'4917908874437062',2520,55,CONVERT(DATE,'17-09-2022',105)),
(402,'4917908874437062',390,81,CONVERT(DATE,'25-11-2022',105)),
(403,'5038050721609766',30,68,CONVERT(DATE,'10-02-2022',105)),
(404,'5038050721609766',40,12,CONVERT(DATE,'10-07-2022',105)),
(405,'5038050721609766',580,72,CONVERT(DATE,'28-07-2022',105)),
(406,'3534778381727627',510,56,CONVERT(DATE,'17-03-2022',105)),
(407,'3534778381727627',370,68,CONVERT(DATE,'23-04-2022',105)),
(408,'3534778381727627',350,33,CONVERT(DATE,'22-05-2022',105)),
(409,'3534778381727627',1300,41,CONVERT(DATE,'21-07-2022',105)),
(410,'3543698021611347',130,5,CONVERT(DATE,'13-12-2021',105)),
(411,'3543698021611347',140,36,CONVERT(DATE,'16-06-2022',105)),
(412,'3536871701148885',250,28,CONVERT(DATE,'16-03-2022',105)),
(413,'3535979670682544',750,2,CONVERT(DATE,'17-03-2022',105)),
(414,'3535979670682544',110,54,CONVERT(DATE,'30-03-2022',105)),
(415,'3536871701148885',690,57,CONVERT(DATE,'17-05-2022',105)),
(416,'3535979670682544',1010,73,CONVERT(DATE,'02-07-2022',105)),
(417,'3536871701148885',1400,48,CONVERT(DATE,'26-07-2022',105)),
(418,'3535979670682544',1340,56,CONVERT(DATE,'14-11-2022',105)),
(419,'3536046119918928',60,86,CONVERT(DATE,'06-09-2021',105)),
(420,'5018413101912508490',350,73,CONVERT(DATE,'07-09-2021',105)),
(421,'3536046119918928',280,73,CONVERT(DATE,'08-09-2021',105)),
(422,'4041370464128149',1240,76,CONVERT(DATE,'09-09-2021',105)),
(423,'4041370464128149',100,9,CONVERT(DATE,'09-09-2021',105)),
(424,'5018413101912508490',3040,79,CONVERT(DATE,'09-09-2021',105)),
(425,'5018413101912508490',3420,76,CONVERT(DATE,'10-09-2021',105)),
(426,'3536046119918928',1430,80,CONVERT(DATE,'10-09-2021',105)),
(427,'4041370464128149',4670,59,CONVERT(DATE,'12-09-2021',105)),
(428,'5018413101912508490',800,3,CONVERT(DATE,'13-09-2021',105)),
(429,'3536046119918928',250,54,CONVERT(DATE,'13-09-2021',105)),
(430,'4041370464128149',3220,24,CONVERT(DATE,'13-09-2021',105)),
(431,'5018413101912508490',1390,31,CONVERT(DATE,'14-09-2021',105)),
(432,'5112376173452705',160,21,CONVERT(DATE,'27-11-2021',105)),
(433,'201637817749381',50,38,CONVERT(DATE,'20-01-2022',105)),
(434,'3565766718930313',250,56,CONVERT(DATE,'19-02-2022',105)),
(435,'3565766718930313',1150,53,CONVERT(DATE,'02-03-2022',105)),
(436,'3565766718930313',1050,67,CONVERT(DATE,'27-03-2022',105)),
(437,'201637817749381',2590,49,CONVERT(DATE,'16-04-2022',105)),
(438,'201637817749381',1180,54,CONVERT(DATE,'02-05-2022',105)),
(439,'5112376173452705',3920,78,CONVERT(DATE,'13-05-2022',105)),
(440,'201637817749381',2460,52,CONVERT(DATE,'20-05-2022',105)),
(441,'5112376173452705',3580,71,CONVERT(DATE,'11-06-2022',105)),
(442,'5112376173452705',2880,6,CONVERT(DATE,'07-11-2022',105)),
(443,'5586602840946812',30,51,CONVERT(DATE,'22-03-2021',105)),
(444,'5586602840946812',130,18,CONVERT(DATE,'22-04-2021',105)),
(445,'3570660567240895',880,26,CONVERT(DATE,'24-09-2021',105)),
(446,'5586602840946812',1430,31,CONVERT(DATE,'16-04-2022',105)),
(447,'3570660567240895',360,51,CONVERT(DATE,'08-05-2022',105)),
(448,'5586602840946812',820,60,CONVERT(DATE,'12-05-2022',105)),
(449,'3535306234789047',30,33,CONVERT(DATE,'05-04-2022',105)),
(450,'3535306234789047',280,45,CONVERT(DATE,'19-07-2022',105)),
(451,'4175002257416617',210,57,CONVERT(DATE,'16-10-2021',105)),
(452,'4175002257416617',780,21,CONVERT(DATE,'01-11-2021',105)),
(453,'4175002257416617',980,23,CONVERT(DATE,'08-02-2022',105)),
(454,'4175002257416617',2070,15,CONVERT(DATE,'27-04-2022',105)),
(455,'3567677630072431',1520,12,CONVERT(DATE,'08-08-2022',105)),
(456,'6331100471451695',10,48,CONVERT(DATE,'26-05-2022',105)),
(457,'6331100471451695',10,34,CONVERT(DATE,'27-07-2022',105)),
(458,'6331100471451695',310,68,CONVERT(DATE,'28-08-2022',105)),
(459,'6331100471451695',170,77,CONVERT(DATE,'28-09-2022',105)),
(460,'201780737200703',390,1,CONVERT(DATE,'14-02-2022',105)),
(461,'5007668691876706',270,41,CONVERT(DATE,'14-02-2022',105)),
(462,'201780737200703',1000,85,CONVERT(DATE,'16-02-2022',105)),
(463,'5007668691876706',2400,2,CONVERT(DATE,'17-02-2022',105)),
(464,'201780737200703',1350,71,CONVERT(DATE,'19-02-2022',105)),
(465,'3571061771029993',60,17,CONVERT(DATE,'09-02-2022',105)),
(466,'3571061771029993',430,19,CONVERT(DATE,'29-10-2022',105)),
(467,'633421013118643727',10,30,CONVERT(DATE,'22-04-2022',105)),
(468,'633421013118643727',150,79,CONVERT(DATE,'27-05-2022',105)),
(469,'633421013118643727',1540,16,CONVERT(DATE,'09-06-2022',105)),
(470,'633421013118643727',80,29,CONVERT(DATE,'14-06-2022',105)),
(471,'503800593672470480',840,49,CONVERT(DATE,'07-08-2022',105)),
(472,'503800593672470480',1090,25,CONVERT(DATE,'03-09-2022',105)),
(473,'3541520957231944',1800,32,CONVERT(DATE,'28-09-2022',105)),
(474,'3541520957231944',140,43,CONVERT(DATE,'11-10-2022',105)),
(475,'503800593672470480',2420,79,CONVERT(DATE,'20-10-2022',105)),
(476,'3539200020844700',20,60,CONVERT(DATE,'04-07-2022',105)),
(477,'3539200020844700',730,67,CONVERT(DATE,'08-07-2022',105)),
(478,'4913255553549351',260,65,CONVERT(DATE,'15-07-2021',105)),
(479,'4175002363554905',60,46,CONVERT(DATE,'31-08-2021',105)),
(480,'4175002363554905',670,72,CONVERT(DATE,'28-10-2021',105)),
(481,'4913255553549351',180,52,CONVERT(DATE,'24-11-2021',105)),
(482,'6759219299794517',2030,80,CONVERT(DATE,'30-12-2021',105)),
(483,'6759219299794517',1710,72,CONVERT(DATE,'20-01-2022',105)),
(484,'4913255553549351',240,33,CONVERT(DATE,'06-05-2022',105)),
(485,'6759219299794517',1240,15,CONVERT(DATE,'06-07-2022',105)),
(486,'4913255553549351',2710,10,CONVERT(DATE,'05-08-2022',105)),
(487,'4175002363554905',3420,23,CONVERT(DATE,'11-09-2022',105)),
(488,'6759171730551302532',380,78,CONVERT(DATE,'11-07-2022',105)),
(489,'6759171730551302532',690,23,CONVERT(DATE,'07-10-2022',105)),
(490,'6759171730551302532',160,86,CONVERT(DATE,'14-10-2022',105)),
(491,'6759171730551302532',1200,81,CONVERT(DATE,'02-12-2022',105)),
(492,'374283451677330',230,42,CONVERT(DATE,'20-09-2022',105)),
(493,'6767540646214366',820,51,CONVERT(DATE,'19-10-2022',105)),
(494,'374283451677330',2140,29,CONVERT(DATE,'16-11-2022',105)),
(495,'374283451677330',770,70,CONVERT(DATE,'21-11-2022',105)),
(496,'3556692059098273',40,77,CONVERT(DATE,'27-12-2021',105)),
(497,'3556692059098273',100,30,CONVERT(DATE,'14-08-2022',105)),
(498,'3556692059098273',280,1,CONVERT(DATE,'21-09-2022',105)),
(499,'3556692059098273',970,66,CONVERT(DATE,'11-10-2022',105)),
(500,'3536880409955343',170,68,CONVERT(DATE,'14-03-2022',105)),
(501,'3536880409955343',450,56,CONVERT(DATE,'30-04-2022',105)),
(502,'3536880409955343',1320,22,CONVERT(DATE,'25-12-2022',105)),
(503,'30363130279454',400,38,CONVERT(DATE,'06-12-2021',105)),
(504,'30363130279454',10,1,CONVERT(DATE,'03-06-2022',105)),
(505,'3555898894129089',260,71,CONVERT(DATE,'15-07-2021',105)),
(506,'5048376474635551',530,15,CONVERT(DATE,'14-08-2021',105)),
(507,'3555898894129089',800,5,CONVERT(DATE,'28-11-2021',105)),
(508,'3555898894129089',760,39,CONVERT(DATE,'13-05-2022',105)),
(509,'3555898894129089',750,45,CONVERT(DATE,'25-05-2022',105)),
(510,'5048376474635551',590,37,CONVERT(DATE,'11-07-2022',105)),
(511,'5048376474635551',2120,10,CONVERT(DATE,'05-10-2022',105)),
(512,'3543332239210060',50,44,CONVERT(DATE,'16-03-2022',105)),
(513,'3543332239210060',420,28,CONVERT(DATE,'02-05-2022',105)),
(514,'3571814317357884',390,24,CONVERT(DATE,'23-01-2022',105)),
(515,'5010120310092344',930,47,CONVERT(DATE,'10-02-2022',105)),
(516,'3571814317357884',510,34,CONVERT(DATE,'04-06-2022',105)),
(517,'3580877745030372',80,75,CONVERT(DATE,'24-07-2022',105)),
(518,'3580877745030372',140,50,CONVERT(DATE,'19-09-2022',105)),
(519,'3580877745030372',410,51,CONVERT(DATE,'04-11-2022',105)),
(520,'30272751883421',430,43,CONVERT(DATE,'12-08-2022',105)),
(521,'30272751883421',940,2,CONVERT(DATE,'17-09-2022',105)),
(522,'3540442159744098',80,36,CONVERT(DATE,'28-07-2022',105)),
(523,'3540442159744098',300,79,CONVERT(DATE,'01-08-2022',105)),
(524,'4936031850983889',710,2,CONVERT(DATE,'17-10-2022',105)),
(525,'4936031850983889',600,17,CONVERT(DATE,'20-11-2022',105)),
(526,'3580673753187158',490,32,CONVERT(DATE,'02-11-2022',105)),
(527,'4017953136275818',130,36,CONVERT(DATE,'12-09-2022',105)),
(528,'3577210518974979',470,64,CONVERT(DATE,'28-03-2022',105)),
(529,'3577210518974979',750,77,CONVERT(DATE,'09-04-2022',105)),
(530,'3577210518974979',1150,59,CONVERT(DATE,'11-06-2022',105)),
(531,'3589556676257920',120,49,CONVERT(DATE,'13-08-2022',105)),
(532,'6381488148018818',180,8,CONVERT(DATE,'26-12-2022',105)),
(533,'374288801323436',340,73,CONVERT(DATE,'14-05-2022',105)),
(534,'5610217921553807',70,43,CONVERT(DATE,'07-02-2021',105)),
(535,'30549324439546',650,73,CONVERT(DATE,'12-02-2021',105)),
(536,'5610217921553807',640,56,CONVERT(DATE,'28-02-2022',105)),
(537,'30549324439546',130,6,CONVERT(DATE,'20-06-2022',105)),
(538,'30549324439546',2170,74,CONVERT(DATE,'01-11-2022',105)),
(539,'30549324439546',1360,41,CONVERT(DATE,'18-11-2022',105)),
(540,'30549324439546',850,67,CONVERT(DATE,'10-12-2022',105)),
(541,'5610217921553807',1970,74,CONVERT(DATE,'14-12-2022',105)),
(542,'3588711601876176',220,75,CONVERT(DATE,'27-02-2022',105)),
(543,'3588711601876176',400,4,CONVERT(DATE,'02-05-2022',105)),
(544,'3588711601876176',510,80,CONVERT(DATE,'29-06-2022',105)),
(545,'3588711601876176',920,18,CONVERT(DATE,'22-11-2022',105)),
(546,'3570797197535920',90,37,CONVERT(DATE,'20-01-2022',105)),
(547,'3543194078824561',1510,18,CONVERT(DATE,'25-01-2022',105)),
(548,'5100135023838404',1820,17,CONVERT(DATE,'24-02-2022',105)),
(549,'3543194078824561',1370,76,CONVERT(DATE,'17-03-2022',105)),
(550,'3543194078824561',1860,3,CONVERT(DATE,'25-06-2022',105)),
(551,'3570797197535920',590,10,CONVERT(DATE,'05-10-2022',105)),
(552,'3543194078824561',1330,5,CONVERT(DATE,'04-01-2023',105)),
(553,'5602231806466985',270,41,CONVERT(DATE,'13-06-2021',105)),
(554,'5602231806466985',170,66,CONVERT(DATE,'06-11-2021',105)),
(555,'5602231806466985',500,33,CONVERT(DATE,'07-06-2022',105)),
(556,'5602231806466985',890,70,CONVERT(DATE,'04-11-2022',105)),
(557,'201925489518964',70,8,CONVERT(DATE,'14-02-2022',105)),
(558,'201683530275072',160,10,CONVERT(DATE,'14-06-2022',105)),
(559,'201683530275072',640,82,CONVERT(DATE,'15-08-2022',105)),
(560,'201925489518964',1380,53,CONVERT(DATE,'14-11-2022',105)),
(561,'633110461488373316',180,22,CONVERT(DATE,'22-06-2022',105)),
(562,'6385599299408289',200,82,CONVERT(DATE,'23-01-2022',105)),
(563,'670961789007380152',190,27,CONVERT(DATE,'11-03-2022',105)),
(564,'670961789007380152',250,29,CONVERT(DATE,'22-05-2022',105)),
(565,'5610872536450813',450,65,CONVERT(DATE,'31-07-2022',105)),
(566,'5610872536450813',90,73,CONVERT(DATE,'22-08-2022',105)),
(567,'5610872536450813',340,15,CONVERT(DATE,'31-12-2022',105)),
(568,'5108750075338087',160,1,CONVERT(DATE,'23-06-2021',105)),
(569,'5108750075338087',350,68,CONVERT(DATE,'02-10-2021',105)),
(570,'346887149054630',20,6,CONVERT(DATE,'15-04-2022',105)),
(571,'4903538064476957152',420,75,CONVERT(DATE,'06-07-2022',105)),
(572,'4903538064476957152',820,5,CONVERT(DATE,'15-07-2022',105)),
(573,'4903538064476957152',480,46,CONVERT(DATE,'13-08-2022',105)),
(574,'3539294115597349',50,50,CONVERT(DATE,'09-07-2022',105)),
(575,'3539294115597349',640,84,CONVERT(DATE,'21-09-2022',105)),
(576,'4175007220957761',430,80,CONVERT(DATE,'25-09-2021',105)),
(577,'4175007220957761',850,63,CONVERT(DATE,'01-11-2021',105)),
(578,'4175007220957761',1090,84,CONVERT(DATE,'13-12-2021',105)),
(579,'5602229771444508450',840,58,CONVERT(DATE,'17-02-2022',105)),
(580,'4175007220957761',1250,79,CONVERT(DATE,'29-09-2022',105)),
(581,'3580408888742837',50,57,CONVERT(DATE,'28-05-2022',105)),
(582,'5100147004086317',160,78,CONVERT(DATE,'19-06-2022',105)),
(583,'3580408888742837',630,34,CONVERT(DATE,'28-06-2022',105)),
(584,'3580408888742837',1170,10,CONVERT(DATE,'08-07-2022',105)),
(585,'5100147004086317',760,80,CONVERT(DATE,'03-08-2022',105)),
(586,'3580408888742837',910,35,CONVERT(DATE,'11-08-2022',105)),
(587,'3589646107363445',80,10,CONVERT(DATE,'14-12-2021',105)),
(588,'3589646107363445',1230,83,CONVERT(DATE,'05-01-2022',105)),
(589,'201694443691883',40,64,CONVERT(DATE,'09-04-2021',105)),
(590,'3545214934208144',270,42,CONVERT(DATE,'12-04-2021',105)),
(591,'3574144298800935',250,77,CONVERT(DATE,'15-05-2021',105)),
(592,'201694443691883',680,51,CONVERT(DATE,'16-05-2021',105)),
(593,'3545214934208144',1120,56,CONVERT(DATE,'11-06-2021',105)),
(594,'201694443691883',1250,11,CONVERT(DATE,'23-06-2021',105)),
(595,'0604208558230577674',1770,25,CONVERT(DATE,'17-07-2021',105)),
(596,'3574144298800935',1250,6,CONVERT(DATE,'15-08-2021',105)),
(597,'3555712824190303',340,59,CONVERT(DATE,'26-08-2021',105)),
(598,'3555712824190303',210,38,CONVERT(DATE,'05-06-2022',105)),
(599,'5610386012516757',540,19,CONVERT(DATE,'01-05-2022',105)),
(600,'5610386012516757',590,4,CONVERT(DATE,'02-08-2022',105)),
(601,'3559765878844429',400,82,CONVERT(DATE,'19-11-2021',105)),
(602,'490512906359513746',140,30,CONVERT(DATE,'16-10-2021',105)),
(603,'490512906359513746',220,31,CONVERT(DATE,'26-10-2021',105)),
(604,'5010123535243734',200,63,CONVERT(DATE,'10-07-2021',105)),
(605,'5010123535243734',650,56,CONVERT(DATE,'14-07-2021',105)),
(606,'5100170414589449',300,45,CONVERT(DATE,'07-05-2022',105)),
(607,'5100170414589449',270,6,CONVERT(DATE,'30-06-2022',105)),
(608,'3571392599113093',30,57,CONVERT(DATE,'08-10-2022',105)),
(609,'5602237600029556',70,57,CONVERT(DATE,'23-12-2021',105)),
(610,'6706517282942280',40,2,CONVERT(DATE,'03-03-2022',105)),
(611,'6706517282942280',480,48,CONVERT(DATE,'14-03-2022',105)),
(612,'6706517282942280',1210,18,CONVERT(DATE,'20-06-2022',105)),
(613,'6706517282942280',130,56,CONVERT(DATE,'21-09-2022',105)),
(614,'3541682108460002',490,61,CONVERT(DATE,'13-10-2022',105)),
(615,'3542513331087511',400,60,CONVERT(DATE,'28-08-2021',105)),
(616,'3542513331087511',1260,8,CONVERT(DATE,'06-10-2021',105)),
(617,'3542513331087511',1720,51,CONVERT(DATE,'28-12-2021',105)),
(618,'3533919127479005',970,11,CONVERT(DATE,'13-03-2022',105)),
(619,'3542513331087511',1730,80,CONVERT(DATE,'13-06-2022',105)),
(620,'3539066630670524',260,16,CONVERT(DATE,'15-06-2022',105)),
(621,'3539066630670524',90,1,CONVERT(DATE,'27-06-2022',105)),
(622,'3539066630670524',110,81,CONVERT(DATE,'10-07-2022',105)),
(623,'5602254203535570510',40,16,CONVERT(DATE,'28-01-2022',105)),
(624,'3585750022489139',40,84,CONVERT(DATE,'17-07-2021',105)),
(625,'3585750022489139',290,27,CONVERT(DATE,'15-09-2021',105)),
(626,'3585750022489139',10,36,CONVERT(DATE,'08-01-2022',105)),
(627,'3585750022489139',290,1,CONVERT(DATE,'01-06-2022',105)),
(628,'3571643759388101',430,39,CONVERT(DATE,'07-12-2021',105)),
(629,'6304809399264781',760,38,CONVERT(DATE,'16-12-2021',105)),
(630,'3576610069377319',380,31,CONVERT(DATE,'02-01-2022',105)),
(631,'3576610069377319',1220,30,CONVERT(DATE,'03-02-2022',105)),
(632,'3571643759388101',150,64,CONVERT(DATE,'14-02-2022',105)),
(633,'3576610069377319',1370,46,CONVERT(DATE,'26-03-2022',105)),
(634,'6304809399264781',2610,67,CONVERT(DATE,'29-04-2022',105)),
(635,'6304809399264781',2550,55,CONVERT(DATE,'06-05-2022',105)),
(636,'3576610069377319',2750,63,CONVERT(DATE,'25-07-2022',105)),
(637,'3547490595785665',30,40,CONVERT(DATE,'21-04-2021',105)),
(638,'3547490595785665',200,12,CONVERT(DATE,'20-05-2021',105)),
(639,'3547490595785665',590,48,CONVERT(DATE,'30-07-2021',105)),
(640,'3547490595785665',270,50,CONVERT(DATE,'05-03-2022',105)),
(641,'3567884420394112',20,14,CONVERT(DATE,'29-11-2021',105)),
(642,'3567884420394112',30,31,CONVERT(DATE,'24-02-2022',105)),
(643,'3567884420394112',220,74,CONVERT(DATE,'12-04-2022',105)),
(644,'3567884420394112',390,41,CONVERT(DATE,'14-09-2022',105)),
(645,'337941748367025',460,32,CONVERT(DATE,'30-12-2021',105)),
(646,'337941748367025',1100,10,CONVERT(DATE,'11-03-2022',105)),
(647,'337941748367025',1220,23,CONVERT(DATE,'01-06-2022',105)),
(648,'337941748367025',2070,84,CONVERT(DATE,'13-09-2022',105)),
(649,'3550949620549275',10,65,CONVERT(DATE,'08-05-2022',105)),
(650,'3550949620549275',530,12,CONVERT(DATE,'15-05-2022',105)),
(651,'3581209164061929',1180,86,CONVERT(DATE,'28-05-2022',105)),
(652,'3581054556496048',820,18,CONVERT(DATE,'30-05-2022',105)),
(653,'3550949620549275',1620,22,CONVERT(DATE,'31-05-2022',105)),
(654,'3581209164061929',780,75,CONVERT(DATE,'21-09-2022',105)),
(655,'3581054556496048',1060,23,CONVERT(DATE,'26-09-2022',105)),
(656,'3581209164061929',580,59,CONVERT(DATE,'02-10-2022',105)),
(657,'3581054556496048',1460,49,CONVERT(DATE,'01-11-2022',105)),
(658,'3581209164061929',3170,74,CONVERT(DATE,'21-11-2022',105)),
(659,'3581054556496048',1050,69,CONVERT(DATE,'13-12-2022',105)),
(660,'5602243091084732977',110,83,CONVERT(DATE,'28-03-2022',105)),
(661,'5550115642427743',760,81,CONVERT(DATE,'09-11-2022',105)),
(662,'5602243091084732977',1000,55,CONVERT(DATE,'27-12-2022',105)),
(663,'3566823768463551',60,24,CONVERT(DATE,'29-03-2022',105)),
(664,'3566823768463551',40,5,CONVERT(DATE,'03-04-2022',105)),
(665,'3566823768463551',320,86,CONVERT(DATE,'30-05-2022',105)),
(666,'6767340925530751911',80,59,CONVERT(DATE,'12-05-2021',105)),
(667,'6767340925530751911',530,26,CONVERT(DATE,'30-09-2021',105)),
(668,'6767340925530751911',690,73,CONVERT(DATE,'06-01-2022',105)),
(669,'3560589707443451',100,59,CONVERT(DATE,'22-10-2021',105)),
(670,'3560589707443451',990,27,CONVERT(DATE,'13-11-2021',105)),
(671,'3560589707443451',290,27,CONVERT(DATE,'25-11-2021',105)),
(672,'3560589707443451',1810,45,CONVERT(DATE,'03-02-2022',105)),
(673,'3544735881472078',450,28,CONVERT(DATE,'23-04-2022',105)),
(674,'4917199449935562',140,15,CONVERT(DATE,'18-12-2022',105)),
(675,'503820145758726032',80,35,CONVERT(DATE,'21-11-2021',105)),
(676,'503820145758726032',130,11,CONVERT(DATE,'09-03-2022',105)),
(677,'503820145758726032',140,62,CONVERT(DATE,'15-11-2022',105)),
(678,'5007662396982240',130,20,CONVERT(DATE,'13-02-2022',105)),
(679,'5007662396982240',440,63,CONVERT(DATE,'10-05-2022',105)),
(680,'5007662396982240',990,70,CONVERT(DATE,'09-07-2022',105)),
(681,'201884412108924',120,24,CONVERT(DATE,'07-07-2022',105)),
(682,'4175009407469511',420,10,CONVERT(DATE,'05-09-2022',105)),
(683,'4175009407469511',770,36,CONVERT(DATE,'02-10-2022',105)),
(684,'5007662463671080',90,44,CONVERT(DATE,'09-06-2022',105)),
(685,'3558152436514375',390,44,CONVERT(DATE,'07-07-2022',105)),
(686,'3558152436514375',1910,9,CONVERT(DATE,'24-08-2022',105)),
(687,'5007662463671080',50,66,CONVERT(DATE,'13-09-2022',105)),
(688,'3530390298801232',2170,66,CONVERT(DATE,'14-10-2022',105)),
(689,'3530390298801232',3250,5,CONVERT(DATE,'30-11-2022',105)),
(690,'3530390298801232',2870,49,CONVERT(DATE,'08-12-2022',105)),
(691,'3530390298801232',560,14,CONVERT(DATE,'17-12-2022',105)),
(692,'30587739757318',4150,41,CONVERT(DATE,'31-12-2022',105)),
(693,'5100171514854535',510,81,CONVERT(DATE,'07-08-2021',105)),
(694,'5100171514854535',600,9,CONVERT(DATE,'12-07-2022',105)),
(695,'374283878441294',100,83,CONVERT(DATE,'13-09-2021',105)),
(696,'374283878441294',270,47,CONVERT(DATE,'13-11-2021',105)),
(697,'374283878441294',870,3,CONVERT(DATE,'10-12-2021',105)),
(698,'6376426678029950',400,19,CONVERT(DATE,'15-02-2022',105)),
(699,'6376426678029950',50,76,CONVERT(DATE,'26-03-2022',105)),
(700,'6376426678029950',700,18,CONVERT(DATE,'30-11-2022',105)),
(701,'6376426678029950',710,31,CONVERT(DATE,'13-12-2022',105)),
(702,'6333260678108171',290,5,CONVERT(DATE,'30-08-2021',105)),
(703,'0604621349629116',240,61,CONVERT(DATE,'14-10-2021',105)),
(704,'0604621349629116',700,14,CONVERT(DATE,'07-06-2022',105)),
(705,'0604621349629116',520,38,CONVERT(DATE,'02-10-2022',105)),
(706,'3567625567263796',30,83,CONVERT(DATE,'28-10-2021',105)),
(707,'3567625567263796',810,44,CONVERT(DATE,'29-12-2021',105)),
(708,'3584628278295957',50,74,CONVERT(DATE,'05-02-2022',105)),
(709,'3584628278295957',400,42,CONVERT(DATE,'14-04-2022',105)),
(710,'5038110163419684',620,38,CONVERT(DATE,'18-05-2021',105)),
(711,'0604745800328270',240,86,CONVERT(DATE,'28-07-2021',105)),
(712,'0604745800328270',610,65,CONVERT(DATE,'07-03-2022',105)),
(713,'0604745800328270',890,36,CONVERT(DATE,'11-04-2022',105)),
(714,'5602212368880656',1790,33,CONVERT(DATE,'05-05-2022',105)),
(715,'5038110163419684',2290,4,CONVERT(DATE,'12-05-2022',105)),
(716,'5038110163419684',200,55,CONVERT(DATE,'21-05-2022',105)),
(717,'5038110163419684',2230,5,CONVERT(DATE,'28-07-2022',105)),
(718,'5038110163419684',1250,56,CONVERT(DATE,'20-11-2022',105)),
(719,'3562070516496210',10,42,CONVERT(DATE,'05-09-2021',105)),
(720,'3580893207036021',110,76,CONVERT(DATE,'11-04-2022',105)),
(721,'3580893207036021',30,65,CONVERT(DATE,'04-07-2022',105)),
(722,'3580893207036021',10,58,CONVERT(DATE,'15-10-2022',105)),
(723,'3580893207036021',1050,66,CONVERT(DATE,'24-11-2022',105)),
(724,'3528434935236016',120,85,CONVERT(DATE,'04-12-2021',105)),
(725,'3528434935236016',730,15,CONVERT(DATE,'15-12-2021',105)),
(726,'3543693756710794',1140,8,CONVERT(DATE,'24-12-2021',105)),
(727,'3528434935236016',110,44,CONVERT(DATE,'08-03-2022',105)),
(728,'3543693756710794',1010,63,CONVERT(DATE,'02-06-2022',105)),
(729,'3543693756710794',620,16,CONVERT(DATE,'28-07-2022',105)),
(730,'3528434935236016',2000,50,CONVERT(DATE,'29-08-2022',105)),
(731,'3528434935236016',2220,34,CONVERT(DATE,'17-11-2022',105)),
(732,'3558984929137706',440,54,CONVERT(DATE,'01-09-2021',105)),
(733,'3558984929137706',60,11,CONVERT(DATE,'28-08-2022',105)),
(734,'201460557761601',450,55,CONVERT(DATE,'23-06-2021',105)),
(735,'201460557761601',650,4,CONVERT(DATE,'26-06-2021',105)),
(736,'3550002078422221',1710,49,CONVERT(DATE,'26-06-2021',105)),
(737,'3550002078422221',2150,83,CONVERT(DATE,'29-06-2021',105)),
(738,'201460557761601',2530,14,CONVERT(DATE,'05-07-2021',105)),
(739,'3550002078422221',950,80,CONVERT(DATE,'11-07-2021',105)),
(740,'3550002078422221',2970,77,CONVERT(DATE,'16-07-2021',105)),
(741,'201460557761601',1440,21,CONVERT(DATE,'17-07-2021',105)),
(742,'4017951322870830',440,44,CONVERT(DATE,'03-10-2022',105)),
(743,'3536826050906440',280,20,CONVERT(DATE,'17-01-2022',105)),
(744,'3536826050906440',590,21,CONVERT(DATE,'03-03-2022',105)),
(745,'3536826050906440',490,41,CONVERT(DATE,'14-04-2022',105)),
(746,'633110251712443179',40,85,CONVERT(DATE,'10-01-2022',105)),
(747,'3577792074504605',140,52,CONVERT(DATE,'13-04-2022',105)),
(748,'5167992862040033',390,67,CONVERT(DATE,'27-03-2022',105)),
(749,'5167992862040033',700,63,CONVERT(DATE,'22-08-2022',105)),
(750,'3552214792903331',20,18,CONVERT(DATE,'13-11-2022',105)),
(751,'3552214792903331',180,65,CONVERT(DATE,'08-12-2022',105)),
(752,'3585287530211333',70,36,CONVERT(DATE,'15-02-2022',105)),
(753,'3585287530211333',360,34,CONVERT(DATE,'08-03-2022',105)),
(754,'3585287530211333',940,48,CONVERT(DATE,'03-05-2022',105)),
(755,'3585287530211333',880,8,CONVERT(DATE,'20-09-2022',105)),
(756,'3552407928105017',260,15,CONVERT(DATE,'13-07-2022',105)),
(757,'56022552842899359',1060,29,CONVERT(DATE,'25-07-2022',105)),
(758,'56022552842899359',960,86,CONVERT(DATE,'31-07-2022',105)),
(759,'56022552842899359',1110,35,CONVERT(DATE,'05-09-2022',105)),
(760,'56022552842899359',370,54,CONVERT(DATE,'30-09-2022',105)),
(761,'3552407928105017',1850,29,CONVERT(DATE,'07-10-2022',105)),
(762,'3564155171648292',350,22,CONVERT(DATE,'06-03-2022',105)),
(763,'3564155171648292',410,25,CONVERT(DATE,'16-04-2022',105)),
(764,'342533470423630',900,63,CONVERT(DATE,'19-04-2022',105)),
(765,'3564155171648292',1270,54,CONVERT(DATE,'09-07-2022',105)),
(766,'342533470423630',1090,24,CONVERT(DATE,'30-07-2022',105)),
(767,'342533470423630',480,10,CONVERT(DATE,'11-11-2022',105)),
(768,'6372142424651435',120,84,CONVERT(DATE,'08-09-2021',105)),
(769,'3563981450780063',80,14,CONVERT(DATE,'11-11-2022',105)),
(770,'201792371533919',30,33,CONVERT(DATE,'01-03-2022',105)),
(771,'201792371533919',330,76,CONVERT(DATE,'22-05-2022',105)),
(772,'201792371533919',690,48,CONVERT(DATE,'08-06-2022',105)),
(773,'201792371533919',1170,27,CONVERT(DATE,'25-08-2022',105)),
(774,'6762881516605159',460,57,CONVERT(DATE,'06-06-2022',105)),
(775,'6762881516605159',860,70,CONVERT(DATE,'18-10-2022',105)),
(776,'6762881516605159',410,36,CONVERT(DATE,'25-11-2022',105)),
(777,'3569940716186238',90,81,CONVERT(DATE,'07-08-2022',105)),
(778,'3569940716186238',790,59,CONVERT(DATE,'19-11-2022',105)),
(779,'30023680009277',80,26,CONVERT(DATE,'03-09-2022',105)),
(780,'4026799844293570',200,18,CONVERT(DATE,'11-10-2021',105)),
(781,'4026799844293570',80,76,CONVERT(DATE,'09-12-2021',105)),
(782,'4026799844293570',1310,82,CONVERT(DATE,'25-12-2021',105)),
(783,'3546505298559595',470,86,CONVERT(DATE,'12-07-2021',105)),
(784,'3546505298559595',1160,67,CONVERT(DATE,'14-11-2021',105)),
(785,'56022197697919900',30,70,CONVERT(DATE,'22-03-2022',105)),
(786,'56022197697919900',50,8,CONVERT(DATE,'12-05-2022',105)),
(787,'56022197697919900',1220,68,CONVERT(DATE,'20-09-2022',105)),
(788,'56022197697919900',970,40,CONVERT(DATE,'06-11-2022',105)),
(789,'372301690933116',10,58,CONVERT(DATE,'20-07-2021',105)),
(790,'676222519979772876',80,32,CONVERT(DATE,'05-09-2021',105)),
(791,'676222519979772876',1200,8,CONVERT(DATE,'07-10-2021',105)),
(792,'676222519979772876',1000,58,CONVERT(DATE,'06-01-2022',105)),
(793,'676222519979772876',370,54,CONVERT(DATE,'04-05-2022',105)),
(794,'372301690933116',1760,44,CONVERT(DATE,'04-07-2022',105)),
(795,'372301690933116',660,54,CONVERT(DATE,'31-07-2022',105)),
(796,'372301690933116',1290,38,CONVERT(DATE,'02-10-2022',105)),
(797,'3529247601509139',350,31,CONVERT(DATE,'08-06-2021',105)),
(798,'3529247601509139',470,83,CONVERT(DATE,'30-06-2021',105)),
(799,'3529247601509139',690,71,CONVERT(DATE,'08-09-2021',105)),
(800,'3529247601509139',570,4,CONVERT(DATE,'23-11-2021',105)),
(801,'4891152822522',40,3,CONVERT(DATE,'06-05-2021',105)),
(802,'6374543828470801',610,27,CONVERT(DATE,'09-06-2021',105)),
(803,'4891152822522',1570,5,CONVERT(DATE,'23-09-2021',105)),
(804,'4891152822522',1250,5,CONVERT(DATE,'10-10-2021',105)),
(805,'6374543828470801',1640,18,CONVERT(DATE,'12-11-2021',105)),
(806,'4891152822522',810,82,CONVERT(DATE,'31-03-2022',105)),
(807,'3582258343182402',270,85,CONVERT(DATE,'24-12-2021',105)),
(808,'3582258343182402',20,78,CONVERT(DATE,'08-04-2022',105)),
(809,'3582258343182402',50,30,CONVERT(DATE,'14-05-2022',105)),
(810,'3582258343182402',370,49,CONVERT(DATE,'12-10-2022',105)),
(811,'5100175311626657',200,22,CONVERT(DATE,'28-11-2021',105)),
(812,'5100175311626657',870,36,CONVERT(DATE,'08-03-2022',105)),
(813,'5100175311626657',1320,28,CONVERT(DATE,'29-11-2022',105)),
(814,'3573157562013853',150,73,CONVERT(DATE,'07-09-2021',105)),
(815,'3573157562013853',630,78,CONVERT(DATE,'20-12-2021',105)),
(816,'5602227143912723',560,25,CONVERT(DATE,'30-12-2021',105)),
(817,'5602227143912723',1540,13,CONVERT(DATE,'19-03-2022',105)),
(818,'5602227143912723',1280,28,CONVERT(DATE,'27-05-2022',105)),
(819,'3555756025293440',280,42,CONVERT(DATE,'10-06-2021',105)),
(820,'5108757155064335',940,8,CONVERT(DATE,'30-01-2022',105)),
(821,'5108757155064335',1190,6,CONVERT(DATE,'29-03-2022',105)),
(822,'3577211324914126',1060,17,CONVERT(DATE,'21-04-2022',105)),
(823,'3555756025293440',170,42,CONVERT(DATE,'18-07-2022',105)),
(824,'3555756025293440',2850,52,CONVERT(DATE,'09-08-2022',105)),
(825,'5108757155064335',240,55,CONVERT(DATE,'20-08-2022',105)),
(826,'3577211324914126',3160,57,CONVERT(DATE,'24-08-2022',105)),
(827,'3577211324914126',2080,4,CONVERT(DATE,'11-09-2022',105)),
(828,'3577211324914126',4510,42,CONVERT(DATE,'29-11-2022',105)),
(829,'3574393632639570',140,61,CONVERT(DATE,'13-01-2022',105)),
(830,'4913989043105958',480,30,CONVERT(DATE,'25-01-2022',105)),
(831,'5602241511548894',640,46,CONVERT(DATE,'26-02-2022',105)),
(832,'5602241511548894',1550,85,CONVERT(DATE,'09-05-2022',105)),
(833,'3574393632639570',2780,42,CONVERT(DATE,'19-07-2022',105)),
(834,'5602241511548894',2360,81,CONVERT(DATE,'16-08-2022',105)),
(835,'3574393632639570',80,79,CONVERT(DATE,'13-09-2022',105)),
(836,'4913989043105958',3720,19,CONVERT(DATE,'17-11-2022',105)),
(837,'5602241511548894',2910,85,CONVERT(DATE,'04-12-2022',105)),
(838,'6759479480860507',370,76,CONVERT(DATE,'23-11-2021',105)),
(839,'6331107991319781',500,84,CONVERT(DATE,'07-01-2022',105)),
(840,'6759479480860507',710,47,CONVERT(DATE,'14-01-2022',105)),
(841,'6331107991319781',920,5,CONVERT(DATE,'04-10-2022',105)),
(842,'3542161795731263',40,73,CONVERT(DATE,'19-05-2022',105)),
(843,'3531047221318085',510,47,CONVERT(DATE,'08-03-2022',105)),
(844,'3531047221318085',800,76,CONVERT(DATE,'23-05-2022',105)),
(845,'5508983801098859',550,85,CONVERT(DATE,'11-08-2022',105)),
(846,'3573911343562244',100,53,CONVERT(DATE,'22-11-2021',105)),
(847,'3573911343562244',490,58,CONVERT(DATE,'15-12-2021',105)),
(848,'3573911343562244',790,69,CONVERT(DATE,'10-01-2022',105)),
(849,'3530393600541413',210,12,CONVERT(DATE,'06-03-2022',105)),
(850,'3530393600541413',10,59,CONVERT(DATE,'15-06-2022',105)),
(851,'4405851075872225',120,83,CONVERT(DATE,'29-06-2021',105)),
(852,'30020475989275',320,30,CONVERT(DATE,'12-06-2022',105)),
(853,'30020475989275',310,8,CONVERT(DATE,'13-06-2022',105)),
(854,'30020475989275',370,78,CONVERT(DATE,'14-06-2022',105)),
(855,'30020475989275',1200,51,CONVERT(DATE,'21-06-2022',105)),
(856,'3559732301846942',120,39,CONVERT(DATE,'16-05-2022',105)),
(857,'30352518363055',20,27,CONVERT(DATE,'03-08-2021',105)),
(858,'30352518363055',480,30,CONVERT(DATE,'06-09-2021',105)),
(859,'30352518363055',470,79,CONVERT(DATE,'22-11-2021',105)),
(860,'30352518363055',330,30,CONVERT(DATE,'26-01-2022',105)),
(861,'36197795928706',210,16,CONVERT(DATE,'16-01-2022',105)),
(862,'36197795928706',770,20,CONVERT(DATE,'16-04-2022',105)),
(863,'3543794715217713',40,15,CONVERT(DATE,'07-09-2022',105)),
(864,'337941412381054',540,9,CONVERT(DATE,'25-10-2022',105)),
(865,'337941801617381',360,30,CONVERT(DATE,'09-08-2021',105)),
(866,'337941801617381',650,19,CONVERT(DATE,'07-10-2021',105)),
(867,'337941801617381',650,9,CONVERT(DATE,'08-05-2022',105)),
(868,'337941801617381',1550,23,CONVERT(DATE,'20-08-2022',105)),
(869,'4017953976643471',130,30,CONVERT(DATE,'02-01-2022',105)),
(870,'4017953976643471',100,48,CONVERT(DATE,'10-04-2022',105)),
(871,'4017953976643471',630,85,CONVERT(DATE,'29-05-2022',105)),
(872,'3555815356453765',350,11,CONVERT(DATE,'22-01-2022',105)),
(873,'3555815356453765',560,39,CONVERT(DATE,'07-02-2022',105)),
(874,'3555815356453765',660,23,CONVERT(DATE,'30-06-2022',105)),
(875,'6383086381009391',1170,12,CONVERT(DATE,'16-07-2022',105)),
(876,'6383086381009391',1050,72,CONVERT(DATE,'02-08-2022',105)),
(877,'3555815356453765',2310,8,CONVERT(DATE,'05-09-2022',105)),
(878,'3555815356453765',1960,3,CONVERT(DATE,'15-11-2022',105)),
(879,'3578105177031666',70,4,CONVERT(DATE,'08-11-2021',105)),
(880,'3578105177031666',340,65,CONVERT(DATE,'29-04-2022',105)),
(881,'3578105177031666',1030,67,CONVERT(DATE,'30-08-2022',105)),
(882,'5048378993480048',40,69,CONVERT(DATE,'17-05-2021',105)),
(883,'342438540494852',580,47,CONVERT(DATE,'23-09-2021',105)),
(884,'3579377355297703',120,24,CONVERT(DATE,'07-10-2021',105)),
(885,'3579377355297703',220,33,CONVERT(DATE,'06-12-2021',105)),
(886,'342438540494852',1020,47,CONVERT(DATE,'05-04-2022',105)),
(887,'3579377355297703',140,37,CONVERT(DATE,'22-07-2022',105)),
(888,'3579377355297703',2260,2,CONVERT(DATE,'18-09-2022',105)),
(889,'342438540494852',1090,17,CONVERT(DATE,'24-10-2022',105)),
(890,'3540590875582463',30,60,CONVERT(DATE,'08-07-2022',105)),
(891,'3540590875582463',310,2,CONVERT(DATE,'27-08-2022',105)),
(892,'3540590875582463',880,18,CONVERT(DATE,'19-10-2022',105)),
(893,'5602245322302652731',300,65,CONVERT(DATE,'12-05-2022',105)),
(894,'5602245322302652731',550,55,CONVERT(DATE,'04-06-2022',105)),
(895,'201471156238123',120,75,CONVERT(DATE,'12-11-2022',105)),
(896,'3583578364934657',300,82,CONVERT(DATE,'21-11-2021',105)),
(897,'3583578364934657',140,74,CONVERT(DATE,'19-08-2022',105)),
(898,'6706190876729180',220,5,CONVERT(DATE,'20-02-2022',105)),
(899,'3573016604085057',430,64,CONVERT(DATE,'16-03-2022',105)),
(900,'3573016604085057',1130,56,CONVERT(DATE,'27-03-2022',105)),
(901,'6706190876729180',1930,62,CONVERT(DATE,'31-03-2022',105)),
(902,'630466977812649846',360,16,CONVERT(DATE,'05-06-2022',105)),
(903,'630466977812649846',720,43,CONVERT(DATE,'15-07-2022',105)),
(904,'6706190876729180',120,1,CONVERT(DATE,'20-07-2022',105)),
(905,'630466977812649846',220,76,CONVERT(DATE,'18-08-2022',105)),
(906,'6706190876729180',1040,63,CONVERT(DATE,'11-10-2022',105)),
(907,'6706190876729180',4150,42,CONVERT(DATE,'23-11-2022',105)),
(908,'3573016604085057',3750,15,CONVERT(DATE,'01-12-2022',105)),
(909,'630466977812649846',4940,8,CONVERT(DATE,'15-12-2022',105)),
(910,'5108756596938008',460,4,CONVERT(DATE,'03-01-2022',105)),
(911,'5108756596938008',820,11,CONVERT(DATE,'27-03-2022',105)),
(912,'5108756596938008',510,47,CONVERT(DATE,'21-05-2022',105)),
(913,'5108756596938008',1070,39,CONVERT(DATE,'01-08-2022',105)),
(914,'30250263713823',30,76,CONVERT(DATE,'11-06-2022',105)),
(915,'3565898356604239',130,5,CONVERT(DATE,'24-05-2022',105)),
(916,'3575232728860733',560,43,CONVERT(DATE,'02-06-2022',105)),
(917,'3565898356604239',730,55,CONVERT(DATE,'27-07-2022',105)),
(918,'3565898356604239',1120,18,CONVERT(DATE,'29-09-2022',105)),
(919,'3575232728860733',2000,49,CONVERT(DATE,'10-11-2022',105)),
(920,'3565898356604239',1710,77,CONVERT(DATE,'12-12-2022',105)),
(921,'3552477545199842',40,37,CONVERT(DATE,'28-09-2021',105)),
(922,'3552477545199842',420,2,CONVERT(DATE,'15-11-2021',105)),
(923,'3552477545199842',220,25,CONVERT(DATE,'12-12-2021',105)),
(924,'30469262367817',230,36,CONVERT(DATE,'19-03-2022',105)),
(925,'30469262367817',190,13,CONVERT(DATE,'03-12-2022',105)),
(926,'4041591480005009',170,56,CONVERT(DATE,'08-01-2022',105)),
(927,'4041592949899248',740,13,CONVERT(DATE,'31-01-2022',105)),
(928,'4041591480005009',890,75,CONVERT(DATE,'15-10-2022',105)),
(929,'4041591480005009',350,19,CONVERT(DATE,'29-11-2022',105)),
(930,'4041592949899248',180,1,CONVERT(DATE,'04-12-2022',105)),
(931,'6384674598254485',90,70,CONVERT(DATE,'23-05-2021',105)),
(932,'6384674598254485',340,43,CONVERT(DATE,'23-08-2021',105)),
(933,'6384674598254485',660,10,CONVERT(DATE,'10-02-2022',105)),
(934,'201972263539170',70,66,CONVERT(DATE,'07-12-2021',105)),
(935,'3585310205153539',450,34,CONVERT(DATE,'12-10-2021',105)),
(936,'3585310205153539',310,65,CONVERT(DATE,'05-11-2021',105)),
(937,'3585310205153539',270,81,CONVERT(DATE,'18-01-2022',105)),
(938,'3585310205153539',1010,85,CONVERT(DATE,'02-05-2022',105)),
(939,'201486478168055',30,61,CONVERT(DATE,'02-10-2022',105)),
(940,'201486478168055',220,75,CONVERT(DATE,'08-11-2022',105)),
(941,'201486478168055',560,35,CONVERT(DATE,'01-12-2022',105)),
(942,'3578666434900506',430,82,CONVERT(DATE,'14-10-2021',105)),
(943,'3578666434900506',710,13,CONVERT(DATE,'01-02-2022',105)),
(944,'3578666434900506',410,48,CONVERT(DATE,'21-04-2022',105)),
(945,'3578666434900506',1410,6,CONVERT(DATE,'09-10-2022',105)),
(946,'6767902773326522',250,23,CONVERT(DATE,'29-10-2021',105)),
(947,'67631527148008863',210,11,CONVERT(DATE,'28-10-2022',105)),
(948,'5534464937243998',50,50,CONVERT(DATE,'29-07-2022',105)),
(949,'3528973368519406',290,58,CONVERT(DATE,'02-08-2022',105)),
(950,'30154537228438',190,18,CONVERT(DATE,'11-06-2021',105)),
(951,'30154537228438',1020,31,CONVERT(DATE,'20-06-2021',105)),
(952,'30154537228438',1660,84,CONVERT(DATE,'10-07-2021',105)),
(953,'5479180955914081',150,30,CONVERT(DATE,'14-06-2022',105)),
(954,'5479180955914081',810,41,CONVERT(DATE,'08-07-2022',105)),
(955,'5479180955914081',710,12,CONVERT(DATE,'14-07-2022',105)),
(956,'5602218678696641',600,83,CONVERT(DATE,'18-08-2022',105)),
(957,'5602218678696641',490,75,CONVERT(DATE,'31-08-2022',105)),
(958,'5479180955914081',2070,7,CONVERT(DATE,'03-10-2022',105)),
(959,'5602218678696641',1200,15,CONVERT(DATE,'12-12-2022',105)),
(960,'3573973616285515',140,47,CONVERT(DATE,'16-05-2021',105)),
(961,'3541279983379652',50,48,CONVERT(DATE,'31-03-2022',105)),
(962,'3541279983379652',120,73,CONVERT(DATE,'06-04-2022',105)),
(963,'3541279983379652',260,81,CONVERT(DATE,'02-06-2022',105)),
(964,'337941399118552',270,57,CONVERT(DATE,'25-04-2022',105)),
(965,'337941399118552',170,79,CONVERT(DATE,'19-07-2022',105)),
(966,'3575551734142020',50,41,CONVERT(DATE,'07-12-2021',105)),
(967,'5290687997575909',30,68,CONVERT(DATE,'19-12-2021',105)),
(968,'3575551734142020',870,46,CONVERT(DATE,'14-02-2022',105)),
(969,'201906897724188',210,17,CONVERT(DATE,'13-03-2022',105)),
(970,'3575587928104996',120,24,CONVERT(DATE,'02-04-2022',105)),
(971,'201906897724188',610,55,CONVERT(DATE,'07-04-2022',105)),
(972,'3575587928104996',1540,65,CONVERT(DATE,'24-04-2022',105)),
(973,'5010122278903983',1430,62,CONVERT(DATE,'09-05-2022',105)),
(974,'5010122278903983',2600,84,CONVERT(DATE,'26-05-2022',105)),
(975,'201906897724188',1050,45,CONVERT(DATE,'15-08-2022',105)),
(976,'5602241383625549',1260,4,CONVERT(DATE,'24-08-2022',105)),
(977,'3575587928104996',1550,6,CONVERT(DATE,'04-09-2022',105)),
(978,'5602241383625549',2780,2,CONVERT(DATE,'09-09-2022',105)),
(979,'3575587928104996',1400,80,CONVERT(DATE,'17-10-2022',105)),
(980,'201906897724188',3810,41,CONVERT(DATE,'13-11-2022',105)),
(981,'5010122278903983',4740,26,CONVERT(DATE,'20-11-2022',105)),
(982,'3575587928104996',3030,1,CONVERT(DATE,'13-12-2022',105)),
(983,'201407828777338',40,25,CONVERT(DATE,'23-04-2022',105)),
(984,'201407828777338',550,50,CONVERT(DATE,'30-04-2022',105)),
(985,'201407828777338',680,31,CONVERT(DATE,'10-07-2022',105)),
(986,'201407828777338',380,56,CONVERT(DATE,'05-10-2022',105)),
(987,'6331109900208395990',540,8,CONVERT(DATE,'23-04-2022',105)),
(988,'6331109900208395990',810,51,CONVERT(DATE,'23-05-2022',105)),
(989,'6331106450111040559',100,55,CONVERT(DATE,'19-09-2022',105)),
(990,'6331106450111040559',460,74,CONVERT(DATE,'10-10-2022',105)),
(991,'6331106450111040559',120,77,CONVERT(DATE,'25-10-2022',105)),
(992,'6331106450111040559',360,31,CONVERT(DATE,'17-12-2022',105)),
(993,'3530438561645065',210,83,CONVERT(DATE,'20-07-2021',105)),
(994,'3530438561645065',440,77,CONVERT(DATE,'02-08-2021',105)),
(995,'3530438561645065',220,58,CONVERT(DATE,'21-10-2021',105)),
(996,'30138132384134',140,13,CONVERT(DATE,'26-01-2022',105)),
(997,'3560656041219275',490,81,CONVERT(DATE,'06-11-2021',105)),
(998,'3560656041219275',220,47,CONVERT(DATE,'28-12-2021',105)),
(999,'3560656041219275',540,60,CONVERT(DATE,'05-02-2022',105)),
(1000,'3560656041219275',130,5,CONVERT(DATE,'23-04-2022',105))