INSERT INTO [Departments] VALUES
(1,'Department no. 119 in Balingueo','Balingueo','Philippines'),
(2,'Department no. 97 in Boyle','Boyle','Ireland'),
(3,'Department no. 30 in Ribeiro','Ribeiro','Portugal'),
(4,'Department no. 96 in Manicaragua','Manicaragua','Cuba'),
(5,'Department no. 83 in Sulang Tengah','Sulang Tengah','Indonesia'),
(6,'Department no. 265 in Hidalgo','Hidalgo','Mexico'),
(7,'Department no. 297 in Jhumra','Jhumra','Pakistan'),
(8,'Department no. 259 in Kraków','Kraków','Poland'),
(9,'Department no. 193 in Tsiombe','Tsiombe','Madagascar'),
(10,'Department no. 292 in Baranowo','Baranowo','Poland'),
(11,'Department no. 220 in Weekombaka','Weekombaka','Indonesia'),
(12,'Department no. 258 in Gryfino','Gryfino','Poland'),
(13,'Department no. 54 in Sigetec','Sigetec','Croatia'),
(14,'Department no. 263 in Kelaniya','Kelaniya','Sri Lanka'),
(15,'Department no. 113 in Farrokh Shahr','Farrokh Shahr','Iran'),
(16,'Department no. 62 in Aleksandrovka','Aleksandrovka','Ukraine'),
(17,'Department no. 69 in Sinchao','Sinchao','Peru'),
(18,'Department no. 78 in Grodków','Grodków','Poland'),
(19,'Department no. 271 in Rēzekne','Rēzekne','Latvia'),
(20,'Department no. 29 in Parintins','Parintins','Brazil'),
(21,'Department no. 61 in Santana do Paraíso','Santana do Paraíso','Brazil'),
(22,'Department no. 216 in San Julian','San Julian','Philippines'),
(23,'Department no. 161 in Saint-Quentin-en-Yvelines','Saint-Quentin-en-Yvelines','France'),
(24,'Department no. 304 in Warszawa','Warszawa','Poland'),
(25,'Department no. 47 in Hamakita','Hamakita','Japan')

INSERT INTO [Employees] VALUES
(1,'Iolanthe Widdocks',CONVERT(DATE,'17.02.2007',105),22),
(2,'Gus Benitti',CONVERT(DATE,'03.03.2006',105),15),
(3,'Thedric Rawood',CONVERT(DATE,'19.09.2011',105),23),
(4,'Xenia Balassa',CONVERT(DATE,'07.04.2019',105),11),
(5,'Corinna Caldaro',CONVERT(DATE,'05.01.2003',105),23),
(6,'Hilton Titmuss',CONVERT(DATE,'02.05.2005',105),4),
(7,'Gibb Gert',CONVERT(DATE,'01.09.2013',105),22),
(8,'Abigael Garside',CONVERT(DATE,'09.01.2005',105),5),
(9,'Rosalinde Ganniclifft',CONVERT(DATE,'07.12.2022',105),16),
(10,'Maurita Ogger',CONVERT(DATE,'14.09.2017',105),11),
(11,'Eldridge Knaggs',CONVERT(DATE,'19.09.2014',105),8),
(12,'Lucina Lettsom',CONVERT(DATE,'15.11.2008',105),3),
(13,'Gui Harsnep',CONVERT(DATE,'12.09.2016',105),20),
(14,'Debora Dicky',CONVERT(DATE,'12.09.2004',105),12),
(15,'Gideon Fritchley',CONVERT(DATE,'27.11.2019',105),2),
(16,'Anatol Billings',CONVERT(DATE,'01.09.2013',105),25),
(17,'Gal Bordman',CONVERT(DATE,'21.08.2019',105),25),
(18,'Walton Dilworth',CONVERT(DATE,'21.03.2001',105),12),
(19,'Kylie Arrigo',CONVERT(DATE,'10.12.2012',105),21),
(20,'Dawn Josipovitz',CONVERT(DATE,'08.01.2008',105),12),
(21,'Carena McGragh',CONVERT(DATE,'18.05.2017',105),5),
(22,'Federica Michelmore',CONVERT(DATE,'10.08.2011',105),9),
(23,'Carlee Kirsop',CONVERT(DATE,'12.01.2015',105),15),
(24,'Erich Batram',CONVERT(DATE,'31.03.2008',105),6),
(25,'Germana Bibbie',CONVERT(DATE,'04.05.2020',105),1),
(26,'Julina Paggitt',CONVERT(DATE,'10.12.2004',105),13),
(27,'Forbes Antunez',CONVERT(DATE,'14.07.2019',105),19),
(28,'Ansley Hellmer',CONVERT(DATE,'28.11.2008',105),12),
(29,'Thomasa Redfearn',CONVERT(DATE,'07.03.2012',105),25),
(30,'Merci Clatworthy',CONVERT(DATE,'06.12.2010',105),16),
(31,'Melina Turner',CONVERT(DATE,'20.10.2014',105),20),
(32,'Torrin Daverin',CONVERT(DATE,'03.11.2002',105),13),
(33,'Kat Nichol',CONVERT(DATE,'22.10.2010',105),2),
(34,'Marti MacAvddy',CONVERT(DATE,'09.06.2006',105),5),
(35,'Tamarah Bulteel',CONVERT(DATE,'07.03.2007',105),7),
(36,'Joey Tyson',CONVERT(DATE,'15.10.2012',105),25),
(37,'Lezlie Dowsey',CONVERT(DATE,'07.08.2019',105),10),
(38,'Chicky Edser',CONVERT(DATE,'08.07.2015',105),7),
(39,'Cookie Wederell',CONVERT(DATE,'17.12.2010',105),6),
(40,'Pincas Dayce',CONVERT(DATE,'17.01.2001',105),6),
(41,'Papagena Filliskirk',CONVERT(DATE,'30.05.2014',105),2),
(42,'Carny Trevarthen',CONVERT(DATE,'06.05.2018',105),15),
(43,'Bev Quibell',CONVERT(DATE,'23.06.2015',105),16),
(44,'Joye Oliveras',CONVERT(DATE,'30.12.2001',105),7),
(45,'Yancy Taye',CONVERT(DATE,'14.03.2009',105),18),
(46,'Liliane Gable',CONVERT(DATE,'08.04.2016',105),13),
(47,'Gannie Nornable',CONVERT(DATE,'27.02.2011',105),11),
(48,'Idell Thorrington',CONVERT(DATE,'17.09.2010',105),23),
(49,'Diandra Rivilis',CONVERT(DATE,'13.05.2010',105),5),
(50,'Cristian Habbergham',CONVERT(DATE,'27.07.2020',105),9),
(51,'Lyndel Verduin',CONVERT(DATE,'11.03.2016',105),15),
(52,'Gerti Wieprecht',CONVERT(DATE,'17.09.2018',105),22),
(53,'Sacha Heathcott',CONVERT(DATE,'28.09.2019',105),19),
(54,'Gustav Stocker',CONVERT(DATE,'05.02.2017',105),2),
(55,'Florri Winspare',CONVERT(DATE,'18.07.2014',105),13),
(56,'Corbin Tratton',CONVERT(DATE,'02.11.2019',105),12),
(57,'Clementia Erridge',CONVERT(DATE,'28.01.2003',105),20),
(58,'Gherardo Hullock',CONVERT(DATE,'27.03.2014',105),12),
(59,'Mikey Tosspell',CONVERT(DATE,'30.07.2021',105),25),
(60,'Michelina Lapworth',CONVERT(DATE,'24.08.2002',105),4),
(61,'Joana Cubbinelli',CONVERT(DATE,'12.08.2022',105),16),
(62,'Georgia Chastang',CONVERT(DATE,'18.10.2007',105),14),
(63,'Nealon De Benedetti',CONVERT(DATE,'14.09.2013',105),8),
(64,'Chariot Enterlein',CONVERT(DATE,'10.03.2019',105),1),
(65,'Osbert Lombardo',CONVERT(DATE,'17.11.2007',105),9),
(66,'Otis Havenhand',CONVERT(DATE,'16.02.2003',105),23),
(67,'Bail Maciejak',CONVERT(DATE,'28.08.2016',105),24),
(68,'Newton Jina',CONVERT(DATE,'05.12.2009',105),17),
(69,'Fons Sant',CONVERT(DATE,'13.06.2016',105),21),
(70,'Matty Henrot',CONVERT(DATE,'16.05.2010',105),8),
(71,'Christophorus Woolmer',CONVERT(DATE,'12.11.2011',105),23),
(72,'Ernie Fish',CONVERT(DATE,'26.06.2002',105),25),
(73,'Scarface Salack',CONVERT(DATE,'22.01.2006',105),21),
(74,'Lamar Topaz',CONVERT(DATE,'24.06.2004',105),6),
(75,'Brook Anderer',CONVERT(DATE,'04.04.2017',105),3),
(76,'Clare Joysey',CONVERT(DATE,'19.05.2007',105),24),
(77,'Roddy Castells',CONVERT(DATE,'06.01.2016',105),3),
(78,'Penny Gabb',CONVERT(DATE,'27.09.2010',105),4),
(79,'Ashton Tedman',CONVERT(DATE,'21.06.2005',105),15),
(80,'Vernon Nassau',CONVERT(DATE,'06.08.2022',105),18),
(81,'Elsy Halliberton',CONVERT(DATE,'10.06.2010',105),6),
(82,'Marrilee de Quesne',CONVERT(DATE,'05.08.2018',105),14),
(83,'Cecil Pinkerton',CONVERT(DATE,'31.10.2013',105),21),
(84,'Allyce Alelsandrovich',CONVERT(DATE,'19.08.2019',105),24),
(85,'Saree Meysham',CONVERT(DATE,'27.01.2008',105),14),
(86,'Shandeigh Benedtti',CONVERT(DATE,'16.06.2012',105),17),
(87,'Ezra Antat',CONVERT(DATE,'14.12.2004',105),23),
(88,'Malachi Coultard',CONVERT(DATE,'25.07.2006',105),9),
(89,'Geralda Rosier',CONVERT(DATE,'24.04.2020',105),3),
(90,'Remus Ormshaw',CONVERT(DATE,'09.12.2016',105),13),
(91,'Dorothea Gershom',CONVERT(DATE,'20.10.2003',105),4),
(92,'Miltie Musslewhite',CONVERT(DATE,'07.08.2012',105),21),
(93,'Cicily Bathowe',CONVERT(DATE,'23.08.2004',105),5),
(94,'Cristen Carruth',CONVERT(DATE,'15.07.2001',105),16),
(95,'Gunter Coon',CONVERT(DATE,'26.03.2004',105),16),
(96,'Blanche Messum',CONVERT(DATE,'21.06.2017',105),19),
(97,'Barbaraanne Hebbes',CONVERT(DATE,'06.04.2020',105),10),
(98,'Donalt McMurty',CONVERT(DATE,'02.01.2017',105),19),
(99,'Ave Rodrig',CONVERT(DATE,'25.04.2015',105),25),
(100,'Barney Derr',CONVERT(DATE,'02.05.2014',105),10),
(101,'Cort Sterman',CONVERT(DATE,'02.11.2018',105),15),
(102,'Jewelle Mander',CONVERT(DATE,'11.09.2005',105),9),
(103,'Kylynn Merredy',CONVERT(DATE,'11.06.2021',105),17),
(104,'Cleve MacKnocker',CONVERT(DATE,'23.08.2013',105),8),
(105,'Phaedra Tybalt',CONVERT(DATE,'15.08.2007',105),1),
(106,'Dorena Mathevet',CONVERT(DATE,'25.06.2010',105),9),
(107,'Yves Towsey',CONVERT(DATE,'30.03.2018',105),14),
(108,'Ina Springthorp',CONVERT(DATE,'09.12.2017',105),25),
(109,'Quintin Casine',CONVERT(DATE,'11.02.2021',105),19),
(110,'Mitchel Merredy',CONVERT(DATE,'06.05.2020',105),11),
(111,'Lamar Lupson',CONVERT(DATE,'12.11.2003',105),14),
(112,'Oren Beach',CONVERT(DATE,'16.03.2007',105),6)

INSERT INTO [ATMs] VALUES
(1,5691,5,'Kalipare'),
(2,4546,2,'Cobh'),
(3,7575,11,'Curahpacul Satu'),
(4,11833,3,'Castainço'),
(5,1933,5,'Kuniran'),
(6,4472,21,'Itapemirim'),
(7,6400,23,'La Rochelle'),
(8,9694,11,'Cimara'),
(9,8927,22,'Baylo'),
(10,2672,5,'Muesanaik'),
(11,14997,23,'La Garde'),
(12,7088,22,'Muladbucad'),
(13,4048,11,'Sendang'),
(14,17109,23,'Paris 15'),
(15,12544,5,'Bungkal'),
(16,11449,23,'Roissy Charles-de-Gaulle'),
(17,16417,17,'Velille'),
(18,14750,23,'Paris 12'),
(19,10584,25,'Numazu'),
(20,4333,22,'Lopez Jaena'),
(21,10830,5,'Parenggan'),
(22,1117,5,'Simpanganduwet'),
(23,13001,1,'Cortez'),
(24,5495,23,'Toulouse'),
(25,16449,22,'Monching'),
(26,7280,5,'Gunung Sugih'),
(27,6939,23,'Massy'),
(28,3834,3,'Póvoa do Valado'),
(29,10114,16,'Krynychky'),
(30,3818,3,'Costa de Rios Frios'),
(31,12967,11,'Jambesari'),
(32,3238,25,'Kumagaya'),
(33,15462,21,'Soledade'),
(34,2345,11,'Ciherang'),
(35,2369,1,'Malabag'),
(36,2802,17,'Tibillo'),
(37,8455,3,'Arcena'),
(38,8339,17,'Paucar'),
(39,6170,11,'Pendawanbaru'),
(40,14379,25,'Obita'),
(41,17812,23,'Toulouse'),
(42,8989,11,'Garisul'),
(43,10596,2,'Mullagh'),
(44,18676,20,'Ilhabela'),
(45,14962,1,'New Agutaya'),
(46,7452,1,'Tapas'),
(47,8723,5,'Luti'),
(48,11148,7,'Tānk'),
(49,4131,11,'Banjar Wates Tengah'),
(50,12476,22,'Pulo'),
(51,9379,4,'Holguín'),
(52,6606,17,'Saposoa'),
(53,4035,23,'Aix-en-Provence'),
(54,15530,1,'Banawang'),
(55,1772,2,'Sandymount'),
(56,10224,11,'Ritaebang'),
(57,3596,22,'Guimbal'),
(58,17569,20,'Rio das Pedras'),
(59,17187,23,'Noyon'),
(60,16546,20,'Peruíbe'),
(61,2990,22,'Kayapa'),
(62,1337,22,'Saguing'),
(63,17499,3,'Santo Amador'),
(64,3190,3,'Finzes'),
(65,17782,11,'Nakajah'),
(66,17717,19,'Rucava'),
(67,2979,11,'Rimba Sekampung'),
(68,17446,12,'Pysznica'),
(69,16452,12,'Pniewy'),
(70,8900,24,'Purda'),
(71,4049,24,'Sawin'),
(72,18220,24,'Nekla'),
(73,11120,8,'Jasionów'),
(74,16311,8,'Piotrków Kujawski'),
(75,1699,10,'Świdwin'),
(76,706,10,'Józefów'),
(77,16631,12,'Józefosław'),
(78,9819,18,'Niedzica'),
(79,18038,18,'Krzemieniewo'),
(80,10062,18,'Zbrosławice'),
(81,5108,12,'Polkowice'),
(82,1762,12,'Góra Kalwaria'),
(83,7307,8,'Czeremcha'),
(84,15556,12,'Biecz'),
(85,13112,18,'Bąków'),
(86,11130,10,'Ostrzeszów'),
(87,2014,12,'Czerniewice')

INSERT INTO [ATMsMalfunctions] VALUES
(1,86,'Faulty dispenser',CONVERT(DATE,'08-09-2013',105),97),
(2,40,'Faulty dispenser',CONVERT(DATE,'03-11-2013',105),59),
(3,75,'Worn out card reader',CONVERT(DATE,'04-09-2018',105),97),
(4,43,'Faulty dispenser',CONVERT(DATE,'08-12-2021',105),41),
(5,23,'Software glitch',CONVERT(DATE,'13-10-2022',105),105),
(6,48,'Broken keypad',CONVERT(DATE,'21-11-2012',105),38),
(7,43,'Faulty dispenser',CONVERT(DATE,'07-04-2012',105),33),
(8,63,'Receipt malfunctions',CONVERT(DATE,'01-01-2012',105),12),
(9,81,'Worn out card reader',CONVERT(DATE,'18-04-2007',105),14),
(10,60,'Broken keypad',CONVERT(DATE,'16-10-2015',105),13),
(11,10,'Software glitch',CONVERT(DATE,'07-11-2011',105),21),
(12,75,'Receipt malfunctions',CONVERT(DATE,'26-05-2018',105),100),
(13,87,'Faulty dispenser',CONVERT(DATE,'06-09-2020',105),56),
(14,87,'Receipt malfunctions',CONVERT(DATE,'23-05-2002',105),56),
(15,75,'Receipt malfunctions',CONVERT(DATE,'06-04-2021',105),97),
(16,27,'Worn out card reader',CONVERT(DATE,'18-07-2013',105),71),
(17,60,'Software glitch',CONVERT(DATE,'16-02-2003',105),13),
(18,62,'Worn out card reader',CONVERT(DATE,'28-03-2007',105),1),
(19,23,'Faulty dispenser',CONVERT(DATE,'31-12-2014',105),64),
(20,66,'Software glitch',CONVERT(DATE,'01-03-2009',105),109),
(21,24,'Worn out card reader',CONVERT(DATE,'26-11-2018',105),48),
(22,32,'Worn out card reader',CONVERT(DATE,'31-10-2005',105),99),
(23,73,'Software glitch',CONVERT(DATE,'12-11-2020',105),104),
(24,28,'Broken keypad',CONVERT(DATE,'12-04-2007',105),89),
(25,29,'Worn out card reader',CONVERT(DATE,'18-01-2007',105),61),
(26,16,'Software glitch',CONVERT(DATE,'11-10-2011',105),5),
(27,40,'Software glitch',CONVERT(DATE,'22-07-2014',105),29),
(28,11,'Software glitch',CONVERT(DATE,'27-02-2007',105),48),
(29,17,'Software glitch',CONVERT(DATE,'01-07-2022',105),86),
(30,72,'Broken keypad',CONVERT(DATE,'29-03-2017',105),67),
(31,51,'Broken keypad',CONVERT(DATE,'04-06-2014',105),60),
(32,67,'Broken keypad',CONVERT(DATE,'15-04-2002',105),47),
(33,33,'Worn out card reader',CONVERT(DATE,'01-09-2019',105),73),
(34,55,'Worn out card reader',CONVERT(DATE,'06-02-2005',105),54),
(35,46,'Receipt malfunctions',CONVERT(DATE,'21-08-2001',105),105),
(36,48,'Faulty dispenser',CONVERT(DATE,'14-03-2013',105),44),
(37,40,'Software glitch',CONVERT(DATE,'21-11-2004',105),99),
(38,35,'Worn out card reader',CONVERT(DATE,'06-07-2012',105),25),
(39,77,'Faulty dispenser',CONVERT(DATE,'11-12-2007',105),20),
(40,34,'Faulty dispenser',CONVERT(DATE,'23-05-2022',105),4),
(41,33,'Receipt malfunctions',CONVERT(DATE,'09-08-2002',105),92),
(42,55,'Receipt malfunctions',CONVERT(DATE,'05-07-2012',105),54),
(43,87,'Worn out card reader',CONVERT(DATE,'22-05-2001',105),28),
(44,52,'Broken keypad',CONVERT(DATE,'13-05-2022',105),68),
(45,47,'Software glitch',CONVERT(DATE,'29-05-2013',105),93),
(46,18,'Faulty dispenser',CONVERT(DATE,'30-03-2022',105),66),
(47,57,'Receipt malfunctions',CONVERT(DATE,'14-03-2004',105),1),
(48,77,'Receipt malfunctions',CONVERT(DATE,'15-07-2007',105),18),
(49,48,'Worn out card reader',CONVERT(DATE,'13-07-2012',105),35),
(50,43,'Faulty dispenser',CONVERT(DATE,'03-04-2010',105),33),
(51,29,'Receipt malfunctions',CONVERT(DATE,'08-01-2014',105),95),
(52,38,'Software glitch',CONVERT(DATE,'17-07-2014',105),103),
(53,11,'Broken keypad',CONVERT(DATE,'18-02-2003',105),3),
(54,19,'Faulty dispenser',CONVERT(DATE,'07-10-2006',105),29),
(55,40,'Worn out card reader',CONVERT(DATE,'31-01-2014',105),16),
(56,40,'Receipt malfunctions',CONVERT(DATE,'03-02-2022',105),72),
(57,55,'Faulty dispenser',CONVERT(DATE,'12-04-2008',105),54),
(58,72,'Faulty dispenser',CONVERT(DATE,'13-09-2003',105),67),
(59,58,'Broken keypad',CONVERT(DATE,'03-03-2016',105),31),
(60,75,'Faulty dispenser',CONVERT(DATE,'29-09-2004',105),37),
(61,33,'Broken keypad',CONVERT(DATE,'22-04-2007',105),69),
(62,86,'Receipt malfunctions',CONVERT(DATE,'25-12-2008',105),37),
(63,35,'Worn out card reader',CONVERT(DATE,'09-07-2020',105),105),
(64,52,'Broken keypad',CONVERT(DATE,'19-02-2015',105),68),
(65,37,'Faulty dispenser',CONVERT(DATE,'16-07-2020',105),77),
(66,57,'Worn out card reader',CONVERT(DATE,'22-09-2022',105),1),
(67,33,'Receipt malfunctions',CONVERT(DATE,'03-09-2005',105),83),
(68,19,'Receipt malfunctions',CONVERT(DATE,'30-09-2011',105),29),
(69,29,'Software glitch',CONVERT(DATE,'10-08-2012',105),94),
(70,69,'Faulty dispenser',CONVERT(DATE,'28-03-2003',105),18),
(71,48,'Receipt malfunctions',CONVERT(DATE,'10-02-2019',105),44),
(72,87,'Receipt malfunctions',CONVERT(DATE,'08-02-2004',105),58),
(73,62,'Worn out card reader',CONVERT(DATE,'09-05-2010',105),7),
(74,59,'Broken keypad',CONVERT(DATE,'06-02-2018',105),3),
(75,32,'Worn out card reader',CONVERT(DATE,'10-02-2005',105),29),
(76,71,'Worn out card reader',CONVERT(DATE,'03-11-2018',105),76),
(77,16,'Software glitch',CONVERT(DATE,'18-04-2018',105),5),
(78,52,'Broken keypad',CONVERT(DATE,'02-02-2004',105),86),
(79,87,'Faulty dispenser',CONVERT(DATE,'28-02-2014',105),20),
(80,71,'Worn out card reader',CONVERT(DATE,'11-03-2014',105),84),
(81,36,'Faulty dispenser',CONVERT(DATE,'05-04-2013',105),103),
(82,66,'Worn out card reader',CONVERT(DATE,'25-06-2018',105),27),
(83,51,'Faulty dispenser',CONVERT(DATE,'26-09-2015',105),6),
(84,10,'Software glitch',CONVERT(DATE,'11-12-2001',105),8),
(85,66,'Broken keypad',CONVERT(DATE,'04-03-2002',105),109),
(86,29,'Worn out card reader',CONVERT(DATE,'27-08-2019',105),94),
(87,33,'Receipt malfunctions',CONVERT(DATE,'18-05-2013',105),92),
(88,4,'Receipt malfunctions',CONVERT(DATE,'15-02-2008',105),77),
(89,32,'Receipt malfunctions',CONVERT(DATE,'20-10-2011',105),16),
(90,62,'Software glitch',CONVERT(DATE,'24-04-2007',105),1),
(91,66,'Broken keypad',CONVERT(DATE,'05-02-2008',105),27),
(92,10,'Broken keypad',CONVERT(DATE,'23-10-2012',105),49),
(93,55,'Worn out card reader',CONVERT(DATE,'27-01-2001',105),15),
(94,82,'Software glitch',CONVERT(DATE,'23-06-2002',105),58),
(95,82,'Faulty dispenser',CONVERT(DATE,'28-05-2017',105),58),
(96,14,'Worn out card reader',CONVERT(DATE,'14-12-2009',105),71),
(97,60,'Software glitch',CONVERT(DATE,'11-09-2020',105),13)

INSERT INTO [Clients] VALUES 
(1,'Phil Lofting',CONVERT(DATE,'30-03-1995',105),'Krajan Dua Putukrejo','Indonesia','+62 697 945 465'),
(2,'Filbert Bassingham',CONVERT(DATE,'21-01-1988',105),'Esperanza','Dominican Republic','+1 614 187 413'),
(3,'Osmond Culkin',CONVERT(DATE,'08-06-1977',105),'Tacoma','United States','+1 253 714 047'),
(4,'Trina Ivanyushin',CONVERT(DATE,'26-10-2006',105),'Remas','Albania','+355 363 144 224'),
(5,'Sukey Jack',CONVERT(DATE,'24-08-1967',105),'Raszowa','Poland','+48 156 764 940'),
(6,'Diahann Broz',CONVERT(DATE,'09-05-2000',105),'Zhukovskiy','Russia','+7 354 293 872'),
(7,'Gualterio Castagnaro',CONVERT(DATE,'06-09-1977',105),'Huoqiu Chengguanzhen','China','+86 775 132 185'),
(8,'Jorey Chumley',CONVERT(DATE,'02-12-2003',105),'Xiaohe','China','+86 229 326 632'),
(9,'Chlo Donnett',CONVERT(DATE,'25-11-1973',105),'Hongshan','China','+86 368 625 073'),
(10,'Laryssa Roebottom',CONVERT(DATE,'15-02-1969',105),'Smedjebacken','Sweden','+46 600 402 366'),
(11,'Ginger Brownjohn',CONVERT(DATE,'25-10-2003',105),'Bayuwan','Indonesia','+62 977 252 507'),
(12,'Nikkie Blancowe',CONVERT(DATE,'15-11-1970',105),'Cluny','Mauritius','+230 947 811 187'),
(13,'Richie Kubala',CONVERT(DATE,'16-10-1980',105),'Žleby','Czech Republic','+420 145 477 570'),
(14,'Charlot Sygroves',CONVERT(DATE,'17-09-1967',105),'Jamalteca','Honduras','+504 748 907 859'),
(15,'Gage Clue',CONVERT(DATE,'07-09-1974',105),'São Francisco','Brazil','+55 865 473 714'),
(16,'Jessee Stanyer',CONVERT(DATE,'02-09-1973',105),'Mayuan','China','+86 325 804 533'),
(17,'Pete Sprosson',CONVERT(DATE,'08-03-2005',105),'Mata','Portugal','+351 503 945 954'),
(18,'Didi Hubbold',CONVERT(DATE,'18-10-1995',105),'Miaoshi','China','+86 203 907 565'),
(19,'Chrisse O''Carmody',CONVERT(DATE,'09-01-1979',105),'Karangagung Timur','Indonesia','+62 232 276 762'),
(20,'Aloysia Ryburn',CONVERT(DATE,'06-08-1977',105),'Hengpi','China','+86 963 886 634'),
(21,'Zachary Dyball',CONVERT(DATE,'18-08-1999',105),'Stepanovićevo','Serbia','+381 704 676 772'),
(22,'Ermentrude Strongitharm',CONVERT(DATE,'31-05-1995',105),'Mēga','Ethiopia','+251 595 469 263'),
(23,'Cody Arnholz',CONVERT(DATE,'04-06-1969',105),'Yefremov','Russia','+7 712 613 785'),
(24,'Lyn Dax',CONVERT(DATE,'18-08-2005',105),'Bangeran','Indonesia','+62 984 258 573'),
(25,'Abbi Ragbourn',CONVERT(DATE,'18-09-1973',105),'Cigalontang','Indonesia','+62 559 632 457'),
(26,'Allyce Headrick',CONVERT(DATE,'25-01-2004',105),'Kladanj','Bosnia and Herzegovina','+387 557 570 404'),
(27,'Louise Killelay',CONVERT(DATE,'06-09-1999',105),'Mir','Belarus','+375 406 582 221'),
(28,'Belia Seagood',CONVERT(DATE,'29-01-1974',105),'Ystad','Sweden','+46 993 287 170'),
(29,'Gretel Gansbuhler',CONVERT(DATE,'07-09-2006',105),'Bundoc','Philippines','+63 602 609 579'),
(30,'Selia Burkill',CONVERT(DATE,'17-08-1969',105),'Huangchuan','China','+86 597 808 144'),
(31,'Quillan Nice',CONVERT(DATE,'24-08-1971',105),'Palompon','Philippines','+63 732 117 663'),
(32,'Annemarie Blankau',CONVERT(DATE,'21-10-1997',105),'Wendo','Ethiopia','+251 706 252 365'),
(33,'Elnore Blacket',CONVERT(DATE,'19-04-2002',105),'Gornji Petrovci','Slovenia','+386 306 882 333'),
(34,'Sallyanne Gentil',CONVERT(DATE,'24-05-1968',105),'Luoshan','China','+86 951 558 807'),
(35,'Anallise Spurret',CONVERT(DATE,'27-07-1987',105),'Santo Domingo','Philippines','+63 208 838 517'),
(36,'Kerr McCreagh',CONVERT(DATE,'21-06-1984',105),'Líbeznice','Czech Republic','+420 241 544 669'),
(37,'Arabella Curtis',CONVERT(DATE,'18-08-1990',105),'Pontevedra','Spain','+34 189 306 648'),
(38,'Bernhard Giacopello',CONVERT(DATE,'14-11-1967',105),'Vetluzhskiy','Russia','+7 951 251 321'),
(39,'Fanchon De Hailes',CONVERT(DATE,'15-07-1998',105),'Uenohara','Japan','+81 170 280 150'),
(40,'Nellie Westoff',CONVERT(DATE,'14-10-1974',105),'Lyon','France','+33 864 839 197'),
(41,'Vassily Fairlam',CONVERT(DATE,'03-04-1984',105),'Katrineholm','Sweden','+46 560 441 717'),
(42,'Mortie Sadgrove',CONVERT(DATE,'07-10-1998',105),'Paragominas','Brazil','+55 150 644 226'),
(43,'Dorey Cantrell',CONVERT(DATE,'02-07-1990',105),'Pamedilan','Indonesia','+62 977 734 861'),
(44,'Fayina Logie',CONVERT(DATE,'23-06-1996',105),'Huangcun','China','+86 844 222 433'),
(45,'Valina Loakes',CONVERT(DATE,'30-06-1973',105),'Tapera','Brazil','+55 200 596 687'),
(46,'Humfried Delagua',CONVERT(DATE,'27-03-2004',105),'Quyangqiao','China','+86 669 902 671'),
(47,'Arleyne Nyssen',CONVERT(DATE,'16-10-1986',105),'Mississauga','Canada','+1 676 660 306'),
(48,'Doug Pitcock',CONVERT(DATE,'16-07-1997',105),'Montluçon','France','+33 466 720 357'),
(49,'Leona Hardcastle',CONVERT(DATE,'25-08-2005',105),'Dugu','China','+86 744 316 569'),
(50,'Christabella Schinetti',CONVERT(DATE,'21-10-1972',105),'Sanrao','China','+86 371 887 730'),
(51,'Joeann Monkman',CONVERT(DATE,'25-01-1991',105),'Heicheng','China','+86 917 890 545'),
(52,'Oberon Apdell',CONVERT(DATE,'05-10-2001',105),'Shcherbinka','Russia','+7 699 849 654'),
(53,'Tiffanie Garmon',CONVERT(DATE,'09-12-1969',105),'Pinayagan Norte','Philippines','+63 735 780 766'),
(54,'Thomasa Januszkiewicz',CONVERT(DATE,'01-01-1968',105),'Tanudan','Philippines','+63 640 896 472'),
(55,'Moria Lawrance',CONVERT(DATE,'17-02-1995',105),'Impendle','South Africa','+27 310 363 287'),
(56,'Benita Bockin',CONVERT(DATE,'22-05-2004',105),'Popova','Russia','+7 623 232 605'),
(57,'Harriette Punshon',CONVERT(DATE,'09-05-1983',105),'Karnice','Poland','+48 999 197 762'),
(58,'Bartholomew Hedger',CONVERT(DATE,'02-03-1973',105),'Tobi Village','Palau','+680 180 249 344'),
(59,'Merilee Mcasparan',CONVERT(DATE,'29-04-1989',105),'Alicante/Alacant','Spain','+34 828 915 419'),
(60,'Giovanni Caddies',CONVERT(DATE,'19-07-1985',105),'Krzanowice','Poland','+48 415 605 100'),
(61,'Leodora Shoulder',CONVERT(DATE,'04-07-1978',105),'Ouidah','Benin','+229 421 888 242'),
(62,'Sibel Smallcomb',CONVERT(DATE,'04-11-1980',105),'Battle Creek','United States','+1 269 819 738'),
(63,'Addie Klaffs',CONVERT(DATE,'20-06-1983',105),'Saint-Denis','Reunion','+262 989 564 498'),
(64,'Ardelis Goatman',CONVERT(DATE,'16-08-2001',105),'Gogosuket','Indonesia','+62 957 321 338'),
(65,'Adey Mangon',CONVERT(DATE,'26-07-1987',105),'Hroznětín','Czech Republic','+420 618 842 775'),
(66,'Vergil Ralestone',CONVERT(DATE,'06-12-1975',105),'Gniechowice','Poland','+48 712 407 558'),
(67,'Renault Bartolomeo',CONVERT(DATE,'03-12-1990',105),'Pandangan Kulon','Indonesia','+62 342 261 629'),
(68,'Harwilll Damiral',CONVERT(DATE,'30-09-2006',105),'Panadtaban','Philippines','+63 119 146 720'),
(69,'Rupert Chadderton',CONVERT(DATE,'15-10-1975',105),'Beutong Ateuh','Indonesia','+62 322 887 303'),
(70,'Noel Deverill',CONVERT(DATE,'31-05-1991',105),'København','Denmark','+45 980 120 886'),
(71,'Winnah Merrick',CONVERT(DATE,'05-05-1974',105),'Bapska','Croatia','+385 950 817 415'),
(72,'Caron Cannan',CONVERT(DATE,'09-01-1968',105),'Calamba','Philippines','+63 854 909 810'),
(73,'Karlotte Frarey',CONVERT(DATE,'05-08-1986',105),'Villa Dolores','Argentina','+54 717 944 579'),
(74,'Peria Carlozzi',CONVERT(DATE,'04-03-1978',105),'Hongtian','China','+86 632 895 706'),
(75,'Arch Grundwater',CONVERT(DATE,'07-12-1973',105),'Sechelt','Canada','+1 981 535 764'),
(76,'Karlyn Common',CONVERT(DATE,'24-01-1989',105),'Shuangtang','China','+86 820 120 517'),
(77,'Tami Winterflood',CONVERT(DATE,'19-05-1983',105),'Dungloe','Ireland','+353 611 976 129'),
(78,'Ellissa Tadgell',CONVERT(DATE,'14-09-2004',105),'Avignon','France','+33 453 775 381'),
(79,'Eliot Moden',CONVERT(DATE,'15-06-2006',105),'Nam Phong','Thailand','+66 258 975 945'),
(80,'Nevins Doget',CONVERT(DATE,'15-07-1967',105),'Rājbirāj','Nepal','+977 600 398 614'),
(81,'Stephanus Topliss',CONVERT(DATE,'25-05-1999',105),'Valence','France','+33 592 126 224'),
(82,'Orion Tipler',CONVERT(DATE,'25-07-1989',105),'Al ‘Aqabah','Yemen','+967 507 351 165'),
(83,'Joey Vawton',CONVERT(DATE,'07-12-2006',105),'Koroyo','Indonesia','+62 143 725 848'),
(84,'Benny Embery',CONVERT(DATE,'20-10-2000',105),'Badai','China','+86 831 938 040'),
(85,'Julissa Cordeux',CONVERT(DATE,'10-08-1984',105),'Tapilon','Philippines','+63 585 849 283'),
(86,'Stacie Rolfini',CONVERT(DATE,'19-03-1980',105),'Néa Kíos','Greece','+30 819 752 246'),
(87,'Audra Hanselman',CONVERT(DATE,'24-05-1972',105),'Vila Verde','Portugal','+351 280 591 908'),
(88,'Mick Bode',CONVERT(DATE,'25-07-1976',105),'Ribeira das Taínhas','Portugal','+351 735 299 901'),
(89,'Arny Glaister',CONVERT(DATE,'16-10-1982',105),'Conroe','United States','+1 936 301 841'),
(90,'Derrik Clark',CONVERT(DATE,'04-11-1980',105),'Laoxingchang','China','+86 825 102 907'),
(91,'Randi Kliner',CONVERT(DATE,'13-08-1967',105),'Rambatan','Indonesia','+62 383 327 754'),
(92,'Brandise Raddan',CONVERT(DATE,'26-04-1978',105),'Yangsan','South Korea','+82 972 598 207'),
(93,'Aguie McCague',CONVERT(DATE,'31-05-1981',105),'Sal’sk','Russia','+7 992 994 041'),
(94,'Nichole Leyzell',CONVERT(DATE,'26-07-2001',105),'Poitiers','France','+33 330 126 133'),
(95,'Tommie Growden',CONVERT(DATE,'27-05-1984',105),'Ngeni','Indonesia','+62 173 565 366'),
(96,'Ambrose Bougen',CONVERT(DATE,'26-05-1979',105),'Pasirmalang','Indonesia','+62 950 452 357'),
(97,'Ebenezer Gogin',CONVERT(DATE,'14-06-2006',105),'Ikata-chō','Japan','+81 509 432 607'),
(98,'Neall Pearmain',CONVERT(DATE,'23-09-1982',105),'Los Dos Caminos','Venezuela','+58 351 464 046'),
(99,'Caryl Phelipeaux',CONVERT(DATE,'16-05-1993',105),'Suchedniów','Poland','+48 367 560 572'),
(100,'Thatch Cottel',CONVERT(DATE,'23-04-1972',105),'Marly','France','+33 926 476 161'),
(101,'Henrie O''Loughane',CONVERT(DATE,'24-11-1967',105),'Rubirizi','Uganda','+256 627 243 316'),
(102,'Wendel Enderby',CONVERT(DATE,'12-07-1972',105),'Pledo','Indonesia','+62 743 298 887'),
(103,'Editha Hartles',CONVERT(DATE,'06-09-2000',105),'Barrī ash Sharqī','Syria','+963 829 418 752'),
(104,'El Layborn',CONVERT(DATE,'24-10-1988',105),'Feilaixia','China','+86 470 459 601'),
(105,'Howie Conaboy',CONVERT(DATE,'24-06-1969',105),'Mosrentgen','Russia','+7 121 813 198'),
(106,'Meggi Canto',CONVERT(DATE,'05-01-1973',105),'Komsomolsk-on-Amur','Russia','+7 373 771 592'),
(107,'Vinny Ivers',CONVERT(DATE,'22-02-1987',105),'Tengqiao','China','+86 311 454 257'),
(108,'Catherine Delahunty',CONVERT(DATE,'22-08-1968',105),'Jianggang','China','+86 943 677 325'),
(109,'Laure Tzarkov',CONVERT(DATE,'17-09-1995',105),'Erfurt','Germany','+49 976 428 080'),
(110,'Valentia Dolman',CONVERT(DATE,'21-09-1995',105),'Lasehao','Indonesia','+62 576 760 299'),
(111,'Tiphani Capner',CONVERT(DATE,'06-06-2001',105),'Mirsíni','Greece','+30 553 990 652'),
(112,'Kelcey Shuttlewood',CONVERT(DATE,'06-01-2002',105),'Sápes','Greece','+30 650 257 523'),
(113,'Mitch Fosse',CONVERT(DATE,'14-02-1988',105),'Usevia','Tanzania','+255 459 276 653'),
(114,'Asia Hanselmann',CONVERT(DATE,'29-07-1978',105),'Livingstone','Zambia','+260 423 834 705'),
(115,'Torrance Piggins',CONVERT(DATE,'29-09-1971',105),'Majur','Serbia','+381 435 926 508'),
(116,'Gates Potier',CONVERT(DATE,'23-07-1973',105),'Masina','Democratic Republic of the Congo','+242 927 178 817'),
(117,'Elsie Mulholland',CONVERT(DATE,'13-11-1995',105),'Buy','Russia','+7 682 713 586'),
(118,'Kathrine Jakubowicz',CONVERT(DATE,'05-01-1968',105),'Hengxi','China','+86 478 157 603'),
(119,'Candra Barnaby',CONVERT(DATE,'19-03-1985',105),'Svitlovods’k','Ukraine','+380 697 464 943'),
(120,'Marena Tarney',CONVERT(DATE,'05-03-1998',105),'Natal','Brazil','+55 880 306 456'),
(121,'Neille Cheal',CONVERT(DATE,'14-12-1983',105),'Xiaotang','China','+86 636 562 184'),
(122,'Mersey Rediers',CONVERT(DATE,'29-06-1994',105),'Sofádes','Greece','+30 716 659 653'),
(123,'Jozef Brigman',CONVERT(DATE,'07-08-1994',105),'Liushan','China','+86 923 111 730'),
(124,'Nady Dootson',CONVERT(DATE,'16-12-1996',105),'Baishuitan','China','+86 858 312 577'),
(125,'Alayne Howselee',CONVERT(DATE,'31-03-1998',105),'Chelbasskaya','Russia','+7 654 153 183'),
(126,'Cooper Olenchenko',CONVERT(DATE,'15-08-2000',105),'Ptení','Czech Republic','+420 651 404 424'),
(127,'Boyd Kretchmer',CONVERT(DATE,'23-12-2006',105),'Pancas','Brazil','+55 766 704 671'),
(128,'Eduardo Bonas',CONVERT(DATE,'06-12-2002',105),'North Perth','Canada','+1 341 655 692'),
(129,'Lacy Rosenfield',CONVERT(DATE,'16-08-1980',105),'Saint-Maurice','France','+33 903 778 140'),
(130,'Constancia Finlayson',CONVERT(DATE,'21-06-1970',105),'Nahura','Indonesia','+62 188 895 034'),
(131,'Gabbey Silverman',CONVERT(DATE,'01-09-1998',105),'Moluo','China','+86 163 783 592'),
(132,'Park Bim',CONVERT(DATE,'23-07-1987',105),'Sumberagung','Indonesia','+62 270 954 982'),
(133,'Maddy Kleyn',CONVERT(DATE,'23-09-1987',105),'Estreito Câmara de Lobos','Portugal','+351 818 166 039'),
(134,'Rand Tarburn',CONVERT(DATE,'22-07-1975',105),'Əhmədbəyli','Azerbaijan','+994 246 253 051'),
(135,'Hetty Cossins',CONVERT(DATE,'13-09-1971',105),'Apartadó','Colombia','+57 517 467 082'),
(136,'Sherman Caseri',CONVERT(DATE,'26-01-1983',105),'Bandeirantes','Brazil','+55 920 649 617'),
(137,'Brett Bohlin',CONVERT(DATE,'18-01-1983',105),'Jiangdianzi','China','+86 373 390 113'),
(138,'Nathanael Catling',CONVERT(DATE,'27-06-1982',105),'Sumberpandan','Indonesia','+62 302 716 489'),
(139,'Dru Curnick',CONVERT(DATE,'02-02-1989',105),'Capela','Portugal','+351 304 729 098'),
(140,'Agnella Hanna',CONVERT(DATE,'05-06-2002',105),'Břeclav','Czech Republic','+420 763 235 017'),
(141,'Sibyl Count',CONVERT(DATE,'23-10-1992',105),'Kitob','Uzbekistan','+998 679 555 254'),
(142,'Hillary Cicero',CONVERT(DATE,'18-01-1972',105),'Jilin','China','+86 160 153 206'),
(143,'Mose Saing',CONVERT(DATE,'25-10-1989',105),'Ōtsuki','Japan','+81 119 520 694'),
(144,'Constantin Virgoe',CONVERT(DATE,'08-03-1989',105),'Bilqās','Egypt','+20 901 533 526'),
(145,'Siobhan Shermore',CONVERT(DATE,'30-06-1990',105),'Kishi','Nigeria','+234 159 349 718'),
(146,'Taite Clubbe',CONVERT(DATE,'15-07-1975',105),'Wenchang','China','+86 797 408 241'),
(147,'Angie Sullivan',CONVERT(DATE,'10-01-1993',105),'Salamá','Honduras','+504 576 408 122'),
(148,'Casar Langstone',CONVERT(DATE,'20-02-1992',105),'Vuka','Croatia','+385 891 814 023'),
(149,'Gabbi Egger',CONVERT(DATE,'31-01-1979',105),'Poligny','France','+33 501 614 782'),
(150,'Weston Bugdale',CONVERT(DATE,'21-08-1980',105),'Aş Şanamayn','Syria','+963 438 178 950'),
(151,'Penni Ableson',CONVERT(DATE,'26-02-1977',105),'Sainte-Geneviève-des-Bois','France','+33 710 818 637'),
(152,'Isak Feldon',CONVERT(DATE,'17-10-2005',105),'Innoshima','Japan','+81 388 309 971'),
(153,'Jean Djekic',CONVERT(DATE,'22-11-1970',105),'Titiakar','Indonesia','+62 124 282 896'),
(154,'Hannis Danigel',CONVERT(DATE,'08-04-1983',105),'Kangar','Malaysia','+60 363 470 416'),
(155,'Ellyn Lardeux',CONVERT(DATE,'22-04-1995',105),'Zhongtai','China','+86 230 220 922'),
(156,'Emmaline Perocci',CONVERT(DATE,'23-12-1982',105),'Nangong','China','+86 247 969 462'),
(157,'Dorian Housbie',CONVERT(DATE,'15-08-1983',105),'Shar','Kazakhstan','+7 510 456 563'),
(158,'Kimberly Chell',CONVERT(DATE,'03-10-1974',105),'Sá','Portugal','+351 741 434 882'),
(159,'Jessalyn Hovenden',CONVERT(DATE,'27-01-1979',105),'Albuera','Philippines','+63 141 500 517'),
(160,'Erich Pietersma',CONVERT(DATE,'14-06-1976',105),'Rato','Indonesia','+62 478 307 271'),
(161,'Artemus Craigmyle',CONVERT(DATE,'21-03-1990',105),'Shuangjie','China','+86 735 505 159'),
(162,'Amabelle Turle',CONVERT(DATE,'22-03-1970',105),'Quintas','Portugal','+351 993 280 752'),
(163,'Roz Mewrcik',CONVERT(DATE,'28-11-1974',105),'Dalamdesa Kalapadua','Indonesia','+62 992 175 280'),
(164,'Francisco Tomson',CONVERT(DATE,'27-01-1995',105),'Benito Juarez','Mexico','+52 530 462 260'),
(165,'Silvio Trimmill',CONVERT(DATE,'04-05-1988',105),'Zili','China','+86 488 986 722'),
(166,'Jeanna Fulop',CONVERT(DATE,'07-09-1975',105),'Manakara','Madagascar','+261 972 212 399'),
(167,'Harald McHugh',CONVERT(DATE,'05-06-1974',105),'Valerianovsk','Russia','+7 326 601 434'),
(168,'Francesco Linneman',CONVERT(DATE,'23-01-2000',105),'Rancapanjang','Indonesia','+62 809 866 556'),
(169,'Dennie Blackledge',CONVERT(DATE,'25-04-1969',105),'Kadurahayu','Indonesia','+62 588 984 030'),
(170,'Katrina Gligoraci',CONVERT(DATE,'06-02-1979',105),'Hongshan','China','+86 170 742 330'),
(171,'Fancy Coit',CONVERT(DATE,'17-10-1990',105),'Sungaiduri','Indonesia','+62 179 678 143'),
(172,'Xerxes Kivelhan',CONVERT(DATE,'21-06-1989',105),'Shahe','China','+86 992 997 375'),
(173,'Cecilius Tremellan',CONVERT(DATE,'24-08-1985',105),'Rossosh’','Russia','+7 542 922 911'),
(174,'Vernen Lopez',CONVERT(DATE,'27-12-1975',105),'Astromil','Portugal','+351 943 860 770'),
(175,'Ritchie Crate',CONVERT(DATE,'03-05-1995',105),'Longjiang','China','+86 489 453 162'),
(176,'Janene Urpeth',CONVERT(DATE,'15-08-1988',105),'Itapira','Brazil','+55 830 177 040'),
(177,'Peggie Patsall',CONVERT(DATE,'11-09-1992',105),'Liantan','China','+86 682 692 512'),
(178,'Aloysia Bilbie',CONVERT(DATE,'12-12-1979',105),'Karabudakhkent','Russia','+7 943 494 051'),
(179,'Eileen Lody',CONVERT(DATE,'05-09-1982',105),'Benito Juarez','Mexico','+52 197 160 608'),
(180,'Catie Giabucci',CONVERT(DATE,'05-02-2006',105),'Neuilly-sur-Seine','France','+33 609 289 929'),
(181,'Saidee Androsik',CONVERT(DATE,'14-12-1996',105),'Thị Trấn Na Hang','Vietnam','+84 697 674 381'),
(182,'Arte Grundwater',CONVERT(DATE,'18-02-1991',105),'Heshi','China','+86 804 847 704'),
(183,'Sella Padilla',CONVERT(DATE,'27-07-2005',105),'Xiangshan','China','+86 533 770 949'),
(184,'Ynes Grinin',CONVERT(DATE,'01-08-1981',105),'Casais Baleal','Portugal','+351 888 588 829'),
(185,'Donnie Fidian',CONVERT(DATE,'01-11-1973',105),'Krajan Langenharjo','Indonesia','+62 574 900 553'),
(186,'Tommy Hender',CONVERT(DATE,'21-11-1968',105),'Santo Niño','Philippines','+63 602 267 287'),
(187,'Dimitry Readings',CONVERT(DATE,'13-07-1990',105),'Carmen','Philippines','+63 646 186 195'),
(188,'Forbes Sloan',CONVERT(DATE,'24-02-1998',105),'Ratíškovice','Czech Republic','+420 730 609 388'),
(189,'Yule Hyman',CONVERT(DATE,'01-11-1976',105),'Roslavl’','Russia','+7 586 777 818'),
(190,'Cindie Shewan',CONVERT(DATE,'31-07-1983',105),'Strzyżowice','Poland','+48 232 879 749'),
(191,'Gina Aberkirder',CONVERT(DATE,'19-03-1979',105),'Honglu','China','+86 546 827 363'),
(192,'Marika De Beneditti',CONVERT(DATE,'06-08-1991',105),'Huolu','China','+86 912 263 165'),
(193,'Cornell Begg',CONVERT(DATE,'09-01-1997',105),'Miasteczko Śląskie','Poland','+48 534 507 255'),
(194,'Rooney Linger',CONVERT(DATE,'12-09-1977',105),'Itapemirim','Brazil','+55 467 267 532'),
(195,'Lettie Terren',CONVERT(DATE,'17-10-1969',105),'Kalepasan','Indonesia','+62 156 195 537'),
(196,'Boris Olivie',CONVERT(DATE,'31-07-1973',105),'Linfen','China','+86 317 398 694'),
(197,'Louis Zmitruk',CONVERT(DATE,'29-07-1969',105),'La Cañada','Mexico','+52 303 509 604'),
(198,'Hanna Frisdick',CONVERT(DATE,'08-03-2006',105),'Jezerce','Croatia','+385 247 974 946'),
(199,'Carmita Trustie',CONVERT(DATE,'10-07-1988',105),'Jianshe','China','+86 160 784 360'),
(200,'Heddie Caulket',CONVERT(DATE,'08-03-1972',105),'Ternovka','Russia','+7 510 828 431'),
(201,'Skipper Derington',CONVERT(DATE,'19-04-1993',105),'Ewarton','Jamaica','+1 255 264 315'),
(202,'Sheree Byneth',CONVERT(DATE,'17-05-1994',105),'Briey','France','+33 983 124 844'),
(203,'Ariadne Shoebridge',CONVERT(DATE,'15-12-1992',105),'Iquipi','Peru','+51 272 410 570'),
(204,'Tedda Wiltshear',CONVERT(DATE,'16-03-1979',105),'Pittsburgh','United States','+1  110 430'),
(205,'Aurlie Horley',CONVERT(DATE,'20-12-1970',105),'Vuokatti','Finland','+358 766 715 803'),
(206,'Polly Littler',CONVERT(DATE,'27-09-2000',105),'Humpolec','Czech Republic','+420 177 651 224'),
(207,'Fransisco Alexsandrov',CONVERT(DATE,'11-05-1993',105),'Calumpang','Philippines','+63 470 868 442'),
(208,'Benjamen Duffus',CONVERT(DATE,'21-04-1975',105),'Klumpit','Indonesia','+62 367 623 861'),
(209,'Benedick Dennidge',CONVERT(DATE,'11-08-2001',105),'Komsomol’skiy','Russia','+7 178 860 597'),
(210,'Cindi Sliman',CONVERT(DATE,'12-01-1983',105),'Santa Rita','Venezuela','+58 301 906 375'),
(211,'Nevins Strother',CONVERT(DATE,'19-11-2005',105),'San Agustín','El Salvador','+503 446 706 572'),
(212,'Hasty Schwandermann',CONVERT(DATE,'02-07-1968',105),'Lop','China','+86 747 715 034'),
(213,'Brita MacLaverty',CONVERT(DATE,'26-07-2005',105),'Saltsjö-Boo','Sweden','+46 299 943 705'),
(214,'Emlyn Lowery',CONVERT(DATE,'15-07-1990',105),'Atalhada','Portugal','+351 741 258 569'),
(215,'Byram Lobb',CONVERT(DATE,'23-07-1975',105),'Gobabis','Namibia','+264 343 441 963'),
(216,'Eula Heaffey',CONVERT(DATE,'18-10-2006',105),'Bilar','Philippines','+63 280 751 319'),
(217,'Sheena Badrock',CONVERT(DATE,'15-02-2000',105),'Xingdian','China','+86 815 519 754'),
(218,'Benn Moulsdall',CONVERT(DATE,'17-06-2001',105),'Fyllingsdalen','Norway','+47 624 463 848'),
(219,'Fiann Songest',CONVERT(DATE,'19-03-1995',105),'Kunčice pod Ondřejníkem','Czech Republic','+420 265 609 440'),
(220,'Jim Guion',CONVERT(DATE,'13-11-1982',105),'Devin','Bulgaria','+359 295 816 922'),
(221,'Debi Heinrich',CONVERT(DATE,'02-12-1999',105),'Blimbing','Indonesia','+62 939 120 415'),
(222,'Darwin D''Ambrogi',CONVERT(DATE,'25-05-1974',105),'Áthyra','Greece','+30 382 841 472'),
(223,'Celka Sidwick',CONVERT(DATE,'11-09-2001',105),'Vale Covo','Portugal','+351 635 245 534'),
(224,'Cleve Brodhead',CONVERT(DATE,'17-08-1969',105),'Lokoja','Nigeria','+234 983 178 188'),
(225,'Ajay Morefield',CONVERT(DATE,'04-07-1989',105),'Lantian','China','+86 175 470 335'),
(226,'Julio Humphries',CONVERT(DATE,'02-03-1976',105),'Liuche','China','+86 972 977 227'),
(227,'Libby Ruddiman',CONVERT(DATE,'03-09-1993',105),'Papakura','New Zealand','+64 517 847 391'),
(228,'Jakob Pullin',CONVERT(DATE,'11-12-1993',105),'Oslo','Norway','+47 994 178 946'),
(229,'Miguela Menichino',CONVERT(DATE,'14-03-1990',105),'Enhtal','Mongolia','+976 185 289 272'),
(230,'Amery Baseley',CONVERT(DATE,'21-11-1982',105),'Taohuajiang','China','+86 242 536 696'),
(231,'Rivi Lardier',CONVERT(DATE,'26-10-1995',105),'Undurkhaan','Mongolia','+976 519 385 905'),
(232,'Roosevelt Brettle',CONVERT(DATE,'21-09-1976',105),'Sacramento','United States','+1 916 166 972'),
(233,'Morgan Pignon',CONVERT(DATE,'05-09-1981',105),'Shijie','China','+86 965 300 625'),
(234,'Anastassia Donativo',CONVERT(DATE,'21-03-1975',105),'Ourtzagh','Morocco','+212 505 116 115'),
(235,'Gabie Dovydenas',CONVERT(DATE,'30-08-1968',105),'Soca','Uruguay','+598 356 485 598'),
(236,'Christyna Escolme',CONVERT(DATE,'30-05-1990',105),'Järna','Sweden','+46 679 191 707'),
(237,'Rob Buncom',CONVERT(DATE,'19-10-1990',105),'Sanchahe','China','+86 459 893 311'),
(238,'Drucie Ranklin',CONVERT(DATE,'01-04-1993',105),'Świętajno','Poland','+48 725 873 946'),
(239,'Nonie Drinkall',CONVERT(DATE,'14-04-2006',105),'Solna','Sweden','+46 656 659 453'),
(240,'Hugh Heineking',CONVERT(DATE,'24-06-1990',105),'Bang Mun Nak','Thailand','+66 828 961 309'),
(241,'Randy Murcott',CONVERT(DATE,'23-08-1992',105),'Libu','China','+86 939 697 780'),
(242,'Killian Burhouse',CONVERT(DATE,'30-06-1995',105),'Nabire','Indonesia','+62 964 115 952'),
(243,'Nollie Yacob',CONVERT(DATE,'23-01-2002',105),'Fengjiang','China','+86 533 742 427'),
(244,'Philip Slane',CONVERT(DATE,'10-07-1988',105),'Vyborg','Russia','+7 747 639 422'),
(245,'Roth Messier',CONVERT(DATE,'21-01-1976',105),'Batarasa','Philippines','+63 820 742 955'),
(246,'Eduard Towne',CONVERT(DATE,'15-12-1976',105),'El Coco','Panama','+507 912 939 504'),
(247,'Decca Commander',CONVERT(DATE,'01-01-1973',105),'Cibinong Satu','Indonesia','+62 413 961 092'),
(248,'Angelia Betancourt',CONVERT(DATE,'30-08-1999',105),'Rayevskaya','Russia','+7 751 713 194'),
(249,'Malynda Carlett',CONVERT(DATE,'22-05-1967',105),'Oceanside','United States','+1 858 381 995'),
(250,'Bobbie Rosenthal',CONVERT(DATE,'21-01-1988',105),'Kętrzyn','Poland','+48 736 787 227')

INSERT INTO [AccountTypes] VALUES
(1,'personal'),
(2,'for minors'),
(3,'saving'),
(4,'business')

INSERT INTO [Accounts] VALUES
('LV54ECKV6ZGJX0IIUVHL5',1,'White-throated toucan',1,0),
('KW55BNBGRDFPUPAR76GXJGMLBWNJDJ',1,'Namekagon',3,0),
('AZ32WDFXIMHARYKZEWVKS5QG5GQ7',2,'Olson Group',1,0),
('AD1134412734T2QDTJMM081V',3,'Spohn',3,0),
('MR5859854951201639578886328',3,'Wrapsafe',3,0),
('CY12037553938HANCACNARCJXUQ2',4,'"Ass asiatic wild"',1,0),
('PS81ZQCHDLD7M5SDZUWZNKSYSTCMO',5,'Lotstring',2,0),
('CR3578337327691973857',6,'Zieme-Heathcote',1,0),
('FR695430719047MSWFWEIHCAO18',7,'Eagan',1,0),
('AZ08JZPPKUJEHKR1GY3W6KKXEQVX',7,'McKenzie and Sons',3,0),
('VG31PSVD3306916511040551',8,'Mann-Littel',1,0),
('GE48XU2593947486603679',9,'"Hane Rippin and Huels"',3,0),
('FR020030296237IEVJRNNE81185',10,'Ridgeview',1,0),
('MR9293896375155311533763691',11,'Di Loreto',1,0),
('FR906810695504FGKARJRBLHT69',12,'Goodland',1,0),
('GE97WM3367278084164498',13,'Two-banded monitor',1,0),
('PT71564523690879072851969',14,'"Pelican australian"',1,0),
('MK134411YFEKBZBWL07',15,'Lubowitz-Mohr',1,0),
('FI9402822523279354',16,'Namfix',1,0),
('MC574513984017FXNQQKOYBLQ33',17,'"Francolin coqui"',3,0),
('AD2069374153OGLBJD58WU9P',17,'"Price Oberbrunner and Nienow"',4,0),
('GI25ZCHKNQY5VUKQX7YBHDF',18,'Paget',1,0),
('SK0695981842219577262047',19,'Toughjoyfax',3,0),
('LV48BFNXESQXEVWXFBA56',20,'Fixflex',1,0),
('FO8854289517375138',21,'"Starling cape"',3,0),
('IE48HHZZ83525892531312',22,'"Schultz Zemlak and Ondricka"',1,0),
('BG41SCDL243289A8SJWLKT',22,'Voltsillam',3,0),
('BG51UTCF39530314V3ZH9M',22,'Quincy',2,0),
('FR637609456526U9RDEVHO5CB69',23,'Arctic fox',3,0),
('FR356489721549ZZDSE5KDI8X74',24,'Bitchip',1,0),
('AE236837503028130721519',25,'Python (unidentified)',1,0),
('ME17166678628475535698',25,'Browning',1,0),
('IL450605438279402494986',26,'"Seal northern elephant"',1,0),
('RS24290913511207560191',26,'Marvin-Johnston',1,0),
('CZ3497925892890818012395',26,'"Lechwe kafue flats"',1,0),
('GI32WGDYBUIY0AXIYYCZSKB',27,'Conroy-Schaden',1,0),
('HR2046564264198251845',27,'Lukken',4,0),
('LI9151289N8ADOGNRY7JJ',28,'Alpha',1,0),
('FR5991243772989ZRAPXFZPJM39',29,'"Waelchi Lebsack and Marks"',1,0),
('FI6173596305213241',30,'Quitzon and Sons',1,0),
('EE729200220631494470',31,'Giant heron',2,0),
('MC9594613242296EWSW5VSIVF05',31,'Arctic lemming',3,0),
('SE2575710596688421800564',31,'Yost-Hirthe',3,0),
('FR635274752243LICMQSMWB3H27',32,'Malleefowl',1,0),
('FR295805314349IYF4X0TG18M78',32,'Kub Inc',1,0),
('IT91O3144014475S9FKIELW8AN2',33,'Lesch Group',1,0),
('NL34PXTR1965468531',33,'Doe Crossing',1,0),
('FR446546772473D2YUTPQSNVM59',34,'"Whale southern right"',3,0),
('DK2114195689978254',35,'Blick LLC',1,0),
('GB76IQCB97160799774998',36,'Roob-Hartmann',2,0),
('AE753499665648058074638',36,'Tennessee',1,0),
('FR1177144071868EIO0XBPAQH30',37,'Opela',1,0),
('BA215416045436370973',38,'Hazelcrest',1,0),
('GI78YXFWWPPG3KENZXB5OWJ',39,'Zamit',1,0),
('FR619119965698LVSQJKD5F1K91',39,'6th',1,0),
('FR682255975043UIPXBVY6QQV09',40,'Kutch and Sons',2,0),
('MR2368945812321419374551561',41,'Eastlawn',1,0),
('LB376799YJ0KWYEN27BGI1TLO8OG',42,'Mccormick',1,0),
('EE853716562864970222',42,'Hermiston-Brakus',1,0),
('GE34KS1299128746647379',43,'Oxford',1,0),
('CR0500499561858187259',44,'Center',4,0),
('HR2166353759659004541',45,'"Haag Lemke and Trantow"',3,0),
('BA914191805749374362',46,'Logan',1,0),
('PT70022787235164474321793',47,'Kautzer-Schuster',1,0),
('BE31174994112481',47,'"Stiedemann Gusikowski and Erdman"',3,0),
('AD5850360279KRMXHKDXYD73',48,'"Hamill Funk and Torphy"',3,0),
('GI75AYZZSTSK4O602XYWK5Y',49,'"Toucan white-throated"',1,0),
('DE55793587195444613920',49,'Effertz-Schimmel',1,0),
('IT19O9852009922EIEDOZ3AWLLC',50,'Prodder',1,0),
('PT07106690676316508649610',50,'Bamity',1,0),
('IL954780099934615738624',51,'Gembucket',1,0),
('GR560395974CG6TT9ZR8OFADHFE',51,'Columbian rainbow boa',1,0),
('NO8112364843498',52,'Burmese brown mountain tortoise',1,0),
('BG60XTTX845800OI22AMHG',52,'Opela',4,0),
('FO3724561082301483',53,'Arctic lemming',1,0),
('MD67PUO4Z8SS3BSH0ZRMQNZL',53,'Glendale',1,0),
('PL43281800397501597971052578',54,'Corry',3,0),
('NL16YIIT3067429023',54,'Black bear',3,0),
('PL66688800934580256377748627',55,'Konklab',1,0),
('AZ66GLLCMWGFFSKTDRD2WLKPHLEU',56,'Corscot',2,0),
('MT62KCQY05462BR5EJDWZRGMWLVVK9X',56,'Sage grouse',1,0),
('PT29499781625205195427425',57,'Boyle-Gleichner',1,0),
('BH71HEAXBBHOVHS1DSEFFC',57,'Volkman-Leannon',1,0),
('GI05REVO9BYXPV0P7VASYMR',58,'Lotstring',3,0),
('CR4377281577857817397',59,'Prentice',1,0),
('MU61JXWU2527801979854039878XXL',60,'Toughjoyfax',1,0),
('CZ5240340767680109789049',60,'Tropical buckeye butterfly',3,0),
('MD730CGGIQL7X7HD8J48NWXZ',61,'Myrtle',3,0),
('DE26201314004591017445',61,'Coleman',3,0),
('GR107134113WBJWTUXAFSY6XOHX',62,'Rank',4,0),
('SE6001853902593842235582',63,'Black kite',4,0),
('LI9371923OXAYHIGPTSWF',64,'Bitchip',1,0),
('FR614281571412VPU8P4TMHZR26',65,'Northport',1,0),
('BE75618527029177',66,'Rufous tree pie',1,0),
('FI9899581219440505',67,'Sonsing',1,0),
('NO2855437598422',67,'Harbort',3,0),
('BH97WIDAVDRL8VUX9PXD3E',68,'Daltfresh',3,0),
('BH72VEUO4WGT154P1GOGKD',68,'"Fox asian red"',1,0),
('LV57GLRMGI1XQVIQZVEAH',69,'Garrison',3,0),
('AE208442104089089423018',70,'Mohr and Sons',1,0),
('AE732911987174293790295',70,'Fix San',1,0),
('AL7735553150TGPITLB0SYRDI9PS',71,'"Brekke Wuckert and Bradtke"',2,0),
('CH6569821IBPATSHZIOIH',72,'Red-necked wallaby',1,0),
('RS23635468475653514503',73,'Feeney and Sons',3,0),
('FR3141806374742YTJQIW8M8V61',73,'"Dolphin striped"',1,0),
('KZ08583RLSRYBXSZMLZ4',73,'Lubowitz Group',1,0),
('IL551743412878301384189',74,'"Smitham Vandervort and Baumbach"',3,0),
('SE4479248889724865310316',75,'Holmberg',1,0),
('FR295986129113WWNRMI1WXL403',76,'Quo Lux',1,0),
('CY95098509140KUMVLON9VLJIQD8',77,'Vagram',1,0),
('SM83P90892886318JNTNUYDHWF0',78,'Hintz LLC',1,0),
('RO97XIPISFDSU3J7PR5QMX2Y',79,'Kuhic-Wilderman',3,0),
('FR553701618541DD6XFVKOG0J19',80,'Zaam-Dox',2,0),
('FR503493484244SEQBEBKZCBF36',81,'Gerhold Group',2,0),
('IE16ZFCL84923416394353',82,'Redhold',1,0),
('SI43882135365007747',83,'Hegmann and Sons',1,0),
('AD5283668040NMPAVVGZPME0',84,'African lynx',3,0),
('NL31YGPH2692175770',84,'Y-Solowarm',2,0),
('IS529134149568213867170653',84,'American beaver',2,0),
('SA3778UDH8Y8FHIYEF1NPUTH',85,'Vagram',1,0),
('CH6301816LZ2LSEXFP38U',86,'Sauer and Sons',1,0),
('FR823591936920GRRQXKU19RZ41',87,'Steuber Group',3,0),
('IL757842282767511621870',87,'Flowdesk',1,0),
('FR936121328389LQQGOASLWT796',87,'Troy',1,0),
('CZ6919197636686973457443',88,'Coqui partridge',2,0),
('BR7221865953826398554779737SD',88,'Nicolas-Barton',1,0),
('FR938173448585BAIZQZ14X8G91',89,'Alpha',1,0),
('GR831075194JMORVKUQDBUA5ZM7',90,'"Boar wild"',2,0),
('FR348161953409IHDIEAYL9TW33',91,'Tree porcupine',1,0),
('MC346613464463YWTAHFPXYQO01',92,'Coqui francolin',1,0),
('FR266343225064PCVUZ6NADSB73',93,'Portage',3,0),
('FR0871364849612TYD80JXEME62',93,'Hatity',1,0),
('DE62698807878704195908',94,'Graceland',2,0),
('DO97HK3L50306527257038899326',94,'Autumn Leaf',3,0),
('CZ2747500097884256576903',95,'Westerfield',1,0),
('PL48668376296626888107290863',95,'Helena',4,0),
('PK44GKYA7Y2JILW45PL1IYIP',96,'Beahan-Ziemann',2,0),
('DO02KQVW23200807091396017381',97,'Wiegand Group',3,0),
('DK8464664008739993',97,'Sage',1,0),
('AT368572355763145528',98,'Black bear',1,0),
('KW60GHNXNSHUOVNJSBVP2SQ00JCM0P',98,'Otcom',1,0),
('MC252479540832T14TYUTCAJX17',99,'Christiansen Inc',3,0),
('BA357519451022380509',100,'Crowned hawk-eagle',1,0),
('EE961551454545196995',101,'"Dove white-winged"',1,0),
('CZ5511689086302247661422',102,'"Phascogale red-tailed"',3,0),
('LB632707QJWMXHVKWQUXNPBJ2XJM',102,'"Howe Marvin and O''Reilly"',1,0),
('SI74825760997584571',103,'Pfeffer and Sons',3,0),
('PT54876113908975191283835',104,'Bailey-McLaughlin',3,0),
('LI2033561S5WMFJ5ZBQZX',104,'Considine-Kuphal',3,0),
('MD79CZ9B8ZBC8AOR8HZYY9X3',105,'Namfix',1,0),
('FR12486929649223CWSFBCJ0B68',106,'"Grenadier common"',1,0),
('FR628571710722LKS3T5PVPGD39',107,'Bergstrom LLC',3,0),
('GE75WE8521088818461588',108,'Schurz',1,0),
('CR2983777080677001186',109,'Regrant',2,0),
('CY7768546873YBRXVGTRPVXWPMTJ',110,'"Stork openbill"',1,0),
('PT49707589011545865450544',111,'Konklux',1,0),
('FR793424876717XQDV1IA63XT21',112,'"Feil Gusikowski and Hudson"',1,0),
('HU88435189870819175879843498',113,'Slender loris',3,0),
('FR210208793529RMLWKCAJ1KP98',114,'Kreiger-Lemke',1,0),
('RO14AXGDYLMTE72NNVIFYEIO',115,'Netted rock dragon',3,0),
('FR883818058529HDRHNLK7C3U16',116,'Crist and Sons',1,0),
('AE161634810267263463113',116,'"Gaylord Weber and Maggio"',3,0),
('FI2219198455116224',116,'Three-banded plover',1,0),
('RS85654387210792592067',117,'Straubel',4,0),
('PL22437092357459596906349411',117,'Lotstring',1,0),
('BE05214995557956',118,'Lotstring',1,0),
('FR980228933378SS3VLX9UACU28',118,'White-winged dove',3,0),
('DE88503433710437310817',119,'Zamit',3,0),
('FR611713437885U6YTD8ODFK572',120,'Anderson and Sons',1,0),
('FR1543277896585ZIK0CSQLQV29',120,'It',1,0),
('GR610161458JIHV88MPLUUKPWJ5',121,'Mann Inc',1,0),
('DO20X0CL94741421152889803412',121,'"Windler Haley and Schuster"',1,0),
('HR0300008282626637871',121,'Manley',3,0),
('PT82507163295595182171883',122,'Karstens',3,0),
('RO70NXRCFUZTFEM8KWY4HLHJ',123,'"Goldeneye common"',1,0),
('HU32721111300594357275097697',124,'Tampflex',1,0),
('AL8021214616W9VCCKPNSEDHIGBK',124,'"Kudu greater"',4,0),
('VG39XRWZ3431175664003491',124,'Voltsillam',1,0),
('VG47DHRW7922423687861885',125,'Mraz-Smith',4,0),
('FR236631003080GIYTWDCWVFH78',126,'Hauk',1,0),
('FR150163431747IPQWZBYQ0JT71',127,'Ferry Group',4,0),
('KZ10256D1AOHFFYCKKWY',128,'Red-winged hawk (unidentified)',3,0),
('GR665961948ADBSX9QJRLACNGCS',129,'Rohan LLC',3,0),
('AL6570802556BMVZYRADYQNHMSXK',129,'Bayer-Turcotte',1,0),
('FR6770020963208J1UCIEIWYZ93',130,'Red-necked phalarope',1,0),
('TN3601396158777213285428',130,'"Rhinoceros white"',1,0),
('MU93TNFO8173207120090343936ADB',131,'Zaam-Dox',1,0),
('AL1400369175Z8BXNP4B99VEUKRY',131,'Manatee',3,0),
('GL4455269002179975',132,'Stronghold',1,0),
('SE0807836706093660314829',132,'Luettgen-O''Keefe',1,0),
('LB096894R9DZWQ5UW5IZOJ0VW4JD',132,'Aerified',3,0),
('SM66W52736077383SUW2PCLO52E',133,'"Hyena spotted"',1,0),
('CZ7309875310832625068146',133,'Pierstorff',1,0),
('GI46RUHMQ07OKZOESULEZGS',133,'Blackbuck',1,0),
('LI3503146H6NYCOXPDAOT',134,'Pied kingfisher',1,0),
('CH0908891R9NEBWL3N840',134,'Toy-Batz',1,0),
('IT86W0126538188X6OUUTGNOEC4',135,'Forest',3,0),
('LB941675UDL4DF8O5J2L71XJLEFK',135,'Bogisich LLC',1,0),
('SA82871FSUT7YMRSB9HYZFRQ',135,'Johnson Group',1,0),
('CZ9299164119097306537977',136,'"Powlowski Monahan and Morissette"',2,0),
('BA179198823954910135',137,'Howe-Purdy',2,0),
('PT38083410636533077804885',138,'Manitowish',1,0),
('AZ73BFASXO7TAC1SDXQLYB2RTNGJ',139,'Zontrax',3,0),
('NL68ZWUN3667849411',140,'Dovetail',1,0),
('MC096276837603NNUE4RZ6EIF27',141,'Ronald Regan',3,0),
('BA679608648659368471',141,'"Schiller Padberg and Leuschke"',1,0),
('LT797595562457618197',141,'Truax',1,0),
('SI97275105530910376',142,'Cottonwood',1,0),
('SM21J8226711495E7QWVSFSIA8R',143,'White-winged tern',4,0),
('SA3042VLBFLEND4YGUQOFAGX',144,'Bunting',3,0),
('AD7501264896UJDDHZLO1GCD',145,'Parker Inc',3,0),
('LI7115490UEKKHC5HEOMC',145,'Lotstring',1,0),
('GB72MTCS12171466615466',145,'"Ward Hilll and Kris"',2,0),
('MC852713943952AWEGIH32LAA02',146,'Fix San',1,0),
('PK16OVGG5TABA3XNX7GFS7OG',147,'Stim',1,0),
('FR15921905878801VYHXF2NSM34',148,'Maywood',4,0),
('BG07OKXO051255ERBJMRQF',149,'Bytecard',3,0),
('FR936784385846YSKVBPUHLCG84',149,'Esker',2,0),
('DK0953142721044803',150,'Hilll Inc',1,0),
('MT96UJMO84351ISUKDQAC1BVUSET7YZ',151,'"Leannon Kuhic and Bruen"',2,0),
('FR415369337789HNEDLEYCLTX34',151,'Tresom',1,0),
('ME83114271805113846427',152,'Prohaska-Wilkinson',4,0),
('PT96360701922156082244556',153,'"Quoll spotted-tailed"',1,0),
('CR5054394223774342612',154,'Haley-Willms',1,0),
('FR666537258783X8OMC04VFTC42',155,'Veribet',3,0),
('DK7712262298718390',156,'Talmadge',1,0),
('AD7632502195QRZLRO1GYCFF',156,'Runte Group',3,0),
('FO7259704570203368',157,'Loftsgordon',3,0),
('SM61P4600385010UYSTU39BIEWR',158,'Wrapsafe',1,0),
('TR0759790QLUOZUYZBIF6LUMC0',159,'Northfield',1,0),
('ME97661623675960265882',160,'Eurasian red squirrel',3,0),
('BH80CEBOTKLJM2BUKX42VF',160,'Walton',1,0),
('BA833981266923028967',161,'"Kirlin Hane and Beer"',1,0),
('BH54PCIVYK9ZY4NPXRS8O3',161,'Legros-Cormier',1,0),
('MR2371401932022182821045382',162,'"Dragon komodo"',1,0),
('VG20YHLX4706942694765499',162,'Redhold',1,0),
('KW85AYMHPBVBCVXTBEXRORUCADITVV',163,'"Macaque rhesus"',3,0),
('DO65YOCL31275685388452922839',164,'Y-Solowarm',1,0),
('FR929555749810MN66NBKN3JQ38',165,'Red deer',2,0),
('MD45BCMPTO0A8JEWCMIMULCR',166,'Jones and Sons',1,0),
('FR654459310157FSFJXHSE1FU24',166,'Eliot',3,0),
('ES7436022026340888793217',166,'"Jakubowski Windler and Klein"',1,0),
('LT072751014736594693',167,'Collier Inc',1,0),
('FR828083090168ET6ILTDQURN59',168,'Tromp LLC',3,0),
('TN5478612701002964205356',169,'Konklab',3,0),
('FI1318368643667889',170,'Matsoft',3,0),
('MC784657468969KHGG8HIAPFO83',171,'Job',1,0),
('CZ5862118743752596319304',172,'Alphazap',3,0),
('GE16WA7276690065355067',172,'Veribet',1,0),
('FR559783569400B6BDRVV4GXX54',172,'Stoughton',1,0),
('VG35WZDA4882933705963825',173,'Satterfield-Ritchie',1,0),
('RO13UPSSRHMVA84JH0TPPTVX',174,'Redhold',1,0),
('CY9873342199LFMKFAYXM2EDQHLW',174,'Hatity',1,0),
('FR052852981985N1TF4HKPH3775',175,'Marks Group',3,0),
('FR919332503670XLIEN3EAJAP79',176,'Grimes and Sons',1,0),
('CH1638909DFOBBOKDMESB',176,'Pacocha-Turcotte',1,0),
('CY2898197073U3PPADHI2VW9HGH4',177,'Japanese macaque',1,0),
('BA935889437325903922',178,'"Mockingbird galapagos"',3,0),
('FR813108640793Y4HR58JCFA449',179,'"Mouse four-striped grass"',1,0),
('FR560781317379BLD2BKUUJED30',179,'"Iguana land"',1,0),
('NL60DAOI2890375708',180,'Wrapsafe',1,0),
('ES1439225274313147027314',180,'Ocelot',1,0),
('AE026516987963616220448',181,'Tresom',1,0),
('AL2385925287T9TDBSPIN2BNMG4D',182,'"Harris Schuppe and Bruen"',3,0),
('TN5700106793848451528520',182,'Howell Group',1,0),
('NL78SXNX5876067470',183,'Voltsillam',1,0),
('FR755651711877HQ8KUPTJE2E11',183,'Latlux',1,0),
('FR807342764038UJRSGZYAYGM85',184,'West-West',3,0),
('FR749165852516WH5GYKQCKKY42',185,'Prairieview',1,0),
('BA483038538134266118',185,'Atwood',1,0),
('GI54HZVAM8GR8MCMGTSWGBZ',186,'Keylex',3,0),
('FR779025742147TXKVHZXACIA16',187,'Dickinson Group',3,0),
('ES2653263729398493414117',187,'Onsgard',3,0),
('FR390919493726CUBB0X2AUQD94',187,'Knutson',3,0),
('BR7237078533304381976578605ED',188,'"Mongoose banded"',3,0),
('MD41FCEXASM3YJGHKWVOYR6K',188,'Corscot',1,0),
('FR983169209297V32VM1A3CHQ98',189,'Field flicker',3,0),
('FR718643467428HIJYLT8CYGQ82',189,'Hanson',1,0),
('CH3567950FQHSPWPY0BWT',190,'Kingsford',1,0),
('AE791992291992682614433',190,'Ventosanzap',1,0),
('KZ895407OLRWO08PLDFY',191,'"Glider squirrel"',1,0),
('GR638703207OBM6HTHVGBRBYCXU',191,'"Lion southern sea"',3,0),
('FR241647887802ACKVGEEEQZM87',192,'"Turtle eastern box"',1,0),
('MT97EGBW02387MRHPR6SO2DBWLXLUDC',193,'"Seal common"',3,0),
('FR4430905752765LPNAIFSG9Q41',194,'"Badger honey"',3,0),
('NL57TYWJ4684226641',195,'Westridge',4,0),
('FR574667668885IG3USPOFI9N57',195,'Graceland',1,0),
('ES4751731062740303710321',196,'Zaam-Dox',1,0),
('BG38CTRP707888CHJO8ZXK',196,'Farragut',1,0),
('FR829725437093PER5U8ELT9S23',196,'Asoka',3,0),
('KZ32461PMNFMY7ATQ15P',197,'Moose',1,0),
('MR3684476395740706147116764',198,'Moose',1,0),
('IE28WALE23318115762854',198,'Holy Cross',1,0),
('HU58313167784880213722880914',198,'Wintheiser Group',1,0),
('FO5917849755420235',199,'Buttermilk snake',1,0),
('SI23437194819278478',200,'Cookley',1,0),
('DE05645914104176216693',201,'Union',1,0),
('VG13XECA8479575717087097',202,'Pond',1,0),
('RO57ZXMBAC3LICGE9CUVP5CV',202,'Pawling',1,0),
('NO1510303275847',202,'D''Amore-Nienow',2,0),
('EE209053047801927065',203,'African snake (unidentified)',1,0),
('FR870688838339XUH2UMXHIBL31',204,'Bluejay',4,0),
('BH57BACYIF0FMTOBWYBTVZ',205,'2nd',1,0),
('BH39IEBPEXT8B2IOP0V0AX',206,'Chive',1,0),
('FR221888182297VFPDTTNXNE158',207,'Stoltenberg LLC',1,0),
('MU38SPRZ6561085529865602003KQY',208,'Hanuman langur',3,0),
('IE51AAOQ21828404077999',209,'Solarbreeze',3,0),
('CY4323052458JB2HLFWZXSR5NK5X',209,'Genoveva',1,0),
('LI9457531A6YJLWIJKNSQ',210,'Larkin Inc',3,0),
('MD31VHMTCPG2DQM1KE9JAERG',211,'"Shrike southern white-crowned"',1,0),
('FR560220421374LWDBFTIKQ0E75',212,'Ullrich LLC',1,0),
('FR251273499998BWUY5ZGCX2A39',213,'Spur-winged goose',1,0),
('RO28QDCYICTJWFE5D83AYJRX',213,'Buena Vista',1,0),
('PT51900520705500034768016',214,'"Reilly Harris and Zboncak"',4,0),
('BA134052890166958749',215,'Hartmann-Schneider',3,0),
('HR5722252764418729628',216,'Lindbergh',1,0),
('SI14376102936075049',216,'Fuller',1,0),
('PK06PYDX9IKDYX2W6BCBMLX1',216,'Caribou',1,0),
('DK5795947186416720',217,'Kuhlman-Jast',3,0),
('IL786557961952878739199',218,'Cartwright and Sons',1,0),
('LU40354T9JDUQ2D13TJD',219,'Toban',1,0),
('FR137901265962933VW5MPH1C98',219,'Zaam-Dox',3,0),
('FR1502944963172WZYK2TOUP756',219,'Bigtax',4,0),
('BH97ABMEE8WLEVCLROPPPE',220,'Hauck Group',4,0),
('HR8118346488694153823',221,'Gibson-Hilll',1,0),
('SA4941E7VC2BUJG8DVLMIUB9',221,'Springs',4,0),
('IL930759747392977098228',222,'Tresom',1,0),
('LB626508SPNHIYNRJ9YMTUC6S3Y1',223,'"Runolfsson Orn and Nader"',1,0),
('LB320032EOV0OLULVJCDQDFV0G0R',224,'"Nighthawk common"',3,0),
('AT814301760688151650',225,'Walker and Sons',3,0),
('TR5651962XMGYFOMEZ6ULXTJU3',225,'Bitwolf',1,0),
('KZ22464M1ORDJRMKIJGA',225,'Warner',1,0),
('EE773962608719332827',226,'"Nuthatch red-breasted"',1,0),
('ME30014423925934878853',226,'Shoshone',1,0),
('BH28EQZSLZB0CFICEYOZHW',227,'Grey heron',1,0),
('KZ79698SAMINRDWP0SU3',228,'Swallow',1,0),
('IT56S7325864523V7YMRWOSUY1J',229,'Jay',1,0),
('FR5041164036327DMV1CRBHOK58',230,'Schimmel-Kuhlman',1,0),
('ES3585706293034143553720',230,'Sonair',1,0),
('FR212662142883E0AWPCHJ3GN78',231,'"Ward Moore and Wintheiser"',3,0),
('AD9785172221O1G3LAZ3EHAY',232,'Huxley',1,0),
('GR1827883159GTSSL9T7REKJCSM',232,'Prodder',1,0),
('FR919326783934RQP4NRW07TO67',232,'Alpha',3,0),
('AT024398839530873325',233,'"Streich Nicolas and Wintheiser"',2,0),
('RO97AYHEN05JEPVJ53CSXUFI',234,'Buena Vista',3,0),
('ES4901947043150200664689',234,'Zaam-Dox',3,0),
('ME97216561458415044447',235,'Brown lemur',1,0),
('EE201820260446512148',235,'Tempsoft',1,0),
('RO58VRCUT6JVXUYK7PYQYPYV',236,'Ludington',3,0),
('LT813789058902762269',237,'Anderson LLC',1,0),
('CH1618474PWEBI8QAGREI',237,'Asoka',3,0),
('AE278375475155489553296',238,'Roth',1,0),
('IT92R5558006844U0FADCFZP08W',238,'Gembucket',1,0),
('GL0504368818522743',239,'Skiles-Stiedemann',3,0),
('GE30KN9977259559837875',240,'Barrows and Sons',1,0),
('ME97744693923170944919',240,'Ebert Inc',3,0),
('MR9542584479364588316982606',241,'Wrapsafe',1,0),
('HU45498063673683582631389376',242,'Cookley',1,0),
('PT09874419408031302894251',243,'Fremont',1,0),
('LI7634904SKGA95Q6SWNJ',244,'Long-necked turtle',3,0),
('RS64141932494067128622',245,'Ring-necked pheasant',1,0),
('FR9236728895752YBZZQ60JCF08',245,'Reichel-Sipes',1,0),
('RO94JBFJ54GBTA959QFVBDQ0',246,'Fieldstone',1,0),
('AL6308783092FETZKISO42UWTMEN',247,'Arizona',3,0),
('SI57611936784468662',247,'Prodder',3,0),
('IS467634787117169699889043',248,'"Herman Morissette and Hermann"',1,0),
('IS854749981616528766643548',248,'"Genet small-spotted"',3,0),
('HU66225900228297785349122085',249,'Nelson',3,0),
('AT419337944819836915',250,'La Follette',4,0)

INSERT INTO [Cards] VALUES
('490535834198647843','LV54ECKV6ZGJX0IIUVHL5',0,6292),
('30023680009277','AZ32WDFXIMHARYKZEWVKS5QG5GQ7',0,5517),
('3562871938426796','CY12037553938HANCACNARCJXUQ2',0,4633),
('3538748346405219','PS81ZQCHDLD7M5SDZUWZNKSYSTCMO',0,0218),
('3528232726062413','PS81ZQCHDLD7M5SDZUWZNKSYSTCMO',0,6611),
('3557608276398592','PS81ZQCHDLD7M5SDZUWZNKSYSTCMO',0,9150),
('5602223816517535','CR3578337327691973857',0,7958),
('3546899002932937','FR695430719047MSWFWEIHCAO18',0,6351),
('675986042527240443','FR695430719047MSWFWEIHCAO18',0,4811),
('3560594998942898','VG31PSVD3306916511040551',0,9742),
('6383086381009391','FR020030296237IEVJRNNE81185',0,8988),
('5602231621673567','FR020030296237IEVJRNNE81185',0,3869),
('36883221870121','FR020030296237IEVJRNNE81185',0,9376),
('3585750022489139','FR020030296237IEVJRNNE81185',0,1563),
('5020740998434993','MR9293896375155311533763691',0,0369),
('30282918034107','MR9293896375155311533763691',0,3842),
('3538193359293584','FR906810695504FGKARJRBLHT69',0,1346),
('5290687997575909','GE97WM3367278084164498',0,9909),
('3536826050906440','PT71564523690879072851969',0,8344),
('5641822012073007996','PT71564523690879072851969',0,9057),
('5602244706896720337','PT71564523690879072851969',0,0013),
('3541520957231944','MK134411YFEKBZBWL07',0,2953),
('4936028390064290301','FI9402822523279354',0,0178),
('343909198397190','AD2069374153OGLBJD58WU9P',0,6558),
('374288021829642','GI25ZCHKNQY5VUKQX7YBHDF',0,7546),
('6759278077429969','LV48BFNXESQXEVWXFBA56',0,1803),
('3536226101378816','IE48HHZZ83525892531312',0,1554),
('4936954592312242','BG51UTCF39530314V3ZH9M',0,4576),
('3529793426069197','BG51UTCF39530314V3ZH9M',0,7071),
('503867065155492265','FR356489721549ZZDSE5KDI8X74',0,1062),
('6334158968686097','AE236837503028130721519',0,4028),
('4150531966652','ME17166678628475535698',0,7374),
('3582258343182402','IL450605438279402494986',0,9074),
('337941748367025','RS24290913511207560191',0,8003),
('4175007220957761','CZ3497925892890818012395',0,7814),
('5048377189789022','GI32WGDYBUIY0AXIYYCZSKB',0,4910),
('3574341136776802','HR2046564264198251845',0,5926),
('3530837757971583','LI9151289N8ADOGNRY7JJ',0,4171),
('6761073136434134','FR5991243772989ZRAPXFZPJM39',0,2165),
('3557574175422240','FI6173596305213241',0,9662),
('3547490595785665','EE729200220631494470',0,0556),
('3533214196355660','EE729200220631494470',0,0042),
('56022521221573505','FR635274752243LICMQSMWB3H27',0,6232),
('3576872727760449','FR295805314349IYF4X0TG18M78',0,8672),
('374283229091871','IT91O3144014475S9FKIELW8AN2',0,1827),
('67629884540120505','IT91O3144014475S9FKIELW8AN2',0,1140),
('3532915747256956','NL34PXTR1965468531',0,7527),
('30371917841784','DK2114195689978254',0,5600),
('3574153294739435','GB76IQCB97160799774998',0,3248),
('3567826659540212','AE753499665648058074638',0,9714),
('630400174515878968','FR1177144071868EIO0XBPAQH30',0,0236),
('3532938273718587','FR1177144071868EIO0XBPAQH30',0,1074),
('3549959584113962','FR1177144071868EIO0XBPAQH30',0,5417),
('5610255888291888','BA215416045436370973',0,0370),
('6334416230369805','GI78YXFWWPPG3KENZXB5OWJ',0,5385),
('372301729048878','GI78YXFWWPPG3KENZXB5OWJ',0,6463),
('3560656041219275','GI78YXFWWPPG3KENZXB5OWJ',0,9082),
('3539594910319199','FR619119965698LVSQJKD5F1K91',0,6073),
('060416935151110631','FR682255975043UIPXBVY6QQV09',0,1341),
('4903386786073463','FR682255975043UIPXBVY6QQV09',0,4382),
('3577792074504605','FR682255975043UIPXBVY6QQV09',0,9173),
('3586256440701260','FR682255975043UIPXBVY6QQV09',0,0192),
('5602238021921983','MR2368945812321419374551561',0,2624),
('3568556781170070','LB376799YJ0KWYEN27BGI1TLO8OG',0,5281),
('5422198682505020','LB376799YJ0KWYEN27BGI1TLO8OG',0,3401),
('3539698676390920','LB376799YJ0KWYEN27BGI1TLO8OG',0,4653),
('5100171514854535','EE853716562864970222',0,0971),
('3565766718930313','GE34KS1299128746647379',0,1183),
('36197795928706','CR0500499561858187259',0,7292),
('503842127260007436','BA914191805749374362',0,4827),
('201486478168055','BA914191805749374362',0,3690),
('30327130231146','BA914191805749374362',0,4488),
('6767714041636285735','PT70022787235164474321793',0,0432),
('3560760755707473','GI75AYZZSTSK4O602XYWK5Y',0,4616),
('3580586544713092','DE55793587195444613920',0,4636),
('30126401045676','IT19O9852009922EIEDOZ3AWLLC',0,0888),
('5475449216873145','PT07106690676316508649610',0,9166),
('3531623568349865','PT07106690676316508649610',0,6050),
('3556430214737927','IL954780099934615738624',0,6924),
('30423014904104','GR560395974CG6TT9ZR8OFADHFE',0,0021),
('5473648449056483','GR560395974CG6TT9ZR8OFADHFE',0,2179),
('3556834589748197','NO8112364843498',0,5574),
('3564063436844377','BG60XTTX845800OI22AMHG',0,7649),
('3544824136667714','FO3724561082301483',0,5110),
('5559521957866147','MD67PUO4Z8SS3BSH0ZRMQNZL',0,7441),
('4175009407469511','PL66688800934580256377748627',0,0829),
('3586917461667397','AZ66GLLCMWGFFSKTDRD2WLKPHLEU',0,1195),
('6767194131657216','MT62KCQY05462BR5EJDWZRGMWLVVK9X',0,4690),
('4026799844293570','PT29499781625205195427425',0,2339),
('6370290067933537','BH71HEAXBBHOVHS1DSEFFC',0,8618),
('3562070516496210','CR4377281577857817397',0,8081),
('4175002363554905','CR4377281577857817397',0,2313),
('5602213295387682','MU61JXWU2527801979854039878XXL',0,0933),
('3572953643603667','GR107134113WBJWTUXAFSY6XOHX',0,1806),
('3582776071178763','SE6001853902593842235582',0,1306),
('201700067098907','SE6001853902593842235582',0,0145),
('6333204996246636','LI9371923OXAYHIGPTSWF',0,9634),
('4017953136275818','FR614281571412VPU8P4TMHZR26',0,2283),
('3561906285515477','BE75618527029177',0,2540),
('379094869423950','FI9899581219440505',0,9347),
('3564042011866021','BH72VEUO4WGT154P1GOGKD',0,1217),
('3553394739569566','AE208442104089089423018',0,0327),
('3589646107363445','AE208442104089089423018',0,0735),
('374283057588535','AE732911987174293790295',0,0038),
('337941460841736','AL7735553150TGPITLB0SYRDI9PS',0,5652),
('6759574794742387789','CH6569821IBPATSHZIOIH',0,8732),
('3550841536811511','FR3141806374742YTJQIW8M8V61',0,4495),
('3567266837187471','KZ08583RLSRYBXSZMLZ4',0,5892),
('5610386012516757','SE4479248889724865310316',0,5271),
('5602222134668012','SE4479248889724865310316',0,6887),
('4917622847900136','SE4479248889724865310316',0,3974),
('4405851075872225','FR295986129113WWNRMI1WXL403',0,3505),
('3552367783051690','CY95098509140KUMVLON9VLJIQD8',0,0643),
('3580115543266447','SM83P90892886318JNTNUYDHWF0',0,7951),
('63046592474662046','FR553701618541DD6XFVKOG0J19',0,0888),
('30587739757318','FR553701618541DD6XFVKOG0J19',0,8643),
('6763200761697226','FR503493484244SEQBEBKZCBF36',0,5928),
('3533604954608724','FR503493484244SEQBEBKZCBF36',0,8000),
('3582060825001534','IE16ZFCL84923416394353',0,2486),
('3549880938383053','SI43882135365007747',0,7563),
('56022197697919900','SI43882135365007747',0,5389),
('3542987063731613','NL31YGPH2692175770',0,2616),
('5007665454613730','NL31YGPH2692175770',0,9504),
('3573911343562244','IS529134149568213867170653',0,9530),
('5602240477224920','IS529134149568213867170653',0,8699),
('3528973368519406','IS529134149568213867170653',0,8753),
('5602224690853491','SA3778UDH8Y8FHIYEF1NPUTH',0,6119),
('6333981359979097518','CH6301816LZ2LSEXFP38U',0,4481),
('67097230789751506','IL757842282767511621870',0,0922),
('3543442760615932','FR936121328389LQQGOASLWT796',0,4216),
('5137661735748273','CZ6919197636686973457443',0,2504),
('3555756025293440','BR7221865953826398554779737SD',0,1641),
('374283710655978','FR938173448585BAIZQZ14X8G91',0,8687),
('36498426282293','GR831075194JMORVKUQDBUA5ZM7',0,7346),
('56022434586346873','FR348161953409IHDIEAYL9TW33',0,6103),
('4905692181557759302','FR348161953409IHDIEAYL9TW33',0,7787),
('5038740113738278','MC346613464463YWTAHFPXYQO01',0,2969),
('6304461132262878','MC346613464463YWTAHFPXYQO01',0,2175),
('30292264715332','MC346613464463YWTAHFPXYQO01',0,3589),
('3552407928105017','FR0871364849612TYD80JXEME62',0,5529),
('6767906843802024','FR0871364849612TYD80JXEME62',0,0309),
('3580877745030372','FR0871364849612TYD80JXEME62',0,7075),
('201935579571104','FR0871364849612TYD80JXEME62',0,3794),
('6761258418333043','DE62698807878704195908',0,8696),
('3579377355297703','DE62698807878704195908',0,5145),
('3539066630670524','CZ2747500097884256576903',0,1998),
('3567677630072431','PL48668376296626888107290863',0,2995),
('201698741878324','PK44GKYA7Y2JILW45PL1IYIP',0,1141),
('3528832945382425','DK8464664008739993',0,7305),
('201637817749381','AT368572355763145528',0,3584),
('3563473014654596','KW60GHNXNSHUOVNJSBVP2SQ00JCM0P',0,7259),
('4017953976643471','KW60GHNXNSHUOVNJSBVP2SQ00JCM0P',0,2865),
('3555219448446210','BA357519451022380509',0,3995),
('490512906359513746','EE961551454545196995',0,8926),
('3578105177031666','LB632707QJWMXHVKWQUXNPBJ2XJM',0,1736),
('3532918720961576','MD79CZ9B8ZBC8AOR8HZYY9X3',0,4459),
('06041861721501719','MD79CZ9B8ZBC8AOR8HZYY9X3',0,0243),
('3530393600541413','FR12486929649223CWSFBCJ0B68',0,2936),
('3581343821906455','GE75WE8521088818461588',0,7435),
('67593591610265225','GE75WE8521088818461588',0,3856),
('201991929587373','CR2983777080677001186',0,5545),
('4175005092637503','CY7768546873YBRXVGTRPVXWPMTJ',0,8609),
('56022359143635700','PT49707589011545865450544',0,9920),
('3574430646269877','FR793424876717XQDV1IA63XT21',0,3362),
('5610872536450813','FR210208793529RMLWKCAJ1KP98',0,8522),
('6771510211345444174','FR883818058529HDRHNLK7C3U16',0,1527),
('5007662396982240','FI2219198455116224',0,9366),
('6376426678029950','RS85654387210792592067',0,0674),
('5602231806466985','PL22437092357459596906349411',0,2170),
('201471156238123','BE05214995557956',0,2164),
('374288887183001','FR611713437885U6YTD8ODFK572',0,8496),
('3563735232765721','FR1543277896585ZIK0CSQLQV29',0,6203),
('6762881516605159','GR610161458JIHV88MPLUUKPWJ5',0,5062),
('3584137190947612','DO20X0CL94741421152889803412',0,0708),
('5610448283291799','RO70NXRCFUZTFEM8KWY4HLHJ',0,8447),
('06044743937113306','RO70NXRCFUZTFEM8KWY4HLHJ',0,0707),
('201876402720486','HU32721111300594357275097697',0,4546),
('5602256016666439','AL8021214616W9VCCKPNSEDHIGBK',0,7364),
('6762997204935219529','VG39XRWZ3431175664003491',0,9301),
('3567223496018372','VG47DHRW7922423687861885',0,7202),
('5514414149375439','FR236631003080GIYTWDCWVFH78',0,5338),
('5100145056329478','FR236631003080GIYTWDCWVFH78',0,4288),
('3583004616511474','FR150163431747IPQWZBYQ0JT71',0,6172),
('06046070380047379','AL6570802556BMVZYRADYQNHMSXK',0,7277),
('4913390655024811','AL6570802556BMVZYRADYQNHMSXK',0,2625),
('3552064664139286','AL6570802556BMVZYRADYQNHMSXK',0,5380),
('201927261126404','FR6770020963208J1UCIEIWYZ93',0,8067),
('201448188988305','TN3601396158777213285428',0,9147),
('3555556511347084','TN3601396158777213285428',0,3459),
('3567253239702313','MU93TNFO8173207120090343936ADB',0,3670),
('3584100125363834','MU93TNFO8173207120090343936ADB',0,4314),
('3550949620549275','GL4455269002179975',0,7512),
('5221151192558784','SE0807836706093660314829',0,0570),
('3536046119918928','SE0807836706093660314829',0,2236),
('5146148763553915','SE0807836706093660314829',0,8756),
('3576049661406996','SM66W52736077383SUW2PCLO52E',0,7739),
('345925527155909','CZ7309875310832625068146',0,2765),
('503800593672470480','GI46RUHMQ07OKZOESULEZGS',0,9223),
('3529713266137409','LI3503146H6NYCOXPDAOT',0,4385),
('3542161795731263','LI3503146H6NYCOXPDAOT',0,1494),
('6334822916450746','CH0908891R9NEBWL3N840',0,1414),
('6391983312754527','CH0908891R9NEBWL3N840',0,3520),
('5602248705894034','LB941675UDL4DF8O5J2L71XJLEFK',0,5963),
('3564486483608090','LB941675UDL4DF8O5J2L71XJLEFK',0,9020),
('3561341166103633','LB941675UDL4DF8O5J2L71XJLEFK',0,5609),
('3532482557940773','SA82871FSUT7YMRSB9HYZFRQ',0,7763),
('3565990114631941','SA82871FSUT7YMRSB9HYZFRQ',0,1917),
('3574236058941261','CZ9299164119097306537977',0,3234),
('3563981450780063','BA179198823954910135',0,1303),
('3588229795792216','BA179198823954910135',0,6351),
('6386552051233865','PT38083410636533077804885',0,1907),
('4508014323676700','PT38083410636533077804885',0,7697),
('3584140514229402','NL68ZWUN3667849411',0,8770),
('3579837842122855','BA679608648659368471',0,7331),
('3564856699217243','BA679608648659368471',0,2474),
('4911554704662960','LT797595562457618197',0,0700),
('6395883628580507','SI97275105530910376',0,2487),
('5317770327212689','SI97275105530910376',0,9279),
('3551441891970884','SM21J8226711495E7QWVSFSIA8R',0,2568),
('5007667859573840','SM21J8226711495E7QWVSFSIA8R',0,4409),
('3580893207036021','LI7115490UEKKHC5HEOMC',0,7591),
('201466716034327','GB72MTCS12171466615466',0,8781),
('670687489825950863','MC852713943952AWEGIH32LAA02',0,9245),
('3531494594893643','PK16OVGG5TABA3XNX7GFS7OG',0,1447),
('5536278779913148','PK16OVGG5TABA3XNX7GFS7OG',0,9833),
('676361386264687784','FR15921905878801VYHXF2NSM34',0,2897),
('30339500157058','FR936784385846YSKVBPUHLCG84',0,9733),
('3563769379492260','FR936784385846YSKVBPUHLCG84',0,5763),
('3535482801493592','DK0953142721044803',0,0381),
('4844263277889594','DK0953142721044803',0,8764),
('6762262738433565','MT96UJMO84351ISUKDQAC1BVUSET7YZ',0,6816),
('6706190876729180','FR415369337789HNEDLEYCLTX34',0,2320),
('56022430333252562','ME83114271805113846427',0,0830),
('676716968903530616','PT96360701922156082244556',0,9038),
('3547872890435338','PT96360701922156082244556',0,8663),
('6331109900208395990','CR5054394223774342612',0,2276),
('5010128125462115','DK7712262298718390',0,0858),
('3541140634771400','DK7712262298718390',0,6229),
('3568688788664829','SM61P4600385010UYSTU39BIEWR',0,9410),
('4917497909759450','TR0759790QLUOZUYZBIF6LUMC0',0,5069),
('5641829108019536','BH80CEBOTKLJM2BUKX42VF',0,5083),
('490572982478390644','BA833981266923028967',0,7632),
('0604208558230577674','BH54PCIVYK9ZY4NPXRS8O3',0,1051),
('3579944078030123','BH54PCIVYK9ZY4NPXRS8O3',0,2838),
('50388324462568537','MR2371401932022182821045382',0,4375),
('3532288853466532','MR2371401932022182821045382',0,5046),
('3547567731135523','MR2371401932022182821045382',0,8458),
('4844922553266021','VG20YHLX4706942694765499',0,1847),
('3568806185063904','VG20YHLX4706942694765499',0,8109),
('3546623517159327','DO65YOCL31275685388452922839',0,5371),
('3528436246068285','DO65YOCL31275685388452922839',0,2213),
('5038110163419684','FR929555749810MN66NBKN3JQ38',0,5598),
('3569228946028762','FR929555749810MN66NBKN3JQ38',0,1173),
('5249355842388249','MD45BCMPTO0A8JEWCMIMULCR',0,4069),
('5602259043765349','ES7436022026340888793217',0,4830),
('5602251303356596','LT072751014736594693',0,3968),
('30138132384134','LT072751014736594693',0,9591),
('5048376136491690','LT072751014736594693',0,4410),
('3582694036611648','MC784657468969KHGG8HIAPFO83',0,8062),
('3558864735251653','MC784657468969KHGG8HIAPFO83',0,5061),
('503846706894304578','GE16WA7276690065355067',0,3948),
('4917363302243338','FR559783569400B6BDRVV4GXX54',0,0581),
('4017955941802','VG35WZDA4882933705963825',0,2182),
('375012019070681','RO13UPSSRHMVA84JH0TPPTVX',0,3873),
('3534778381727627','CY9873342199LFMKFAYXM2EDQHLW',0,0608),
('201906897724188','CY9873342199LFMKFAYXM2EDQHLW',0,7470),
('3551717138112475','FR919332503670XLIEN3EAJAP79',0,5561),
('560224342000155464','FR919332503670XLIEN3EAJAP79',0,9420),
('201972263539170','CH1638909DFOBBOKDMESB',0,6257),
('3555815356453765','CY2898197073U3PPADHI2VW9HGH4',0,8214),
('5586602840946812','FR813108640793Y4HR58JCFA449',0,3918),
('5602259369645018','FR560781317379BLD2BKUUJED30',0,5534),
('337941191346898','FR560781317379BLD2BKUUJED30',0,7113),
('490512837844897032','NL60DAOI2890375708',0,4270),
('6333672572725424844','NL60DAOI2890375708',0,2633),
('3560749803709250','ES1439225274313147027314',0,5553),
('3558476576677134','AE026516987963616220448',0,7495),
('4970734237886645','TN5700106793848451528520',0,1924),
('3537072603817029','TN5700106793848451528520',0,2929),
('5007661458626729','TN5700106793848451528520',0,4344),
('3553021434179678','TN5700106793848451528520',0,6137),
('5602243091084732977','NL78SXNX5876067470',0,3985),
('371585141796251','FR755651711877HQ8KUPTJE2E11',0,0352),
('5100134447097689','FR749165852516WH5GYKQCKKY42',0,0633),
('3529055414000687','BA483038538134266118',0,7209),
('3574144298800935','MD41FCEXASM3YJGHKWVOYR6K',0,0517),
('371478217100832','MD41FCEXASM3YJGHKWVOYR6K',0,8696),
('6767040632662611','MD41FCEXASM3YJGHKWVOYR6K',0,7829),
('5100176119798102','FR718643467428HIJYLT8CYGQ82',0,1631),
('6333260678108171','FR718643467428HIJYLT8CYGQ82',0,8543),
('6759171730551302532','CH3567950FQHSPWPY0BWT',0,0401),
('5100175311626657','AE791992291992682614433',0,1569),
('3552431166398209','AE791992291992682614433',0,0024),
('5002352740179686','AE791992291992682614433',0,5004),
('201405064167297','KZ895407OLRWO08PLDFY',0,1491),
('5602218678696641','FR241647887802ACKVGEEEQZM87',0,1526),
('5100177903377954','NL57TYWJ4684226641',0,6856),
('4844536347930955','FR574667668885IG3USPOFI9N57',0,6617),
('6393403339013169','FR574667668885IG3USPOFI9N57',0,3766),
('3549323678371269','ES4751731062740303710321',0,0160),
('5100144416617680','BG38CTRP707888CHJO8ZXK',0,5127),
('3589204839432581','KZ32461PMNFMY7ATQ15P',0,3262),
('676287637565591088','KZ32461PMNFMY7ATQ15P',0,0745),
('342813972450376','MR3684476395740706147116764',0,8404),
('676729969526637304','MR3684476395740706147116764',0,0007),
('3588165704006308','IE28WALE23318115762854',0,4714),
('4844799801048777','HU58313167784880213722880914',0,8253),
('5602221235841874','HU58313167784880213722880914',0,8838),
('6385599299408289','FO5917849755420235',0,6032),
('5048371680941778','SI23437194819278478',0,0767),
('3579848570877271','SI23437194819278478',0,1864),
('633421013118643727','SI23437194819278478',0,2816),
('4903538064476957152','DE05645914104176216693',0,6460),
('6304186574414609735','VG13XECA8479575717087097',0,3487),
('6388562154240640','RO57ZXMBAC3LICGE9CUVP5CV',0,9264),
('36690731626616','NO1510303275847',0,1746),
('3565898356604239','EE209053047801927065',0,0364),
('30148360652540','EE209053047801927065',0,3777),
('3563572642250030','FR870688838339XUH2UMXHIBL31',0,8619),
('5593560291700263','BH57BACYIF0FMTOBWYBTVZ',0,8750),
('502010970952297122','BH57BACYIF0FMTOBWYBTVZ',0,1787),
('374622156499849','BH39IEBPEXT8B2IOP0V0AX',0,2499),
('3545214934208144','FR221888182297VFPDTTNXNE158',0,7641),
('3585860099891024','CY4323052458JB2HLFWZXSR5NK5X',0,9454),
('3571643759388101','CY4323052458JB2HLFWZXSR5NK5X',0,9224),
('4924094525133','MD31VHMTCPG2DQM1KE9JAERG',0,8443),
('201705315635731','MD31VHMTCPG2DQM1KE9JAERG',0,9549),
('3575808837919666','FR560220421374LWDBFTIKQ0E75',0,9667),
('3564363832205946','FR251273499998BWUY5ZGCX2A39',0,5095),
('3575551734142020','FR251273499998BWUY5ZGCX2A39',0,3997),
('3570372871861875','RO28QDCYICTJWFE5D83AYJRX',0,7469),
('5602244635346914','PT51900520705500034768016',0,4741),
('0604745800328270','HR5722252764418729628',0,0202),
('30242870366251','SI14376102936075049',0,6900),
('3538317776502331','PK06PYDX9IKDYX2W6BCBMLX1',0,6156),
('374283451677330','PK06PYDX9IKDYX2W6BCBMLX1',0,4353),
('5398395526088409','PK06PYDX9IKDYX2W6BCBMLX1',0,6327),
('3550002078422221','IL786557961952878739199',0,8599),
('4041591175763656','IL786557961952878739199',0,5974),
('3533297419052834','LU40354T9JDUQ2D13TJD',0,0402),
('4041591831300','FR1502944963172WZYK2TOUP756',0,3975),
('201780737200703','FR1502944963172WZYK2TOUP756',0,8449),
('3560290294812303','BH97ABMEE8WLEVCLROPPPE',0,8098),
('4017950030709447','HR8118346488694153823',0,9059),
('3564290435393557','SA4941E7VC2BUJG8DVLMIUB9',0,1134),
('3549794395837941','SA4941E7VC2BUJG8DVLMIUB9',0,2410),
('201523799877715','IL930759747392977098228',0,7009),
('3528434935236016','IL930759747392977098228',0,3671),
('5269572745814429','IL930759747392977098228',0,6483),
('5602243364303971','IL930759747392977098228',0,7796),
('5602237600029556','LB626508SPNHIYNRJ9YMTUC6S3Y1',0,7786),
('3535458708599459','TR5651962XMGYFOMEZ6ULXTJU3',0,1761),
('5108750075338087','TR5651962XMGYFOMEZ6ULXTJU3',0,4263),
('3536871701148885','KZ22464M1ORDJRMKIJGA',0,3986),
('30154537228438','EE773962608719332827',0,3011),
('6380286951644840','EE773962608719332827',0,0855),
('5641825278050780','ME30014423925934878853',0,7070),
('3567625567263796','BH28EQZSLZB0CFICEYOZHW',0,1778),
('30403294000591','KZ79698SAMINRDWP0SU3',0,8511),
('3574393632639570','IT56S7325864523V7YMRWOSUY1J',0,4246),
('6304521419607515','IT56S7325864523V7YMRWOSUY1J',0,1101),
('5602227143912723','FR5041164036327DMV1CRBHOK58',0,9113),
('3533168262921021','FR5041164036327DMV1CRBHOK58',0,6303),
('5007664904066359','ES3585706293034143553720',0,9350),
('6706517282942280','AD9785172221O1G3LAZ3EHAY',0,6215),
('5472852560750822','GR1827883159GTSSL9T7REKJCSM',0,1163),
('3546690995333781','AT024398839530873325',0,4893),
('5602252148308313402','ME97216561458415044447',0,4393),
('5602239865489699','ME97216561458415044447',0,4013),
('376208042078316','EE201820260446512148',0,2376),
('6384674598254485','LT813789058902762269',0,0725),
('3563876262083138','AE278375475155489553296',0,0633),
('6759791248221529806','IT92R5558006844U0FADCFZP08W',0,2514),
('4905870728191556','IT92R5558006844U0FADCFZP08W',0,8589),
('3555898894129089','GE30KN9977259559837875',0,2971),
('3588711601876176','GE30KN9977259559837875',0,7468),
('3530390298801232','MR9542584479364588316982606',0,8612),
('6759521299280706','HU45498063673683582631389376',0,7105),
('372103696660507','PT09874419408031302894251',0,5010),
('5602212368880656','RS64141932494067128622',0,0271),
('3536851488437263','FR9236728895752YBZZQ60JCF08',0,5425),
('5602251725925002','FR9236728895752YBZZQ60JCF08',0,0096),
('3584628278295957','RO94JBFJ54GBTA959QFVBDQ0',0,9181),
('5508983801098859','IS467634787117169699889043',0,6129),
('5100136466129871','AT419337944819836915',0,7566)

INSERT INTO [Preferences] VALUES
(1,'LV54ECKV6ZGJX0IIUVHL5',1),
(2,'AZ32WDFXIMHARYKZEWVKS5QG5GQ7',1),
(3,'MR5859854951201639578886328',1),
(4,'CY12037553938HANCACNARCJXUQ2',1),
(5,'PS81ZQCHDLD7M5SDZUWZNKSYSTCMO',1),
(6,'CR3578337327691973857',1),
(7,'FR695430719047MSWFWEIHCAO18',1),
(8,'VG31PSVD3306916511040551',1),
(9,'GE48XU2593947486603679',1),
(10,'FR020030296237IEVJRNNE81185',1),
(11,'MR9293896375155311533763691',0),
(12,'FR906810695504FGKARJRBLHT69',1),
(13,'GE97WM3367278084164498',1),
(14,'PT71564523690879072851969',1),
(15,'MK134411YFEKBZBWL07',1),
(16,'FI9402822523279354',1),
(17,'MC574513984017FXNQQKOYBLQ33',1),
(18,'GI25ZCHKNQY5VUKQX7YBHDF',0),
(19,'SK0695981842219577262047',1),
(20,'LV48BFNXESQXEVWXFBA56',1),
(21,'FO8854289517375138',1),
(22,'BG51UTCF39530314V3ZH9M',1),
(23,'FR637609456526U9RDEVHO5CB69',1),
(24,'FR356489721549ZZDSE5KDI8X74',1),
(25,'AE236837503028130721519',0),
(26,'RS24290913511207560191',1),
(27,'GI32WGDYBUIY0AXIYYCZSKB',1),
(28,'LI9151289N8ADOGNRY7JJ',0),
(29,'FR5991243772989ZRAPXFZPJM39',0),
(30,'FI6173596305213241',1),
(31,'EE729200220631494470',1),
(32,'FR635274752243LICMQSMWB3H27',1),
(33,'IT91O3144014475S9FKIELW8AN2',1),
(34,'FR446546772473D2YUTPQSNVM59',1),
(35,'DK2114195689978254',0),
(36,'AE753499665648058074638',1),
(37,'FR1177144071868EIO0XBPAQH30',1),
(38,'BA215416045436370973',1),
(39,'GI78YXFWWPPG3KENZXB5OWJ',1),
(40,'FR682255975043UIPXBVY6QQV09',1),
(41,'MR2368945812321419374551561',1),
(42,'LB376799YJ0KWYEN27BGI1TLO8OG',1),
(43,'GE34KS1299128746647379',1),
(44,'CR0500499561858187259',1),
(45,'HR2166353759659004541',1),
(46,'BA914191805749374362',1),
(47,'BE31174994112481',1),
(48,'AD5850360279KRMXHKDXYD73',1),
(49,'DE55793587195444613920',1),
(50,'PT07106690676316508649610',1),
(51,'IL954780099934615738624',1),
(52,'BG60XTTX845800OI22AMHG',1),
(53,'MD67PUO4Z8SS3BSH0ZRMQNZL',1),
(54,'NL16YIIT3067429023',0),
(55,'PL66688800934580256377748627',1),
(56,'MT62KCQY05462BR5EJDWZRGMWLVVK9X',1),
(57,'BH71HEAXBBHOVHS1DSEFFC',1),
(58,'GI05REVO9BYXPV0P7VASYMR',1),
(59,'CR4377281577857817397',1),
(60,'MU61JXWU2527801979854039878XXL',1),
(61,'DE26201314004591017445',1),
(62,'GR107134113WBJWTUXAFSY6XOHX',1),
(63,'SE6001853902593842235582',1),
(64,'LI9371923OXAYHIGPTSWF',1),
(65,'FR614281571412VPU8P4TMHZR26',1),
(66,'BE75618527029177',1),
(67,'FI9899581219440505',1),
(68,'BH72VEUO4WGT154P1GOGKD',1),
(69,'LV57GLRMGI1XQVIQZVEAH',1),
(70,'AE208442104089089423018',1),
(71,'AL7735553150TGPITLB0SYRDI9PS',0),
(72,'CH6569821IBPATSHZIOIH',0),
(73,'RS23635468475653514503',1),
(74,'IL551743412878301384189',1),
(75,'SE4479248889724865310316',1),
(76,'FR295986129113WWNRMI1WXL403',1),
(77,'CY95098509140KUMVLON9VLJIQD8',0),
(78,'SM83P90892886318JNTNUYDHWF0',1),
(79,'RO97XIPISFDSU3J7PR5QMX2Y',1),
(80,'FR553701618541DD6XFVKOG0J19',1),
(81,'FR503493484244SEQBEBKZCBF36',1),
(82,'IE16ZFCL84923416394353',1),
(83,'SI43882135365007747',1),
(84,'NL31YGPH2692175770',0),
(85,'SA3778UDH8Y8FHIYEF1NPUTH',1),
(86,'CH6301816LZ2LSEXFP38U',1),
(87,'FR936121328389LQQGOASLWT796',1),
(88,'CZ6919197636686973457443',0),
(89,'FR938173448585BAIZQZ14X8G91',1),
(90,'GR831075194JMORVKUQDBUA5ZM7',1),
(91,'FR348161953409IHDIEAYL9TW33',1),
(92,'MC346613464463YWTAHFPXYQO01',0),
(93,'FR0871364849612TYD80JXEME62',0),
(94,'DO97HK3L50306527257038899326',0),
(95,'CZ2747500097884256576903',1),
(96,'PK44GKYA7Y2JILW45PL1IYIP',0),
(97,'DO02KQVW23200807091396017381',1),
(98,'AT368572355763145528',0),
(99,'MC252479540832T14TYUTCAJX17',1),
(100,'BA357519451022380509',1),
(101,'EE961551454545196995',1),
(102,'LB632707QJWMXHVKWQUXNPBJ2XJM',1),
(103,'SI74825760997584571',1),
(104,'LI2033561S5WMFJ5ZBQZX',1),
(105,'MD79CZ9B8ZBC8AOR8HZYY9X3',0),
(106,'FR12486929649223CWSFBCJ0B68',1),
(107,'FR628571710722LKS3T5PVPGD39',1),
(108,'GE75WE8521088818461588',1),
(109,'CR2983777080677001186',0),
(110,'CY7768546873YBRXVGTRPVXWPMTJ',1),
(111,'PT49707589011545865450544',1),
(112,'FR793424876717XQDV1IA63XT21',0),
(113,'HU88435189870819175879843498',0),
(114,'FR210208793529RMLWKCAJ1KP98',1),
(115,'RO14AXGDYLMTE72NNVIFYEIO',1),
(116,'FR883818058529HDRHNLK7C3U16',1),
(117,'PL22437092357459596906349411',1),
(118,'BE05214995557956',1),
(119,'DE88503433710437310817',1),
(120,'FR611713437885U6YTD8ODFK572',1),
(121,'HR0300008282626637871',1),
(122,'PT82507163295595182171883',1),
(123,'RO70NXRCFUZTFEM8KWY4HLHJ',1),
(124,'AL8021214616W9VCCKPNSEDHIGBK',0),
(125,'VG47DHRW7922423687861885',1),
(126,'FR236631003080GIYTWDCWVFH78',1),
(127,'FR150163431747IPQWZBYQ0JT71',1),
(128,'KZ10256D1AOHFFYCKKWY',1),
(129,'GR665961948ADBSX9QJRLACNGCS',1),
(130,'FR6770020963208J1UCIEIWYZ93',0),
(131,'MU93TNFO8173207120090343936ADB',1),
(132,'LB096894R9DZWQ5UW5IZOJ0VW4JD',1),
(133,'GI46RUHMQ07OKZOESULEZGS',1),
(134,'LI3503146H6NYCOXPDAOT',1),
(135,'LB941675UDL4DF8O5J2L71XJLEFK',1),
(136,'CZ9299164119097306537977',1),
(137,'BA179198823954910135',1),
(138,'PT38083410636533077804885',1),
(139,'AZ73BFASXO7TAC1SDXQLYB2RTNGJ',1),
(140,'NL68ZWUN3667849411',0),
(141,'BA679608648659368471',1),
(142,'SI97275105530910376',1),
(143,'SM21J8226711495E7QWVSFSIA8R',1),
(144,'SA3042VLBFLEND4YGUQOFAGX',1),
(145,'GB72MTCS12171466615466',1),
(146,'MC852713943952AWEGIH32LAA02',1),
(147,'PK16OVGG5TABA3XNX7GFS7OG',1),
(148,'FR15921905878801VYHXF2NSM34',1),
(149,'FR936784385846YSKVBPUHLCG84',1),
(150,'DK0953142721044803',1),
(151,'FR415369337789HNEDLEYCLTX34',1),
(152,'ME83114271805113846427',0),
(153,'PT96360701922156082244556',1),
(154,'CR5054394223774342612',1),
(155,'FR666537258783X8OMC04VFTC42',1),
(156,'AD7632502195QRZLRO1GYCFF',0),
(157,'FO7259704570203368',1),
(158,'SM61P4600385010UYSTU39BIEWR',1),
(159,'TR0759790QLUOZUYZBIF6LUMC0',1),
(160,'ME97661623675960265882',1),
(161,'BA833981266923028967',0),
(162,'VG20YHLX4706942694765499',1),
(163,'KW85AYMHPBVBCVXTBEXRORUCADITVV',1),
(164,'DO65YOCL31275685388452922839',1),
(165,'FR929555749810MN66NBKN3JQ38',1),
(166,'FR654459310157FSFJXHSE1FU24',1),
(167,'LT072751014736594693',1),
(168,'FR828083090168ET6ILTDQURN59',0),
(169,'TN5478612701002964205356',1),
(170,'FI1318368643667889',1),
(171,'MC784657468969KHGG8HIAPFO83',1),
(172,'FR559783569400B6BDRVV4GXX54',1),
(173,'VG35WZDA4882933705963825',0),
(174,'RO13UPSSRHMVA84JH0TPPTVX',1),
(175,'FR052852981985N1TF4HKPH3775',1),
(176,'CH1638909DFOBBOKDMESB',1),
(177,'CY2898197073U3PPADHI2VW9HGH4',0),
(178,'BA935889437325903922',1),
(179,'FR813108640793Y4HR58JCFA449',1),
(180,'NL60DAOI2890375708',0),
(181,'AE026516987963616220448',1),
(182,'TN5700106793848451528520',1),
(183,'FR755651711877HQ8KUPTJE2E11',1),
(184,'FR807342764038UJRSGZYAYGM85',0),
(185,'BA483038538134266118',0),
(186,'GI54HZVAM8GR8MCMGTSWGBZ',0),
(187,'ES2653263729398493414117',1),
(188,'MD41FCEXASM3YJGHKWVOYR6K',1),
(189,'FR718643467428HIJYLT8CYGQ82',1),
(190,'CH3567950FQHSPWPY0BWT',1),
(191,'GR638703207OBM6HTHVGBRBYCXU',1),
(192,'FR241647887802ACKVGEEEQZM87',0),
(193,'MT97EGBW02387MRHPR6SO2DBWLXLUDC',1),
(194,'FR4430905752765LPNAIFSG9Q41',1),
(195,'FR574667668885IG3USPOFI9N57',1),
(196,'FR829725437093PER5U8ELT9S23',1),
(197,'KZ32461PMNFMY7ATQ15P',1),
(198,'IE28WALE23318115762854',1),
(199,'FO5917849755420235',0),
(200,'SI23437194819278478',1),
(201,'DE05645914104176216693',0),
(202,'VG13XECA8479575717087097',0),
(203,'EE209053047801927065',0),
(204,'FR870688838339XUH2UMXHIBL31',1),
(205,'BH57BACYIF0FMTOBWYBTVZ',1),
(206,'BH39IEBPEXT8B2IOP0V0AX',1),
(207,'FR221888182297VFPDTTNXNE158',1),
(208,'MU38SPRZ6561085529865602003KQY',1),
(209,'IE51AAOQ21828404077999',1),
(210,'LI9457531A6YJLWIJKNSQ',0),
(211,'MD31VHMTCPG2DQM1KE9JAERG',0),
(212,'FR560220421374LWDBFTIKQ0E75',1),
(213,'RO28QDCYICTJWFE5D83AYJRX',1),
(214,'PT51900520705500034768016',1),
(215,'BA134052890166958749',1),
(216,'HR5722252764418729628',1),
(217,'DK5795947186416720',1),
(218,'IL786557961952878739199',1),
(219,'FR1502944963172WZYK2TOUP756',1),
(220,'BH97ABMEE8WLEVCLROPPPE',1),
(221,'HR8118346488694153823',1),
(222,'IL930759747392977098228',1),
(223,'LB626508SPNHIYNRJ9YMTUC6S3Y1',1),
(224,'LB320032EOV0OLULVJCDQDFV0G0R',0),
(225,'KZ22464M1ORDJRMKIJGA',1),
(226,'EE773962608719332827',1),
(227,'BH28EQZSLZB0CFICEYOZHW',1),
(228,'KZ79698SAMINRDWP0SU3',1),
(229,'IT56S7325864523V7YMRWOSUY1J',1),
(230,'FR5041164036327DMV1CRBHOK58',0),
(231,'FR212662142883E0AWPCHJ3GN78',0),
(232,'GR1827883159GTSSL9T7REKJCSM',1),
(233,'AT024398839530873325',1),
(234,'ES4901947043150200664689',1),
(235,'EE201820260446512148',0),
(236,'RO58VRCUT6JVXUYK7PYQYPYV',1),
(237,'LT813789058902762269',1),
(238,'AE278375475155489553296',1),
(239,'GL0504368818522743',1),
(240,'GE30KN9977259559837875',1),
(241,'MR9542584479364588316982606',1),
(242,'HU45498063673683582631389376',1),
(243,'PT09874419408031302894251',1),
(244,'LI7634904SKGA95Q6SWNJ',1),
(245,'RS64141932494067128622',1),
(246,'RO94JBFJ54GBTA959QFVBDQ0',1),
(247,'SI57611936784468662',1),
(248,'IS854749981616528766643548',1),
(249,'HU66225900228297785349122085',1),
(250,'AT419337944819836915',1)

INSERT INTO [TransactionCategories] VALUES
(1,'Income'),
(2,'Housing'),
(3,'Home Services'),
(4,'Utilities'),
(5,'Household Items'),
(6,'Food'),
(7,'Transportation'),
(8,'Health'),
(9,'Kids'),
(10,'Pets'),
(11,'Subscriptions'),
(12,'Clothing'),
(13,'Personal Care'),
(14,'Travel'),
(15,'Entertainment'),
(16,'Technology'),
(17,'Charitable Giving'),
(18,'Investing'),
(19,'Debt Payments')