INSERT INTO [Departments] VALUES
(1,'Department no. 119 in Balingueo','Balingueo','Philippines'),
(2,'Department no. 97 in Boyle','Boyle','Ireland'),
(3,'Department no. 30 in Ribeiro','Ribeiro','Portugal'),
(4,'Department no. 96 in Manicaragua','Manicaragua','Cuba'),
(5,'Department no. 83 in Sulang Tengah','Sulang Tengah','Indonesia'),
(6,'Department no. 265 in Hidalgo','Hidalgo','Mexico'),
(7,'Department no. 297 in Jhumra','Jhumra','Pakistan'),
(8,'Department no. 259 in Kraków','Kraków','Poland'),
(9,'Department no. 193 in Tsiombe','Tsiombe','Madagascar'),
(10,'Department no. 292 in Baranowo','Baranowo','Poland'),
(11,'Department no. 220 in Weekombaka','Weekombaka','Indonesia'),
(12,'Department no. 258 in Gryfino','Gryfino','Poland'),
(13,'Department no. 54 in Sigetec','Sigetec','Croatia'),
(14,'Department no. 263 in Kelaniya','Kelaniya','Sri Lanka'),
(15,'Department no. 113 in Farrokh Shahr','Farrokh Shahr','Iran'),
(16,'Department no. 62 in Aleksandrovka','Aleksandrovka','Ukraine'),
(17,'Department no. 69 in Sinchao','Sinchao','Peru'),
(18,'Department no. 78 in Grodków','Grodków','Poland'),
(19,'Department no. 271 in Rēzekne','Rēzekne','Latvia'),
(20,'Department no. 29 in Parintins','Parintins','Brazil'),
(21,'Department no. 61 in Santana do Paraíso','Santana do Paraíso','Brazil'),
(22,'Department no. 216 in San Julian','San Julian','Philippines'),
(23,'Department no. 161 in Saint-Quentin-en-Yvelines','Saint-Quentin-en-Yvelines','France'),
(24,'Department no. 304 in Warszawa','Warszawa','Poland'),
(25,'Department no. 47 in Hamakita','Hamakita','Japan')

INSERT INTO [Employees] VALUES
(1,'Iolanthe Widdocks',CONVERT(DATE,'17.02.2007',105),22),
(2,'Gus Benitti',CONVERT(DATE,'03.03.2006',105),15),
(3,'Thedric Rawood',CONVERT(DATE,'19.09.2011',105),23),
(4,'Xenia Balassa',CONVERT(DATE,'07.04.2019',105),11),
(5,'Corinna Caldaro',CONVERT(DATE,'05.01.2003',105),23),
(6,'Hilton Titmuss',CONVERT(DATE,'02.05.2005',105),4),
(7,'Gibb Gert',CONVERT(DATE,'01.09.2013',105),22),
(8,'Abigael Garside',CONVERT(DATE,'09.01.2005',105),5),
(9,'Rosalinde Ganniclifft',CONVERT(DATE,'07.12.2022',105),16),
(10,'Maurita Ogger',CONVERT(DATE,'14.09.2017',105),11),
(11,'Eldridge Knaggs',CONVERT(DATE,'19.09.2014',105),8),
(12,'Lucina Lettsom',CONVERT(DATE,'15.11.2008',105),3),
(13,'Gui Harsnep',CONVERT(DATE,'12.09.2016',105),20),
(14,'Debora Dicky',CONVERT(DATE,'12.09.2004',105),12),
(15,'Gideon Fritchley',CONVERT(DATE,'27.11.2019',105),2),
(16,'Anatol Billings',CONVERT(DATE,'01.09.2013',105),25),
(17,'Gal Bordman',CONVERT(DATE,'21.08.2019',105),25),
(18,'Walton Dilworth',CONVERT(DATE,'21.03.2001',105),12),
(19,'Kylie Arrigo',CONVERT(DATE,'10.12.2012',105),21),
(20,'Dawn Josipovitz',CONVERT(DATE,'08.01.2008',105),12),
(21,'Carena McGragh',CONVERT(DATE,'18.05.2017',105),5),
(22,'Federica Michelmore',CONVERT(DATE,'10.08.2011',105),9),
(23,'Carlee Kirsop',CONVERT(DATE,'12.01.2015',105),15),
(24,'Erich Batram',CONVERT(DATE,'31.03.2008',105),6),
(25,'Germana Bibbie',CONVERT(DATE,'04.05.2020',105),1),
(26,'Julina Paggitt',CONVERT(DATE,'10.12.2004',105),13),
(27,'Forbes Antunez',CONVERT(DATE,'14.07.2019',105),19),
(28,'Ansley Hellmer',CONVERT(DATE,'28.11.2008',105),12),
(29,'Thomasa Redfearn',CONVERT(DATE,'07.03.2012',105),25),
(30,'Merci Clatworthy',CONVERT(DATE,'06.12.2010',105),16),
(31,'Melina Turner',CONVERT(DATE,'20.10.2014',105),20),
(32,'Torrin Daverin',CONVERT(DATE,'03.11.2002',105),13),
(33,'Kat Nichol',CONVERT(DATE,'22.10.2010',105),2),
(34,'Marti MacAvddy',CONVERT(DATE,'09.06.2006',105),5),
(35,'Tamarah Bulteel',CONVERT(DATE,'07.03.2007',105),7),
(36,'Joey Tyson',CONVERT(DATE,'15.10.2012',105),25),
(37,'Lezlie Dowsey',CONVERT(DATE,'07.08.2019',105),10),
(38,'Chicky Edser',CONVERT(DATE,'08.07.2015',105),7),
(39,'Cookie Wederell',CONVERT(DATE,'17.12.2010',105),6),
(40,'Pincas Dayce',CONVERT(DATE,'17.01.2001',105),6),
(41,'Papagena Filliskirk',CONVERT(DATE,'30.05.2014',105),2),
(42,'Carny Trevarthen',CONVERT(DATE,'06.05.2018',105),15),
(43,'Bev Quibell',CONVERT(DATE,'23.06.2015',105),16),
(44,'Joye Oliveras',CONVERT(DATE,'30.12.2001',105),7),
(45,'Yancy Taye',CONVERT(DATE,'14.03.2009',105),18),
(46,'Liliane Gable',CONVERT(DATE,'08.04.2016',105),13),
(47,'Gannie Nornable',CONVERT(DATE,'27.02.2011',105),11),
(48,'Idell Thorrington',CONVERT(DATE,'17.09.2010',105),23),
(49,'Diandra Rivilis',CONVERT(DATE,'13.05.2010',105),5),
(50,'Cristian Habbergham',CONVERT(DATE,'27.07.2020',105),9),
(51,'Lyndel Verduin',CONVERT(DATE,'11.03.2016',105),15),
(52,'Gerti Wieprecht',CONVERT(DATE,'17.09.2018',105),22),
(53,'Sacha Heathcott',CONVERT(DATE,'28.09.2019',105),19),
(54,'Gustav Stocker',CONVERT(DATE,'05.02.2017',105),2),
(55,'Florri Winspare',CONVERT(DATE,'18.07.2014',105),13),
(56,'Corbin Tratton',CONVERT(DATE,'02.11.2019',105),12),
(57,'Clementia Erridge',CONVERT(DATE,'28.01.2003',105),20),
(58,'Gherardo Hullock',CONVERT(DATE,'27.03.2014',105),12),
(59,'Mikey Tosspell',CONVERT(DATE,'30.07.2021',105),25),
(60,'Michelina Lapworth',CONVERT(DATE,'24.08.2002',105),4),
(61,'Joana Cubbinelli',CONVERT(DATE,'12.08.2022',105),16),
(62,'Georgia Chastang',CONVERT(DATE,'18.10.2007',105),14),
(63,'Nealon De Benedetti',CONVERT(DATE,'14.09.2013',105),8),
(64,'Chariot Enterlein',CONVERT(DATE,'10.03.2019',105),1),
(65,'Osbert Lombardo',CONVERT(DATE,'17.11.2007',105),9),
(66,'Otis Havenhand',CONVERT(DATE,'16.02.2003',105),23),
(67,'Bail Maciejak',CONVERT(DATE,'28.08.2016',105),24),
(68,'Newton Jina',CONVERT(DATE,'05.12.2009',105),17),
(69,'Fons Sant',CONVERT(DATE,'13.06.2016',105),21),
(70,'Matty Henrot',CONVERT(DATE,'16.05.2010',105),8),
(71,'Christophorus Woolmer',CONVERT(DATE,'12.11.2011',105),23),
(72,'Ernie Fish',CONVERT(DATE,'26.06.2002',105),25),
(73,'Scarface Salack',CONVERT(DATE,'22.01.2006',105),21),
(74,'Lamar Topaz',CONVERT(DATE,'24.06.2004',105),6),
(75,'Brook Anderer',CONVERT(DATE,'04.04.2017',105),3),
(76,'Clare Joysey',CONVERT(DATE,'19.05.2007',105),24),
(77,'Roddy Castells',CONVERT(DATE,'06.01.2016',105),3),
(78,'Penny Gabb',CONVERT(DATE,'27.09.2010',105),4),
(79,'Ashton Tedman',CONVERT(DATE,'21.06.2005',105),15),
(80,'Vernon Nassau',CONVERT(DATE,'06.08.2022',105),18),
(81,'Elsy Halliberton',CONVERT(DATE,'10.06.2010',105),6),
(82,'Marrilee de Quesne',CONVERT(DATE,'05.08.2018',105),14),
(83,'Cecil Pinkerton',CONVERT(DATE,'31.10.2013',105),21),
(84,'Allyce Alelsandrovich',CONVERT(DATE,'19.08.2019',105),24),
(85,'Saree Meysham',CONVERT(DATE,'27.01.2008',105),14),
(86,'Shandeigh Benedtti',CONVERT(DATE,'16.06.2012',105),17),
(87,'Ezra Antat',CONVERT(DATE,'14.12.2004',105),23),
(88,'Malachi Coultard',CONVERT(DATE,'25.07.2006',105),9),
(89,'Geralda Rosier',CONVERT(DATE,'24.04.2020',105),3),
(90,'Remus Ormshaw',CONVERT(DATE,'09.12.2016',105),13),
(91,'Dorothea Gershom',CONVERT(DATE,'20.10.2003',105),4),
(92,'Miltie Musslewhite',CONVERT(DATE,'07.08.2012',105),21),
(93,'Cicily Bathowe',CONVERT(DATE,'23.08.2004',105),5),
(94,'Cristen Carruth',CONVERT(DATE,'15.07.2001',105),16),
(95,'Gunter Coon',CONVERT(DATE,'26.03.2004',105),16),
(96,'Blanche Messum',CONVERT(DATE,'21.06.2017',105),19),
(97,'Barbaraanne Hebbes',CONVERT(DATE,'06.04.2020',105),10),
(98,'Donalt McMurty',CONVERT(DATE,'02.01.2017',105),19),
(99,'Ave Rodrig',CONVERT(DATE,'25.04.2015',105),25),
(100,'Barney Derr',CONVERT(DATE,'02.05.2014',105),10),
(101,'Cort Sterman',CONVERT(DATE,'02.11.2018',105),15),
(102,'Jewelle Mander',CONVERT(DATE,'11.09.2005',105),9),
(103,'Kylynn Merredy',CONVERT(DATE,'11.06.2021',105),17),
(104,'Cleve MacKnocker',CONVERT(DATE,'23.08.2013',105),8),
(105,'Phaedra Tybalt',CONVERT(DATE,'15.08.2007',105),1),
(106,'Dorena Mathevet',CONVERT(DATE,'25.06.2010',105),9),
(107,'Yves Towsey',CONVERT(DATE,'30.03.2018',105),14),
(108,'Ina Springthorp',CONVERT(DATE,'09.12.2017',105),25),
(109,'Quintin Casine',CONVERT(DATE,'11.02.2021',105),19),
(110,'Mitchel Merredy',CONVERT(DATE,'06.05.2020',105),11),
(111,'Lamar Lupson',CONVERT(DATE,'12.11.2003',105),14),
(112,'Oren Beach',CONVERT(DATE,'16.03.2007',105),6)

INSERT INTO [ATMs] VALUES
(1,5691,5,'Kalipare'),
(2,4546,2,'Cobh'),
(3,7575,11,'Curahpacul Satu'),
(4,11833,3,'Castainço'),
(5,1933,5,'Kuniran'),
(6,4472,21,'Itapemirim'),
(7,6400,23,'La Rochelle'),
(8,9694,11,'Cimara'),
(9,8927,22,'Baylo'),
(10,2672,5,'Muesanaik'),
(11,14997,23,'La Garde'),
(12,7088,22,'Muladbucad'),
(13,4048,11,'Sendang'),
(14,17109,23,'Paris 15'),
(15,12544,5,'Bungkal'),
(16,11449,23,'Roissy Charles-de-Gaulle'),
(17,16417,17,'Velille'),
(18,14750,23,'Paris 12'),
(19,10584,25,'Numazu'),
(20,4333,22,'Lopez Jaena'),
(21,10830,5,'Parenggan'),
(22,1117,5,'Simpanganduwet'),
(23,13001,1,'Cortez'),
(24,5495,23,'Toulouse'),
(25,16449,22,'Monching'),
(26,7280,5,'Gunung Sugih'),
(27,6939,23,'Massy'),
(28,3834,3,'Póvoa do Valado'),
(29,10114,16,'Krynychky'),
(30,3818,3,'Costa de Rios Frios'),
(31,12967,11,'Jambesari'),
(32,3238,25,'Kumagaya'),
(33,15462,21,'Soledade'),
(34,2345,11,'Ciherang'),
(35,2369,1,'Malabag'),
(36,2802,17,'Tibillo'),
(37,8455,3,'Arcena'),
(38,8339,17,'Paucar'),
(39,6170,11,'Pendawanbaru'),
(40,14379,25,'Obita'),
(41,17812,23,'Toulouse'),
(42,8989,11,'Garisul'),
(43,10596,2,'Mullagh'),
(44,18676,20,'Ilhabela'),
(45,14962,1,'New Agutaya'),
(46,7452,1,'Tapas'),
(47,8723,5,'Luti'),
(48,11148,7,'Tānk'),
(49,4131,11,'Banjar Wates Tengah'),
(50,12476,22,'Pulo'),
(51,9379,4,'Holguín'),
(52,6606,17,'Saposoa'),
(53,4035,23,'Aix-en-Provence'),
(54,15530,1,'Banawang'),
(55,1772,2,'Sandymount'),
(56,10224,11,'Ritaebang'),
(57,3596,22,'Guimbal'),
(58,17569,20,'Rio das Pedras'),
(59,17187,23,'Noyon'),
(60,16546,20,'Peruíbe'),
(61,2990,22,'Kayapa'),
(62,1337,22,'Saguing'),
(63,17499,3,'Santo Amador'),
(64,3190,3,'Finzes'),
(65,17782,11,'Nakajah'),
(66,17717,19,'Rucava'),
(67,2979,11,'Rimba Sekampung'),
(68,17446,12,'Pysznica'),
(69,16452,12,'Pniewy'),
(70,8900,24,'Purda'),
(71,4049,24,'Sawin'),
(72,18220,24,'Nekla'),
(73,11120,8,'Jasionów'),
(74,16311,8,'Piotrków Kujawski'),
(75,1699,10,'Świdwin'),
(76,706,10,'Józefów'),
(77,16631,12,'Józefosław'),
(78,9819,18,'Niedzica'),
(79,18038,18,'Krzemieniewo'),
(80,10062,18,'Zbrosławice'),
(81,5108,12,'Polkowice'),
(82,1762,12,'Góra Kalwaria'),
(83,7307,8,'Czeremcha'),
(84,15556,12,'Biecz'),
(85,13112,18,'Bąków'),
(86,11130,10,'Ostrzeszów'),
(87,2014,12,'Czerniewice')

INSERT INTO [ATMsMalfunctions] VALUES
(1,86,'Faulty dispenser',CONVERT(DATE,'08-09-2013',105),97),
(2,40,'Faulty dispenser',CONVERT(DATE,'03-11-2013',105),59),
(3,75,'Worn out card reader',CONVERT(DATE,'04-09-2018',105),97),
(4,43,'Faulty dispenser',CONVERT(DATE,'08-12-2021',105),41),
(5,23,'Software glitch',CONVERT(DATE,'13-10-2022',105),105),
(6,48,'Broken keypad',CONVERT(DATE,'21-11-2012',105),38),
(7,43,'Faulty dispenser',CONVERT(DATE,'07-04-2012',105),33),
(8,63,'Receipt malfunctions',CONVERT(DATE,'01-01-2012',105),12),
(9,81,'Worn out card reader',CONVERT(DATE,'18-04-2007',105),14),
(10,60,'Broken keypad',CONVERT(DATE,'16-10-2015',105),13),
(11,10,'Software glitch',CONVERT(DATE,'07-11-2011',105),21),
(12,75,'Receipt malfunctions',CONVERT(DATE,'26-05-2018',105),100),
(13,87,'Faulty dispenser',CONVERT(DATE,'06-09-2020',105),56),
(14,87,'Receipt malfunctions',CONVERT(DATE,'23-05-2002',105),56),
(15,75,'Receipt malfunctions',CONVERT(DATE,'06-04-2021',105),97),
(16,27,'Worn out card reader',CONVERT(DATE,'18-07-2013',105),71),
(17,60,'Software glitch',CONVERT(DATE,'16-02-2003',105),13),
(18,62,'Worn out card reader',CONVERT(DATE,'28-03-2007',105),1),
(19,23,'Faulty dispenser',CONVERT(DATE,'31-12-2014',105),64),
(20,66,'Software glitch',CONVERT(DATE,'01-03-2009',105),109),
(21,24,'Worn out card reader',CONVERT(DATE,'26-11-2018',105),48),
(22,32,'Worn out card reader',CONVERT(DATE,'31-10-2005',105),99),
(23,73,'Software glitch',CONVERT(DATE,'12-11-2020',105),104),
(24,28,'Broken keypad',CONVERT(DATE,'12-04-2007',105),89),
(25,29,'Worn out card reader',CONVERT(DATE,'18-01-2007',105),61),
(26,16,'Software glitch',CONVERT(DATE,'11-10-2011',105),5),
(27,40,'Software glitch',CONVERT(DATE,'22-07-2014',105),29),
(28,11,'Software glitch',CONVERT(DATE,'27-02-2007',105),48),
(29,17,'Software glitch',CONVERT(DATE,'01-07-2022',105),86),
(30,72,'Broken keypad',CONVERT(DATE,'29-03-2017',105),67),
(31,51,'Broken keypad',CONVERT(DATE,'04-06-2014',105),60),
(32,67,'Broken keypad',CONVERT(DATE,'15-04-2002',105),47),
(33,33,'Worn out card reader',CONVERT(DATE,'01-09-2019',105),73),
(34,55,'Worn out card reader',CONVERT(DATE,'06-02-2005',105),54),
(35,46,'Receipt malfunctions',CONVERT(DATE,'21-08-2001',105),105),
(36,48,'Faulty dispenser',CONVERT(DATE,'14-03-2013',105),44),
(37,40,'Software glitch',CONVERT(DATE,'21-11-2004',105),99),
(38,35,'Worn out card reader',CONVERT(DATE,'06-07-2012',105),25),
(39,77,'Faulty dispenser',CONVERT(DATE,'11-12-2007',105),20),
(40,34,'Faulty dispenser',CONVERT(DATE,'23-05-2022',105),4),
(41,33,'Receipt malfunctions',CONVERT(DATE,'09-08-2002',105),92),
(42,55,'Receipt malfunctions',CONVERT(DATE,'05-07-2012',105),54),
(43,87,'Worn out card reader',CONVERT(DATE,'22-05-2001',105),28),
(44,52,'Broken keypad',CONVERT(DATE,'13-05-2022',105),68),
(45,47,'Software glitch',CONVERT(DATE,'29-05-2013',105),93),
(46,18,'Faulty dispenser',CONVERT(DATE,'30-03-2022',105),66),
(47,57,'Receipt malfunctions',CONVERT(DATE,'14-03-2004',105),1),
(48,77,'Receipt malfunctions',CONVERT(DATE,'15-07-2007',105),18),
(49,48,'Worn out card reader',CONVERT(DATE,'13-07-2012',105),35),
(50,43,'Faulty dispenser',CONVERT(DATE,'03-04-2010',105),33),
(51,29,'Receipt malfunctions',CONVERT(DATE,'08-01-2014',105),95),
(52,38,'Software glitch',CONVERT(DATE,'17-07-2014',105),103),
(53,11,'Broken keypad',CONVERT(DATE,'18-02-2003',105),3),
(54,19,'Faulty dispenser',CONVERT(DATE,'07-10-2006',105),29),
(55,40,'Worn out card reader',CONVERT(DATE,'31-01-2014',105),16),
(56,40,'Receipt malfunctions',CONVERT(DATE,'03-02-2022',105),72),
(57,55,'Faulty dispenser',CONVERT(DATE,'12-04-2008',105),54),
(58,72,'Faulty dispenser',CONVERT(DATE,'13-09-2003',105),67),
(59,58,'Broken keypad',CONVERT(DATE,'03-03-2016',105),31),
(60,75,'Faulty dispenser',CONVERT(DATE,'29-09-2004',105),37),
(61,33,'Broken keypad',CONVERT(DATE,'22-04-2007',105),69),
(62,86,'Receipt malfunctions',CONVERT(DATE,'25-12-2008',105),37),
(63,35,'Worn out card reader',CONVERT(DATE,'09-07-2020',105),105),
(64,52,'Broken keypad',CONVERT(DATE,'19-02-2015',105),68),
(65,37,'Faulty dispenser',CONVERT(DATE,'16-07-2020',105),77),
(66,57,'Worn out card reader',CONVERT(DATE,'22-09-2022',105),1),
(67,33,'Receipt malfunctions',CONVERT(DATE,'03-09-2005',105),83),
(68,19,'Receipt malfunctions',CONVERT(DATE,'30-09-2011',105),29),
(69,29,'Software glitch',CONVERT(DATE,'10-08-2012',105),94),
(70,69,'Faulty dispenser',CONVERT(DATE,'28-03-2003',105),18),
(71,48,'Receipt malfunctions',CONVERT(DATE,'10-02-2019',105),44),
(72,87,'Receipt malfunctions',CONVERT(DATE,'08-02-2004',105),58),
(73,62,'Worn out card reader',CONVERT(DATE,'09-05-2010',105),7),
(74,59,'Broken keypad',CONVERT(DATE,'06-02-2018',105),3),
(75,32,'Worn out card reader',CONVERT(DATE,'10-02-2005',105),29),
(76,71,'Worn out card reader',CONVERT(DATE,'03-11-2018',105),76),
(77,16,'Software glitch',CONVERT(DATE,'18-04-2018',105),5),
(78,52,'Broken keypad',CONVERT(DATE,'02-02-2004',105),86),
(79,87,'Faulty dispenser',CONVERT(DATE,'28-02-2014',105),20),
(80,71,'Worn out card reader',CONVERT(DATE,'11-03-2014',105),84),
(81,36,'Faulty dispenser',CONVERT(DATE,'05-04-2013',105),103),
(82,66,'Worn out card reader',CONVERT(DATE,'25-06-2018',105),27),
(83,51,'Faulty dispenser',CONVERT(DATE,'26-09-2015',105),6),
(84,10,'Software glitch',CONVERT(DATE,'11-12-2001',105),8),
(85,66,'Broken keypad',CONVERT(DATE,'04-03-2002',105),109),
(86,29,'Worn out card reader',CONVERT(DATE,'27-08-2019',105),94),
(87,33,'Receipt malfunctions',CONVERT(DATE,'18-05-2013',105),92),
(88,4,'Receipt malfunctions',CONVERT(DATE,'15-02-2008',105),77),
(89,32,'Receipt malfunctions',CONVERT(DATE,'20-10-2011',105),16),
(90,62,'Software glitch',CONVERT(DATE,'24-04-2007',105),1),
(91,66,'Broken keypad',CONVERT(DATE,'05-02-2008',105),27),
(92,10,'Broken keypad',CONVERT(DATE,'23-10-2012',105),49),
(93,55,'Worn out card reader',CONVERT(DATE,'27-01-2001',105),15),
(94,82,'Software glitch',CONVERT(DATE,'23-06-2002',105),58),
(95,82,'Faulty dispenser',CONVERT(DATE,'28-05-2017',105),58),
(96,14,'Worn out card reader',CONVERT(DATE,'14-12-2009',105),71),
(97,60,'Software glitch',CONVERT(DATE,'11-09-2020',105),13)



INSERT INTO [Clients] VALUES
(1,'Phil Lofting',CONVERT(DATE,'30-03-1995',105),'Krajan Dua Putukrejo','Indonesia','+62697945465'),
(2,'Filbert Bassingham',CONVERT(DATE,'21-01-1988',105),'Esperanza','Dominican Republic','+1614187413'),
(3,'Osmond Culkin',CONVERT(DATE,'08-06-1977',105),'Tacoma','United States','+1253714047'),
(4,'Trina Ivanyushin',CONVERT(DATE,'26-10-2006',105),'Remas','Albania','+355363144224'),
(5,'Sukey Jack',CONVERT(DATE,'24-08-1967',105),'Raszowa','Poland','+48156764940'),
(6,'Diahann Broz',CONVERT(DATE,'09-05-2000',105),'Zhukovskiy','Russia','+7354293872'),
(7,'Gualterio Castagnaro',CONVERT(DATE,'06-09-1977',105),'Huoqiu Chengguanzhen','China','+86775132185'),
(8,'Jorey Chumley',CONVERT(DATE,'02-12-2003',105),'Xiaohe','China','+86229326632'),
(9,'Chlo Donnett',CONVERT(DATE,'25-11-1973',105),'Hongshan','China','+86368625073'),
(10,'Laryssa Roebottom',CONVERT(DATE,'15-02-1969',105),'Smedjebacken','Sweden','+46600402366'),
(11,'Ginger Brownjohn',CONVERT(DATE,'25-10-2003',105),'Bayuwan','Indonesia','+62977252507'),
(12,'Nikkie Blancowe',CONVERT(DATE,'15-11-1970',105),'Cluny','Mauritius','+230947811187'),
(13,'Richie Kubala',CONVERT(DATE,'16-10-1980',105),'Žleby','Czech Republic','+420145477570'),
(14,'Charlot Sygroves',CONVERT(DATE,'17-09-1967',105),'Jamalteca','Honduras','+504748907859'),
(15,'Gage Clue',CONVERT(DATE,'07-09-1974',105),'São Francisco','Brazil','+55865473714'),
(16,'Jessee Stanyer',CONVERT(DATE,'02-09-1973',105),'Mayuan','China','+86325804533'),
(17,'Pete Sprosson',CONVERT(DATE,'08-03-2005',105),'Mata','Portugal','+351503945954'),
(18,'Didi Hubbold',CONVERT(DATE,'18-10-1995',105),'Miaoshi','China','+86203907565'),
(19,'Chrisse OCarmody',CONVERT(DATE,'09-01-1979',105),'Karangagung Timur','Indonesia','+62232276762'),
(20,'Aloysia Ryburn',CONVERT(DATE,'06-08-1977',105),'Hengpi','China','+86963886634'),
(21,'Zachary Dyball',CONVERT(DATE,'18-08-1999',105),'Stepanovićevo','Serbia','+381704676772'),
(22,'Ermentrude Strongitharm',CONVERT(DATE,'31-05-1995',105),'Mēga','Ethiopia','+251595469263'),
(23,'Cody Arnholz',CONVERT(DATE,'04-06-1969',105),'Yefremov','Russia','+7712613785'),
(24,'Lyn Dax',CONVERT(DATE,'18-08-2005',105),'Bangeran','Indonesia','+62984258573'),
(25,'Abbi Ragbourn',CONVERT(DATE,'18-09-1973',105),'Cigalontang','Indonesia','+62559632457'),
(26,'Allyce Headrick',CONVERT(DATE,'25-01-2004',105),'Kladanj','Bosnia and Herzegovina','+387557570404'),
(27,'Louise Killelay',CONVERT(DATE,'06-09-1999',105),'Mir','Belarus','+375406582221'),
(28,'Belia Seagood',CONVERT(DATE,'29-01-1974',105),'Ystad','Sweden','+46993287170'),
(29,'Gretel Gansbuhler',CONVERT(DATE,'07-09-2006',105),'Bundoc','Philippines','+63602609579'),
(30,'Selia Burkill',CONVERT(DATE,'17-08-1969',105),'Huangchuan','China','+86597808144'),
(31,'Quillan Nice',CONVERT(DATE,'24-08-1971',105),'Palompon','Philippines','+63732117663'),
(32,'Annemarie Blankau',CONVERT(DATE,'21-10-1997',105),'Wendo','Ethiopia','+251706252365'),
(33,'Elnore Blacket',CONVERT(DATE,'19-04-2002',105),'Gornji Petrovci','Slovenia','+386306882333'),
(34,'Sallyanne Gentil',CONVERT(DATE,'24-05-1968',105),'Luoshan','China','+86951558807'),
(35,'Anallise Spurret',CONVERT(DATE,'27-07-1987',105),'Santo Domingo','Philippines','+63208838517'),
(36,'Kerr McCreagh',CONVERT(DATE,'21-06-1984',105),'Líbeznice','Czech Republic','+420241544669'),
(37,'Arabella Curtis',CONVERT(DATE,'18-08-1990',105),'Pontevedra','Spain','+34189306648'),
(38,'Bernhard Giacopello',CONVERT(DATE,'14-11-1967',105),'Vetluzhskiy','Russia','+7951251321'),
(39,'Fanchon De Hailes',CONVERT(DATE,'15-07-1998',105),'Uenohara','Japan','+81170280150'),
(40,'Nellie Westoff',CONVERT(DATE,'14-10-1974',105),'Lyon','France','+33864839197'),
(41,'Vassily Fairlam',CONVERT(DATE,'03-04-1984',105),'Katrineholm','Sweden','+46560441717'),
(42,'Mortie Sadgrove',CONVERT(DATE,'07-10-1998',105),'Paragominas','Brazil','+55150644226'),
(43,'Dorey Cantrell',CONVERT(DATE,'02-07-1990',105),'Pamedilan','Indonesia','+62977734861'),
(44,'Fayina Logie',CONVERT(DATE,'23-06-1996',105),'Huangcun','China','+86844222433'),
(45,'Valina Loakes',CONVERT(DATE,'30-06-1973',105),'Tapera','Brazil','+55200596687'),
(46,'Humfried Delagua',CONVERT(DATE,'27-03-2004',105),'Quyangqiao','China','+86669902671'),
(47,'Arleyne Nyssen',CONVERT(DATE,'16-10-1986',105),'Mississauga','Canada','+1676660306'),
(48,'Doug Pitcock',CONVERT(DATE,'16-07-1997',105),'Montluçon','France','+33466720357'),
(49,'Leona Hardcastle',CONVERT(DATE,'25-08-2005',105),'Dugu','China','+86744316569'),
(50,'Christabella Schinetti',CONVERT(DATE,'21-10-1972',105),'Sanrao','China','+86371887730'),
(51,'Joeann Monkman',CONVERT(DATE,'25-01-1991',105),'Heicheng','China','+86917890545'),
(52,'Oberon Apdell',CONVERT(DATE,'05-10-2001',105),'Shcherbinka','Russia','+7699849654'),
(53,'Tiffanie Garmon',CONVERT(DATE,'09-12-1969',105),'Pinayagan Norte','Philippines','+63735780766'),
(54,'Thomasa Januszkiewicz',CONVERT(DATE,'01-01-1968',105),'Tanudan','Philippines','+63640896472'),
(55,'Moria Lawrance',CONVERT(DATE,'17-02-1995',105),'Impendle','South Africa','+27310363287'),
(56,'Benita Bockin',CONVERT(DATE,'22-05-2004',105),'Popova','Russia','+7623232605'),
(57,'Harriette Punshon',CONVERT(DATE,'09-05-1983',105),'Karnice','Poland','+48999197762'),
(58,'Bartholomew Hedger',CONVERT(DATE,'02-03-1973',105),'Tobi Village','Palau','+680180249344'),
(59,'Merilee Mcasparan',CONVERT(DATE,'29-04-1989',105),'Alicante/Alacant','Spain','+34828915419'),
(60,'Giovanni Caddies',CONVERT(DATE,'19-07-1985',105),'Krzanowice','Poland','+48415605100'),
(61,'Leodora Shoulder',CONVERT(DATE,'04-07-1978',105),'Ouidah','Benin','+229421888242'),
(62,'Sibel Smallcomb',CONVERT(DATE,'04-11-1980',105),'Battle Creek','United States','+1269819738'),
(63,'Addie Klaffs',CONVERT(DATE,'20-06-1983',105),'Saint-Denis','Reunion','+262989564498'),
(64,'Ardelis Goatman',CONVERT(DATE,'16-08-2001',105),'Gogosuket','Indonesia','+62957321338'),
(65,'Adey Mangon',CONVERT(DATE,'26-07-1987',105),'Hroznětín','Czech Republic','+420618842775'),
(66,'Vergil Ralestone',CONVERT(DATE,'06-12-1975',105),'Gniechowice','Poland','+48712407558'),
(67,'Renault Bartolomeo',CONVERT(DATE,'03-12-1990',105),'Pandangan Kulon','Indonesia','+62342261629'),
(68,'Harwilll Damiral',CONVERT(DATE,'30-09-2006',105),'Panadtaban','Philippines','+63119146720'),
(69,'Rupert Chadderton',CONVERT(DATE,'15-10-1975',105),'Beutong Ateuh','Indonesia','+62322887303'),
(70,'Noel Deverill',CONVERT(DATE,'31-05-1991',105),'København','Denmark','+45980120886'),
(71,'Winnah Merrick',CONVERT(DATE,'05-05-1974',105),'Bapska','Croatia','+385950817415'),
(72,'Caron Cannan',CONVERT(DATE,'09-01-1968',105),'Calamba','Philippines','+63854909810'),
(73,'Karlotte Frarey',CONVERT(DATE,'05-08-1986',105),'Villa Dolores','Argentina','+54717944579'),
(74,'Peria Carlozzi',CONVERT(DATE,'04-03-1978',105),'Hongtian','China','+86632895706'),
(75,'Arch Grundwater',CONVERT(DATE,'07-12-1973',105),'Sechelt','Canada','+1981535764'),
(76,'Karlyn Common',CONVERT(DATE,'24-01-1989',105),'Shuangtang','China','+86820120517'),
(77,'Tami Winterflood',CONVERT(DATE,'19-05-1983',105),'Dungloe','Ireland','+353611976129'),
(78,'Ellissa Tadgell',CONVERT(DATE,'14-09-2004',105),'Avignon','France','+33453775381'),
(79,'Eliot Moden',CONVERT(DATE,'15-06-2006',105),'Nam Phong','Thailand','+66258975945'),
(80,'Nevins Doget',CONVERT(DATE,'15-07-1967',105),'Rājbirāj','Nepal','+977600398614'),
(81,'Stephanus Topliss',CONVERT(DATE,'25-05-1999',105),'Valence','France','+33592126224'),
(82,'Orion Tipler',CONVERT(DATE,'25-07-1989',105),'Al ‘Aqabah','Yemen','+967507351165'),
(83,'Joey Vawton',CONVERT(DATE,'07-12-2006',105),'Koroyo','Indonesia','+62143725848'),
(84,'Benny Embery',CONVERT(DATE,'20-10-2000',105),'Badai','China','+86831938040'),
(85,'Julissa Cordeux',CONVERT(DATE,'10-08-1984',105),'Tapilon','Philippines','+63585849283'),
(86,'Stacie Rolfini',CONVERT(DATE,'19-03-1980',105),'Néa Kíos','Greece','+30819752246'),
(87,'Audra Hanselman',CONVERT(DATE,'24-05-1972',105),'Vila Verde','Portugal','+351280591908'),
(88,'Mick Bode',CONVERT(DATE,'25-07-1976',105),'Ribeira das Taínhas','Portugal','+351735299901'),
(89,'Arny Glaister',CONVERT(DATE,'16-10-1982',105),'Conroe','United States','+1936301841'),
(90,'Derrik Clark',CONVERT(DATE,'04-11-1980',105),'Laoxingchang','China','+86825102907'),
(91,'Randi Kliner',CONVERT(DATE,'13-08-1967',105),'Rambatan','Indonesia','+62383327754'),
(92,'Brandise Raddan',CONVERT(DATE,'26-04-1978',105),'Yangsan','South Korea','+82972598207'),
(93,'Aguie McCague',CONVERT(DATE,'31-05-1981',105),'Sal’sk','Russia','+7992994041'),
(94,'Nichole Leyzell',CONVERT(DATE,'26-07-2001',105),'Poitiers','France','+33330126133'),
(95,'Tommie Growden',CONVERT(DATE,'27-05-1984',105),'Ngeni','Indonesia','+62173565366'),
(96,'Ambrose Bougen',CONVERT(DATE,'26-05-1979',105),'Pasirmalang','Indonesia','+62950452357'),
(97,'Ebenezer Gogin',CONVERT(DATE,'14-06-2006',105),'Ikata-chō','Japan','+81509432607'),
(98,'Neall Pearmain',CONVERT(DATE,'23-09-1982',105),'Los Dos Caminos','Venezuela','+58351464046'),
(99,'Caryl Phelipeaux',CONVERT(DATE,'16-05-1993',105),'Suchedniów','Poland','+48367560572'),
(100,'Thatch Cottel',CONVERT(DATE,'23-04-1972',105),'Marly','France','+33926476161'),
(101,'Henrie OLoughane',CONVERT(DATE,'24-11-1967',105),'Rubirizi','Uganda','+256627243316'),
(102,'Wendel Enderby',CONVERT(DATE,'12-07-1972',105),'Pledo','Indonesia','+62743298887'),
(103,'Editha Hartles',CONVERT(DATE,'06-09-2000',105),'Barrī ash Sharqī','Syria','+963829418752'),
(104,'El Layborn',CONVERT(DATE,'24-10-1988',105),'Feilaixia','China','+86470459601'),
(105,'Howie Conaboy',CONVERT(DATE,'24-06-1969',105),'Mosrentgen','Russia','+7121813198'),
(106,'Meggi Canto',CONVERT(DATE,'05-01-1973',105),'Komsomolsk-on-Amur','Russia','+7373771592'),
(107,'Vinny Ivers',CONVERT(DATE,'22-02-1987',105),'Tengqiao','China','+86311454257'),
(108,'Catherine Delahunty',CONVERT(DATE,'22-08-1968',105),'Jianggang','China','+86943677325'),
(109,'Laure Tzarkov',CONVERT(DATE,'17-09-1995',105),'Erfurt','Germany','+49976428080'),
(110,'Valentia Dolman',CONVERT(DATE,'21-09-1995',105),'Lasehao','Indonesia','+62576760299'),
(111,'Tiphani Capner',CONVERT(DATE,'06-06-2001',105),'Mirsíni','Greece','+30553990652'),
(112,'Kelcey Shuttlewood',CONVERT(DATE,'06-01-2002',105),'Sápes','Greece','+30650257523'),
(113,'Mitch Fosse',CONVERT(DATE,'14-02-1988',105),'Usevia','Tanzania','+255459276653'),
(114,'Asia Hanselmann',CONVERT(DATE,'29-07-1978',105),'Livingstone','Zambia','+260423834705'),
(115,'Torrance Piggins',CONVERT(DATE,'29-09-1971',105),'Majur','Serbia','+381435926508'),
(116,'Gates Potier',CONVERT(DATE,'23-07-1973',105),'Masina','Democratic Republic of the Congo','+242927178817'),
(117,'Elsie Mulholland',CONVERT(DATE,'13-11-1995',105),'Buy','Russia','+7682713586'),
(118,'Kathrine Jakubowicz',CONVERT(DATE,'05-01-1968',105),'Hengxi','China','+86478157603'),
(119,'Candra Barnaby',CONVERT(DATE,'19-03-1985',105),'Svitlovods’k','Ukraine','+380697464943'),
(120,'Marena Tarney',CONVERT(DATE,'05-03-1998',105),'Natal','Brazil','+55880306456'),
(121,'Neille Cheal',CONVERT(DATE,'14-12-1983',105),'Xiaotang','China','+86636562184'),
(122,'Mersey Rediers',CONVERT(DATE,'29-06-1994',105),'Sofádes','Greece','+30716659653'),
(123,'Jozef Brigman',CONVERT(DATE,'07-08-1994',105),'Liushan','China','+86923111730'),
(124,'Nady Dootson',CONVERT(DATE,'16-12-1996',105),'Baishuitan','China','+86858312577'),
(125,'Alayne Howselee',CONVERT(DATE,'31-03-1998',105),'Chelbasskaya','Russia','+7654153183'),
(126,'Cooper Olenchenko',CONVERT(DATE,'15-08-2000',105),'Ptení','Czech Republic','+420651404424'),
(127,'Boyd Kretchmer',CONVERT(DATE,'23-12-2006',105),'Pancas','Brazil','+55766704671'),
(128,'Eduardo Bonas',CONVERT(DATE,'06-12-2002',105),'North Perth','Canada','+1341655692'),
(129,'Lacy Rosenfield',CONVERT(DATE,'16-08-1980',105),'Saint-Maurice','France','+33903778140'),
(130,'Constancia Finlayson',CONVERT(DATE,'21-06-1970',105),'Nahura','Indonesia','+62188895034'),
(131,'Gabbey Silverman',CONVERT(DATE,'01-09-1998',105),'Moluo','China','+86163783592'),
(132,'Park Bim',CONVERT(DATE,'23-07-1987',105),'Sumberagung','Indonesia','+62270954982'),
(133,'Maddy Kleyn',CONVERT(DATE,'23-09-1987',105),'Estreito Câmara de Lobos','Portugal','+351818166039'),
(134,'Rand Tarburn',CONVERT(DATE,'22-07-1975',105),'Əhmədbəyli','Azerbaijan','+994246253051'),
(135,'Hetty Cossins',CONVERT(DATE,'13-09-1971',105),'Apartadó','Colombia','+57517467082'),
(136,'Sherman Caseri',CONVERT(DATE,'26-01-1983',105),'Bandeirantes','Brazil','+55920649617'),
(137,'Brett Bohlin',CONVERT(DATE,'18-01-1983',105),'Jiangdianzi','China','+86373390113'),
(138,'Nathanael Catling',CONVERT(DATE,'27-06-1982',105),'Sumberpandan','Indonesia','+62302716489'),
(139,'Dru Curnick',CONVERT(DATE,'02-02-1989',105),'Capela','Portugal','+351304729098'),
(140,'Agnella Hanna',CONVERT(DATE,'05-06-2002',105),'Břeclav','Czech Republic','+420763235017'),
(141,'Sibyl Count',CONVERT(DATE,'23-10-1992',105),'Kitob','Uzbekistan','+998679555254'),
(142,'Hillary Cicero',CONVERT(DATE,'18-01-1972',105),'Jilin','China','+86160153206'),
(143,'Mose Saing',CONVERT(DATE,'25-10-1989',105),'Ōtsuki','Japan','+81119520694'),
(144,'Constantin Virgoe',CONVERT(DATE,'08-03-1989',105),'Bilqās','Egypt','+20901533526'),
(145,'Siobhan Shermore',CONVERT(DATE,'30-06-1990',105),'Kishi','Nigeria','+234159349718'),
(146,'Taite Clubbe',CONVERT(DATE,'15-07-1975',105),'Wenchang','China','+86797408241'),
(147,'Angie Sullivan',CONVERT(DATE,'10-01-1993',105),'Salamá','Honduras','+504576408122'),
(148,'Casar Langstone',CONVERT(DATE,'20-02-1992',105),'Vuka','Croatia','+385891814023'),
(149,'Gabbi Egger',CONVERT(DATE,'31-01-1979',105),'Poligny','France','+33501614782'),
(150,'Weston Bugdale',CONVERT(DATE,'21-08-1980',105),'Aş Şanamayn','Syria','+963438178950'),
(151,'Penni Ableson',CONVERT(DATE,'26-02-1977',105),'Sainte-Geneviève-des-Bois','France','+33710818637'),
(152,'Isak Feldon',CONVERT(DATE,'17-10-2005',105),'Innoshima','Japan','+81388309971'),
(153,'Jean Djekic',CONVERT(DATE,'22-11-1970',105),'Titiakar','Indonesia','+62124282896'),
(154,'Hannis Danigel',CONVERT(DATE,'08-04-1983',105),'Kangar','Malaysia','+60363470416'),
(155,'Ellyn Lardeux',CONVERT(DATE,'22-04-1995',105),'Zhongtai','China','+86230220922'),
(156,'Emmaline Perocci',CONVERT(DATE,'23-12-1982',105),'Nangong','China','+86247969462'),
(157,'Dorian Housbie',CONVERT(DATE,'15-08-1983',105),'Shar','Kazakhstan','+7510456563'),
(158,'Kimberly Chell',CONVERT(DATE,'03-10-1974',105),'Sá','Portugal','+351741434882'),
(159,'Jessalyn Hovenden',CONVERT(DATE,'27-01-1979',105),'Albuera','Philippines','+63141500517'),
(160,'Erich Pietersma',CONVERT(DATE,'14-06-1976',105),'Rato','Indonesia','+62478307271'),
(161,'Artemus Craigmyle',CONVERT(DATE,'21-03-1990',105),'Shuangjie','China','+86735505159'),
(162,'Amabelle Turle',CONVERT(DATE,'22-03-1970',105),'Quintas','Portugal','+351993280752'),
(163,'Roz Mewrcik',CONVERT(DATE,'28-11-1974',105),'Dalamdesa Kalapadua','Indonesia','+62992175280'),
(164,'Francisco Tomson',CONVERT(DATE,'27-01-1995',105),'Benito Juarez','Mexico','+52530462260'),
(165,'Silvio Trimmill',CONVERT(DATE,'04-05-1988',105),'Zili','China','+86488986722'),
(166,'Jeanna Fulop',CONVERT(DATE,'07-09-1975',105),'Manakara','Madagascar','+261972212399'),
(167,'Harald McHugh',CONVERT(DATE,'05-06-1974',105),'Valerianovsk','Russia','+7326601434'),
(168,'Francesco Linneman',CONVERT(DATE,'23-01-2000',105),'Rancapanjang','Indonesia','+62809866556'),
(169,'Dennie Blackledge',CONVERT(DATE,'25-04-1969',105),'Kadurahayu','Indonesia','+62588984030'),
(170,'Katrina Gligoraci',CONVERT(DATE,'06-02-1979',105),'Hongshan','China','+86170742330'),
(171,'Fancy Coit',CONVERT(DATE,'17-10-1990',105),'Sungaiduri','Indonesia','+62179678143'),
(172,'Xerxes Kivelhan',CONVERT(DATE,'21-06-1989',105),'Shahe','China','+86992997375'),
(173,'Cecilius Tremellan',CONVERT(DATE,'24-08-1985',105),'Rossosh’','Russia','+7542922911'),
(174,'Vernen Lopez',CONVERT(DATE,'27-12-1975',105),'Astromil','Portugal','+351943860770'),
(175,'Ritchie Crate',CONVERT(DATE,'03-05-1995',105),'Longjiang','China','+86489453162'),
(176,'Janene Urpeth',CONVERT(DATE,'15-08-1988',105),'Itapira','Brazil','+55830177040'),
(177,'Peggie Patsall',CONVERT(DATE,'11-09-1992',105),'Liantan','China','+86682692512'),
(178,'Aloysia Bilbie',CONVERT(DATE,'12-12-1979',105),'Karabudakhkent','Russia','+7943494051'),
(179,'Eileen Lody',CONVERT(DATE,'05-09-1982',105),'Benito Juarez','Mexico','+52197160608'),
(180,'Catie Giabucci',CONVERT(DATE,'05-02-2006',105),'Neuilly-sur-Seine','France','+33609289929'),
(181,'Saidee Androsik',CONVERT(DATE,'14-12-1996',105),'Thị Trấn Na Hang','Vietnam','+84697674381'),
(182,'Arte Grundwater',CONVERT(DATE,'18-02-1991',105),'Heshi','China','+86804847704'),
(183,'Sella Padilla',CONVERT(DATE,'27-07-2005',105),'Xiangshan','China','+86533770949'),
(184,'Ynes Grinin',CONVERT(DATE,'01-08-1981',105),'Casais Baleal','Portugal','+351888588829'),
(185,'Donnie Fidian',CONVERT(DATE,'01-11-1973',105),'Krajan Langenharjo','Indonesia','+62574900553'),
(186,'Tommy Hender',CONVERT(DATE,'21-11-1968',105),'Santo Niño','Philippines','+63602267287'),
(187,'Dimitry Readings',CONVERT(DATE,'13-07-1990',105),'Carmen','Philippines','+63646186195'),
(188,'Forbes Sloan',CONVERT(DATE,'24-02-1998',105),'Ratíškovice','Czech Republic','+420730609388'),
(189,'Yule Hyman',CONVERT(DATE,'01-11-1976',105),'Roslavl’','Russia','+7586777818'),
(190,'Cindie Shewan',CONVERT(DATE,'31-07-1983',105),'Strzyżowice','Poland','+48232879749'),
(191,'Gina Aberkirder',CONVERT(DATE,'19-03-1979',105),'Honglu','China','+86546827363'),
(192,'Marika De Beneditti',CONVERT(DATE,'06-08-1991',105),'Huolu','China','+86912263165'),
(193,'Cornell Begg',CONVERT(DATE,'09-01-1997',105),'Miasteczko Śląskie','Poland','+48534507255'),
(194,'Rooney Linger',CONVERT(DATE,'12-09-1977',105),'Itapemirim','Brazil','+55467267532'),
(195,'Lettie Terren',CONVERT(DATE,'17-10-1969',105),'Kalepasan','Indonesia','+62156195537'),
(196,'Boris Olivie',CONVERT(DATE,'31-07-1973',105),'Linfen','China','+86317398694'),
(197,'Louis Zmitruk',CONVERT(DATE,'29-07-1969',105),'La Cañada','Mexico','+52303509604'),
(198,'Hanna Frisdick',CONVERT(DATE,'08-03-2006',105),'Jezerce','Croatia','+385247974946'),
(199,'Carmita Trustie',CONVERT(DATE,'10-07-1988',105),'Jianshe','China','+86160784360'),
(200,'Heddie Caulket',CONVERT(DATE,'08-03-1972',105),'Ternovka','Russia','+7510828431'),
(201,'Skipper Derington',CONVERT(DATE,'19-04-1993',105),'Ewarton','Jamaica','+1255264315'),
(202,'Sheree Byneth',CONVERT(DATE,'17-05-1994',105),'Briey','France','+33983124844'),
(203,'Ariadne Shoebridge',CONVERT(DATE,'15-12-1992',105),'Iquipi','Peru','+51272410570'),
(204,'Tedda Wiltshear',CONVERT(DATE,'16-03-1979',105),'Pittsburgh','United States','+1110430'),
(205,'Aurlie Horley',CONVERT(DATE,'20-12-1970',105),'Vuokatti','Finland','+358766715803'),
(206,'Polly Littler',CONVERT(DATE,'27-09-2000',105),'Humpolec','Czech Republic','+420177651224'),
(207,'Fransisco Alexsandrov',CONVERT(DATE,'11-05-1993',105),'Calumpang','Philippines','+63470868442'),
(208,'Benjamen Duffus',CONVERT(DATE,'21-04-1975',105),'Klumpit','Indonesia','+62367623861'),
(209,'Benedick Dennidge',CONVERT(DATE,'11-08-2001',105),'Komsomol’skiy','Russia','+7178860597'),
(210,'Cindi Sliman',CONVERT(DATE,'12-01-1983',105),'Santa Rita','Venezuela','+58301906375'),
(211,'Nevins Strother',CONVERT(DATE,'19-11-2005',105),'San Agustín','El Salvador','+503446706572'),
(212,'Hasty Schwandermann',CONVERT(DATE,'02-07-1968',105),'Lop','China','+86747715034'),
(213,'Brita MacLaverty',CONVERT(DATE,'26-07-2005',105),'Saltsjö-Boo','Sweden','+46299943705'),
(214,'Emlyn Lowery',CONVERT(DATE,'15-07-1990',105),'Atalhada','Portugal','+351741258569'),
(215,'Byram Lobb',CONVERT(DATE,'23-07-1975',105),'Gobabis','Namibia','+264343441963'),
(216,'Eula Heaffey',CONVERT(DATE,'18-10-2006',105),'Bilar','Philippines','+63280751319'),
(217,'Sheena Badrock',CONVERT(DATE,'15-02-2000',105),'Xingdian','China','+86815519754'),
(218,'Benn Moulsdall',CONVERT(DATE,'17-06-2001',105),'Fyllingsdalen','Norway','+47624463848'),
(219,'Fiann Songest',CONVERT(DATE,'19-03-1995',105),'Kunčice pod Ondřejníkem','Czech Republic','+420265609440'),
(220,'Jim Guion',CONVERT(DATE,'13-11-1982',105),'Devin','Bulgaria','+359295816922'),
(221,'Debi Heinrich',CONVERT(DATE,'02-12-1999',105),'Blimbing','Indonesia','+62939120415'),
(222,'Darwin DAmbrogi',CONVERT(DATE,'25-05-1974',105),'Áthyra','Greece','+30382841472'),
(223,'Celka Sidwick',CONVERT(DATE,'11-09-2001',105),'Vale Covo','Portugal','+351635245534'),
(224,'Cleve Brodhead',CONVERT(DATE,'17-08-1969',105),'Lokoja','Nigeria','+234983178188'),
(225,'Ajay Morefield',CONVERT(DATE,'04-07-1989',105),'Lantian','China','+86175470335'),
(226,'Julio Humphries',CONVERT(DATE,'02-03-1976',105),'Liuche','China','+86972977227'),
(227,'Libby Ruddiman',CONVERT(DATE,'03-09-1993',105),'Papakura','New Zealand','+64517847391'),
(228,'Jakob Pullin',CONVERT(DATE,'11-12-1993',105),'Oslo','Norway','+47994178946'),
(229,'Miguela Menichino',CONVERT(DATE,'14-03-1990',105),'Enhtal','Mongolia','+976185289272'),
(230,'Amery Baseley',CONVERT(DATE,'21-11-1982',105),'Taohuajiang','China','+86242536696'),
(231,'Rivi Lardier',CONVERT(DATE,'26-10-1995',105),'Undurkhaan','Mongolia','+976519385905'),
(232,'Roosevelt Brettle',CONVERT(DATE,'21-09-1976',105),'Sacramento','United States','+1916166972'),
(233,'Morgan Pignon',CONVERT(DATE,'05-09-1981',105),'Shijie','China','+86965300625'),
(234,'Anastassia Donativo',CONVERT(DATE,'21-03-1975',105),'Ourtzagh','Morocco','+212505116115'),
(235,'Gabie Dovydenas',CONVERT(DATE,'30-08-1968',105),'Soca','Uruguay','+598356485598'),
(236,'Christyna Escolme',CONVERT(DATE,'30-05-1990',105),'Järna','Sweden','+46679191707'),
(237,'Rob Buncom',CONVERT(DATE,'19-10-1990',105),'Sanchahe','China','+86459893311'),
(238,'Drucie Ranklin',CONVERT(DATE,'01-04-1993',105),'Świętajno','Poland','+48725873946'),
(239,'Nonie Drinkall',CONVERT(DATE,'14-04-2006',105),'Solna','Sweden','+46656659453'),
(240,'Hugh Heineking',CONVERT(DATE,'24-06-1990',105),'Bang Mun Nak','Thailand','+66828961309'),
(241,'Randy Murcott',CONVERT(DATE,'23-08-1992',105),'Libu','China','+86939697780'),
(242,'Killian Burhouse',CONVERT(DATE,'30-06-1995',105),'Nabire','Indonesia','+62964115952'),
(243,'Nollie Yacob',CONVERT(DATE,'23-01-2002',105),'Fengjiang','China','+86533742427'),
(244,'Philip Slane',CONVERT(DATE,'10-07-1988',105),'Vyborg','Russia','+7747639422'),
(245,'Roth Messier',CONVERT(DATE,'21-01-1976',105),'Batarasa','Philippines','+63820742955'),
(246,'Eduard Towne',CONVERT(DATE,'15-12-1976',105),'El Coco','Panama','+507912939504'),
(247,'Decca Commander',CONVERT(DATE,'01-01-1973',105),'Cibinong Satu','Indonesia','+62413961092'),
(248,'Angelia Betancourt',CONVERT(DATE,'30-08-1999',105),'Rayevskaya','Russia','+7751713194'),
(249,'Malynda Carlett',CONVERT(DATE,'22-05-1967',105),'Oceanside','United States','+1858381995'),
(250,'Bobbie Rosenthal',CONVERT(DATE,'21-01-1988',105),'Kętrzyn','Poland','+48736787227')


INSERT INTO [Preferences] VALUES
(1,'MK2390315VYRI0CKX34',True),
(2,'GR468571309BMGLC5BMOONSZWQT',True),
(3,'GL1237034700705938',False),
(4,'MU38SPRZ6561085529865602003KQY',True),
(5,'FR284260540666RW7AVZQBNGS84',True),
(6,'SE6001853902593842235582',True),
(7,'FR829725437093PER5U8ELT9S23',True),
(8,'AZ60PCRKP0GSKGI0KWHU4PYJLQKE',True),
(9,'DK2114195689978254',True),
(10,'ES5562466573576307588715',True),
(11,'FR929555749810MN66NBKN3JQ38',True),
(12,'BG10EWTB1413962P6E6CZJ',False),
(13,'FR352904222588KWWC6YIMPOY96',True),
(14,'MR3684476395740706147116764',True),
(15,'BR9888924377242622402690963SJ',True),
(16,'FR755651711877HQ8KUPTJE2E11',True),
(17,'CH23605476SVAK5A2UWJ0',True),
(18,'TR5651962XMGYFOMEZ6ULXTJU3',False),
(19,'SI52265015434493739',False),
(20,'SE2575710596688421800564',True),
(21,'PL52013807090046304152028080',True),
(22,'ES4751731062740303710321',True),
(23,'CY8519954657MDMDCEOAWI3QDUGG',True),
(24,'LB020531YBRENLULG71HLYYHAJFW',True),
(25,'MR9542584479364588316982606',True),
(26,'MD62NVLXRWUOQ1BVDGBQ1HOW',True),
(27,'FR5041164036327DMV1CRBHOK58',True),
(28,'AL8021214616W9VCCKPNSEDHIGBK',True),
(29,'AZ58SWPGIZTZ56OZWPGHRQZEXPKE',True),
(30,'SI27477425351749407',True),
(31,'MK885706QX8UYFKTF20',True),
(32,'CZ3497925892890818012395',True),
(33,'FR448372210059PFWH4OZTGKH63',True),
(34,'FR251273499998BWUY5ZGCX2A39',True),
(35,'SA3552JBI0V9WVNCU3L5DAPN',True),
(36,'KZ5999506HVXYZY3JUJI',False),
(37,'DO95GGAZ78324630155292344918',True),
(38,'GR861288206OLQH2DAHVAN1RZMH',True),
(39,'FR932153714954KINUVN6B0SD15',True),
(40,'SA7343SACB10LF0Q7TUJ4K9T',True),
(41,'RO13UPSSRHMVA84JH0TPPTVX',True),
(42,'PT54876113908975191283835',True),
(43,'PT96360701922156082244556',True),
(44,'FR836087418377IWU8PVEGDVU13',True),
(45,'IS238078506206531184027473',True),
(46,'SA9059AGRE8AJZ70FVDZADS2',True),
(47,'FR2499685846072EIOJLJ2ECK12',True),
(48,'FR219161520100MAECISS28QI76',True),
(49,'CY5122402135SHM0H4LXR6ZNAKUI',True),
(50,'NO3810971199876',True),
(51,'BA357519451022380509',True),
(52,'IS382593398702306795342245',True),
(53,'GL5292163970877711',True),
(54,'GR398289153L5EKN5JL8GVUGQ9D',True),
(55,'SI14540525320707650',True),
(56,'MC6987967239550Y6YTK3DFDR46',True),
(57,'FO0906938323937245',True),
(58,'FR751050359750HIL61L4WWDW46',True),
(59,'VG89QUSK2292288194972313',True),
(60,'AE026516987963616220448',True),
(61,'SA0398IONLYXHRXETCMO79LF',True),
(62,'AD9785172221O1G3LAZ3EHAY',True),
(63,'PT38792162855990965442035',True),
(64,'ME06010270545643065544',True),
(65,'GI54HZVAM8GR8MCMGTSWGBZ',True),
(66,'IT34C9603323414J45DHDKDJWKR',True),
(67,'FR555370117262M8MHCS4TW0778',True),
(68,'FR2505908882660FTQILUB4R861',True),
(69,'FR810223691008QULMITLMCNA94',True),
(70,'AD37752457315JEOWZHKWHR5',True),
(71,'BR7195294632956775727961536JC',True),
(72,'FR779025742147TXKVHZXACIA16',True),
(73,'LB8105855AACQFUNW05CJEKUJDZ3',True),
(74,'PL89877171017396818184443026',False),
(75,'FR628571710722LKS3T5PVPGD39',True),
(76,'FR127735715836AOBUVJ5PB3T74',True),
(77,'FR511954895025OT1WES9P2CN55',True),
(78,'KZ57817DZXUEGJAWDPRF',True),
(79,'PL11799872834331665811266572',True),
(80,'FR150163431747IPQWZBYQ0JT71',True),
(81,'EE729200220631494470',True),
(82,'IE34UVJR55606541269830',True),
(83,'FR496789911046B56UPNS2NUO38',True),
(84,'TN7631925302662205117031',False),
(85,'DE14729572230611752366',True),
(86,'AT948201602244201920',True),
(87,'MT96UJMO84351ISUKDQAC1BVUSET7YZ',False),
(88,'BA882417077595957626',True),
(89,'KZ08583RLSRYBXSZMLZ4',False),
(90,'BR2929455851021549166520928M0',True),
(91,'LI9371923OXAYHIGPTSWF',True),
(92,'PL02388355872187260826304548',False),
(93,'BA679608648659368471',True),
(94,'IE16ZFCL84923416394353',False),
(95,'CY95098509140KUMVLON9VLJIQD8',True),
(96,'BA975439577438062611',True),
(97,'FR983169209297V32VM1A3CHQ98',True),
(98,'LT686535476410631841',True),
(99,'KW34WPWJBK15F3I0MTKUOEIJI89LLT',True),
(100,'MC520718747446GXXTTGVQEYQ66',True),
(101,'LB416959NADVUWTZNP5GDIUMGEQW',True),
(102,'PS02JZSFMNUORGS30HF7NQVLWYEHP',True),
(103,'GE32UD5891851791570344',False),
(104,'MK607269Y52K7L4HG42',True),
(105,'CR3065496959919091837',True),
(106,'IL930759747392977098228',True),
(107,'CH584827884PGVRUBCRFO',True),
(108,'NL78SXNX5876067470',True),
(109,'ME83114271805113846427',True),
(110,'GE69FX0692149151874654',True),
(111,'RS34859514741464869106',False),
(112,'FO8854289517375138',True),
(113,'LV72XXYBH0G42VAO1QZAS',True),
(114,'KZ10256D1AOHFFYCKKWY',True),
(115,'ME97744693923170944919',True),
(116,'FR637609456526U9RDEVHO5CB69',False),
(117,'BE14907370971408',True),
(118,'RS07995642164641974149',True),
(119,'LT763416564890114811',True),
(120,'VG32SLQI5846698388141729',True),
(121,'BG60XTTX845800OI22AMHG',True),
(122,'BH97ABMEE8WLEVCLROPPPE',False),
(123,'BA179198823954910135',True),
(124,'CZ5210883152214530108088',True),
(125,'FI1318368643667889',False),
(126,'GE36QZ1105418004106559',True),
(127,'FR614281571412VPU8P4TMHZR26',True),
(128,'AD1134412734T2QDTJMM081V',True),
(129,'KW22OLNPISJDMT4SNHFR0DSPN5ANKQ',True),
(130,'FR236631003080GIYTWDCWVFH78',True),
(131,'SE0410756440958840317925',True),
(132,'GR665961948ADBSX9QJRLACNGCS',True),
(133,'AD3436784333NJ8STCMDIPRF',True),
(134,'GB14KMYW75425734624132',True),
(135,'BA850801019776909465',True),
(136,'GI32WGDYBUIY0AXIYYCZSKB',False),
(137,'SI90561448213410524',True),
(138,'SA3042VLBFLEND4YGUQOFAGX',False),
(139,'BA512001720705295339',True),
(140,'FR974529462512LUCDIARL6AO88',True),
(141,'BE14175804407331',True),
(142,'LB376799YJ0KWYEN27BGI1TLO8OG',True),
(143,'CZ9299164119097306537977',True),
(144,'SM79Q3694121719TOU8ASQA0WSB',False),
(145,'SA7998ZNLYOTTLXTUTRYXRR7',True),
(146,'BA483038538134266118',True),
(147,'FR980228933378SS3VLX9UACU28',True),
(148,'SA4646KYP5ZKAI7FGIGWCGRE',True),
(149,'AT097097916269638888',True),
(150,'CH5830617C9JZM1FO3XXV',False),
(151,'DE30294485557747039339',False),
(152,'FR9782327987451AYUC37U0EF51',True),
(153,'ES1439225274313147027314',True),
(154,'GR610161458JIHV88MPLUUKPWJ5',False),
(155,'ES7436022026340888793217',True),
(156,'LI58879337NZBXYBP7QSD',False),
(157,'FR768052907885WGR8C1JBYOU54',True),
(158,'VG20YHLX4706942694765499',False),
(159,'SK3119369742443979520178',False),
(160,'KZ71672CLLTLQIBMHOV6',True),
(161,'GI72LFDMTUYNZRWDD3Z20IA',True),
(162,'MT29TBTL85012OVGSQ22YFNLREHDKPT',True),
(163,'AD5283668040NMPAVVGZPME0',True),
(164,'GB48ENOZ97260071015756',True),
(165,'FR569310056713SC8KZOLNQYJ12',False),
(166,'FR936121328389LQQGOASLWT796',False),
(167,'DK8502965234309736',True),
(168,'FR743257237735L8OOR77G0WQ55',True),
(169,'SA7693YUA3ATZ909OTZPD3GJ',True),
(170,'PK17ZBMNDCX5JMUZNPY9YGEB',False),
(171,'VG39XRWZ3431175664003491',True),
(172,'FR348161953409IHDIEAYL9TW33',True),
(173,'FR574667668885IG3USPOFI9N57',True),
(174,'MT62KCQY05462BR5EJDWZRGMWLVVK9X',True),
(175,'FR241647887802ACKVGEEEQZM87',True),
(176,'HR8118346488694153823',True),
(177,'FR098329423950TGRCMAVUTF427',True),
(178,'FR883818058529HDRHNLK7C3U16',True),
(179,'RS24290913511207560191',True),
(180,'MC096276837603NNUE4RZ6EIF27',True),
(181,'IT07Z0171283852TXZHIP26OFEA',True),
(182,'GL4455269002179975',False),
(183,'MD64M7PQNC3T7HEB4VKNRLO4',True),
(184,'FR746574562519JBFAYYCZ5KX70',True),
(185,'CH6301816LZ2LSEXFP38U',True),
(186,'FR521761738278VD4WOODAQLA67',False),
(187,'FR295986129113WWNRMI1WXL403',True),
(188,'BG96DUOA015893RAOVD5AK',False),
(189,'MC574513984017FXNQQKOYBLQ33',True),
(190,'FR852149528972WKYPXKZBV9783',True),
(191,'MK134411YFEKBZBWL07',True),
(192,'FR869764703054EQVWPSQMCKT82',True),
(193,'PL06038388905996804292495021',True),
(194,'PT32784241761371374262171',False),
(195,'AD18895793152RGQICRDHHLA',True),
(196,'CY7768546873YBRXVGTRPVXWPMTJ',True),
(197,'AT081187867286884882',False),
(198,'TR7857618UXWCWBI4V4IUMMBD5',True),
(199,'GE97WM3367278084164498',True),
(200,'MU14CAVN7475593967288599408NWO',True),
(201,'FR8531903426929BVM9A1DXCW93',False),
(202,'DE65319005245162325540',False),
(203,'FR12486929649223CWSFBCJ0B68',True),
(204,'IL551743412878301384189',True),
(205,'GE96AP6564653098418752',True),
(206,'GR107134113WBJWTUXAFSY6XOHX',True),
(207,'BH72VEUO4WGT154P1GOGKD',False),
(208,'SA9663D7E8LLDHYXI6OHQOUS',True),
(209,'CH6793171T2FIYUY16UEY',True),
(210,'IL757842282767511621870',True),
(211,'MD31VHMTCPG2DQM1KE9JAERG',True),
(212,'RS64141932494067128622',True),
(213,'FO3724561082301483',True),
(214,'KW29KRWJRFTRM2M38QEA6ZKMYQ4O5M',True),
(215,'FR15921905878801VYHXF2NSM34',True),
(216,'FR823591936920GRRQXKU19RZ41',True),
(217,'DK3810320169074877',True),
(218,'MK77225MUISLQOHVC16',False),
(219,'AL6137775348K7KWVDR1GEZJGTXR',True),
(220,'IE04FYGG83660815023392',True),
(221,'AT368572355763145528',True),
(222,'SK0695981842219577262047',False),
(223,'KW56SHWF2GDVBWEJ6UZDE9JDRYOJUW',True),
(224,'CY9873342199LFMKFAYXM2EDQHLW',True),
(225,'PS20BQQJWXOO40FPWXPMC2NBR6PLW',True),
(226,'MC9594613242296EWSW5VSIVF05',True),
(227,'SA7921PAVZLGBPQUVNDYCZNY',True),
(228,'IL618905946189098449185',True),
(229,'SK5333757328618280252817',True),
(230,'AE208442104089089423018',True),
(231,'NL34PXTR1965468531',True),
(232,'KZ64703VA9TXWV1O4CUM',True),
(233,'PT51900520705500034768016',False),
(234,'FR9236728895752YBZZQ60JCF08',True),
(235,'VG47DHRW7922423687861885',True),
(236,'LI4175221HCFHUBFKEUKN',True),
(237,'BH28EQZSLZB0CFICEYOZHW',True),
(238,'FR642961958942ZCDWXR9BKRR66',False),
(239,'CY2898197073U3PPADHI2VW9HGH4',True),
(240,'FR263097337494WTJNN9YCWBB79',True),
(241,'FR503493484244SEQBEBKZCBF36',False),
(242,'FR210208793529RMLWKCAJ1KP98',False),
(243,'HR2684646346109894181',True),
(244,'FR545626506435USBYMLJZW4T92',True),
(245,'KZ52292EUMAJ47OMWQJA',True),
(246,'NL70HUHH4316943434',True),
(247,'NL31YGPH2692175770',True),
(248,'MD352HZKLXD7BFBSGKEAUTNZ',True),
(249,'PL66688800934580256377748627',True),
(250,'RO14AXGDYLMTE72NNVIFYEIO',True)


INSERT INTO [Accounts] VALUES
(AD9413090105NCMC3VM1EDKD,1,'Pannier','personal',0),
(MK2390315VYRI0CKX34,1,'Veribet','personal',0),
(GR468571309BMGLC5BMOONSZWQT,2,'Fixflex','saving',0),
(DE20037173779702469885,3,'Overhold','personal',0),
(GL1237034700705938,3,'Kanlam','personal',0),
(MU38SPRZ6561085529865602003KQY,4,'Tempsoft','personal',0),
(FR284260540666RW7AVZQBNGS84,5,'Zathin','saving',0),
(FR664530848066PZS7RTSBPDX82,6,'Zontrax','saving',0),
(MU79EOTT8963977338902634213BSU,6,'Bigtax','saving',0),
(SE6001853902593842235582,6,'Y-Solowarm','saving',0),
(FR829725437093PER5U8ELT9S23,7,'Vagram','personal',0),
(FI6173596305213241,8,'Kanlam','personal',0),
(AZ60PCRKP0GSKGI0KWHU4PYJLQKE,8,'Otcom','personal',0),
(SM15Z7626700133IYW0DGUTCR6Q,9,'Lotlux','business',0),
(DK2114195689978254,9,'Biodex','personal',0),
(IS467634787117169699889043,10,'Viva','personal',0),
(ES5562466573576307588715,10,'Trippledex','saving',0),
(LB7229023KSVSH4MTW9HC5HYOMBJ,10,'Domainer','personal',0),
(FR929555749810MN66NBKN3JQ38,11,'Duobam','saving',0),
(BG10EWTB1413962P6E6CZJ,12,'Toughjoyfax','personal',0),
(NL68ZWUN3667849411,13,'Tin','saving',0),
(TN2192558651311039733353,13,'Temp','saving',0),
(FR352904222588KWWC6YIMPOY96,13,'Zathin','saving',0),
(MR3684476395740706147116764,14,'Zontrax','business',0),
(AL3042709517MGS8G0PXRZK37YTD,15,'Lotlux','personal',0),
(FR544562817999MVSLEAPFYNV36,15,'Stim','personal',0),
(BR9888924377242622402690963SJ,15,'Bitchip','business',0),
(FR755651711877HQ8KUPTJE2E11,16,'Stringtough','personal',0),
(CH23605476SVAK5A2UWJ0,17,'Fixflex','saving',0),
(TR5651962XMGYFOMEZ6ULXTJU3,18,'Tin','personal',0),
(SI52265015434493739,19,'Sonsing','personal',0),
(SE2575710596688421800564,20,'Tempsoft','saving',0),
(PL52013807090046304152028080,21,'Regrant','business',0),
(ES4751731062740303710321,22,'Fix San','personal',0),
(CY8519954657MDMDCEOAWI3QDUGG,23,'Mat Lam Tam','personal',0),
(KZ895407OLRWO08PLDFY,23,'Fintone','business',0),
(LB020531YBRENLULG71HLYYHAJFW,24,'Wrapsafe','saving',0),
(MR9542584479364588316982606,25,'Y-find','personal',0),
(MD62NVLXRWUOQ1BVDGBQ1HOW,26,'Y-find','personal',0),
(FR844045986240JOOUJVFDFND55,27,'Duobam','personal',0),
(FR5041164036327DMV1CRBHOK58,27,'Fixflex','saving',0),
(AL8021214616W9VCCKPNSEDHIGBK,28,'Otcom','for minors',0),
(BH05NCFGOZLNYFOUBOQWXZ,28,'Alpha','personal',0),
(PT09874419408031302894251,29,'Span','personal',0),
(ES3585706293034143553720,29,'Namfix','personal',0),
(AZ58SWPGIZTZ56OZWPGHRQZEXPKE,29,'Gembucket','personal',0),
(FR118839386701UY6HO6NFZT781,30,'Overhold','personal',0),
(IS472147239977053918755077,30,'Cardguard','saving',0),
(SI27477425351749407,30,'Zaam-Dox','saving',0),
(MK885706QX8UYFKTF20,31,'Fix San','personal',0),
(BG41SCDL243289A8SJWLKT,32,'Sonair','saving',0),
(CZ3497925892890818012395,32,'Quo Lux','personal',0),
(FR448372210059PFWH4OZTGKH63,33,'Fixflex','saving',0),
(FR251273499998BWUY5ZGCX2A39,34,'Stronghold','saving',0),
(SA3552JBI0V9WVNCU3L5DAPN,35,'Greenlam','personal',0),
(KZ5999506HVXYZY3JUJI,36,'Tampflex','saving',0),
(DO95GGAZ78324630155292344918,37,'Alpha','saving',0),
(FR020030296237IEVJRNNE81185,37,'Tempsoft','personal',0),
(GR861288206OLQH2DAHVAN1RZMH,38,'Mat Lam Tam','personal',0),
(GE48XU2593947486603679,38,'Fixflex','personal',0),
(FR932153714954KINUVN6B0SD15,39,'Tresom','personal',0),
(SA7343SACB10LF0Q7TUJ4K9T,40,'Holdlamis','saving',0),
(RO13UPSSRHMVA84JH0TPPTVX,41,'Stronghold','personal',0),
(PT54876113908975191283835,42,'Daltfresh','saving',0),
(BE31174994112481,42,'Cookley','saving',0),
(AT406845176291948939,43,'Zaam-Dox','personal',0),
(PT96360701922156082244556,43,'Tempsoft','personal',0),
(FR836087418377IWU8PVEGDVU13,44,'Flowdesk','for minors',0),
(IS238078506206531184027473,45,'Greenlam','for minors',0),
(PK44GKYA7Y2JILW45PL1IYIP,45,'Trippledex','personal',0),
(SA9059AGRE8AJZ70FVDZADS2,46,'Veribet','personal',0),
(FR2499685846072EIOJLJ2ECK12,47,'Pannier','personal',0),
(FR219161520100MAECISS28QI76,48,'Pannier','saving',0),
(GE30KN9977259559837875,49,'Bamity','personal',0),
(CY5122402135SHM0H4LXR6ZNAKUI,49,'Andalax','personal',0),
(NO3810971199876,50,'Bitwolf','saving',0),
(BA357519451022380509,51,'Matsoft','personal',0),
(IS382593398702306795342245,52,'Quo Lux','saving',0),
(GL5292163970877711,53,'Wrapsafe','saving',0),
(DE88503433710437310817,54,'It','for minors',0),
(GR398289153L5EKN5JL8GVUGQ9D,54,'Zoolab','personal',0),
(SI14540525320707650,55,'Flowdesk','saving',0),
(SM21J8226711495E7QWVSFSIA8R,55,'Fix San','personal',0),
(CH6652662FI0KP6LIYJJP,56,'Ronstring','personal',0),
(MC6987967239550Y6YTK3DFDR46,56,'Sonair','saving',0),
(BR1205660151330024495652954UY,57,'Konklab','saving',0),
(FO0906938323937245,57,'Transcof','saving',0),
(FR751050359750HIL61L4WWDW46,58,'Zathin','personal',0),
(VG89QUSK2292288194972313,59,'Home Ing','personal',0),
(SE8837346430194560257080,60,'Sonair','saving',0),
(AE026516987963616220448,60,'Fintone','personal',0),
(SA0398IONLYXHRXETCMO79LF,61,'Fintone','personal',0),
(SE0807836706093660314829,62,'Job','personal',0),
(AD9785172221O1G3LAZ3EHAY,62,'Mat Lam Tam','saving',0),
(NO1991787328241,63,'Gembucket','personal',0),
(HU32721111300594357275097697,63,'Kanlam','personal',0),
(PT38792162855990965442035,63,'Bitwolf','personal',0),
(FR269578997927ZXUFJFD0UIZ87,64,'Zontrax','personal',0),
(ME06010270545643065544,64,'Fintone','personal',0),
(GI54HZVAM8GR8MCMGTSWGBZ,65,'Alphazap','personal',0),
(RO97AYHEN05JEPVJ53CSXUFI,65,'Stim','saving',0),
(IT34C9603323414J45DHDKDJWKR,66,'Redhold','personal',0),
(NO6414846803174,66,'Asoka','saving',0),
(FR807342764038UJRSGZYAYGM85,66,'Zathin','business',0),
(FR555370117262M8MHCS4TW0778,67,'Veribet','saving',0),
(FR2505908882660FTQILUB4R861,68,'Rank','personal',0),
(CY9215826814N5WF0EAUVLRJNYEP,68,'Alpha','personal',0),
(FR810223691008QULMITLMCNA94,69,'Alphazap','personal',0),
(AD37752457315JEOWZHKWHR5,70,'Cardify','saving',0),
(HR5722252764418729628,70,'Cardify','personal',0),
(BR7195294632956775727961536JC,71,'Home Ing','saving',0),
(FR779025742147TXKVHZXACIA16,72,'Hatity','personal',0),
(LB8105855AACQFUNW05CJEKUJDZ3,73,'Duobam','saving',0),
(PL89877171017396818184443026,74,'Zaam-Dox','personal',0),
(FR628571710722LKS3T5PVPGD39,75,'Keylex','saving',0),
(FR127735715836AOBUVJ5PB3T74,76,'Tres-Zap','personal',0),
(DK8464664008739993,76,'Biodex','personal',0),
(FR511954895025OT1WES9P2CN55,77,'Holdlamis','saving',0),
(TR0759790QLUOZUYZBIF6LUMC0,77,'Y-Solowarm','personal',0),
(KZ57817DZXUEGJAWDPRF,78,'Matsoft','personal',0),
(PL11799872834331665811266572,79,'Kanlam','personal',0),
(DE43602012071511278983,79,'Subin','personal',0),
(LB632707QJWMXHVKWQUXNPBJ2XJM,80,'Hatity','personal',0),
(LV21IMYBMCHFWTV9MPQBG,80,'Tres-Zap','personal',0),
(FR150163431747IPQWZBYQ0JT71,80,'Bigtax','personal',0),
(EE729200220631494470,81,'Gembucket','personal',0),
(IE34UVJR55606541269830,82,'Y-find','saving',0),
(BA134052890166958749,82,'Domainer','saving',0),
(GT46HHSISJSNYBIV2TH4121EIUMN,82,'Trippledex','saving',0),
(FR496789911046B56UPNS2NUO38,83,'Job','personal',0),
(TN7631925302662205117031,84,'Trippledex','saving',0),
(FR619119965698LVSQJKD5F1K91,84,'Domainer','personal',0),
(MD04LE4ZIHVJQDDERCRAX49F,84,'Redhold','personal',0),
(DE14729572230611752366,85,'Bytecard','personal',0),
(AL18367601534PY4KDD95JL6JWIF,86,'Bamity','personal',0),
(AT948201602244201920,86,'Voyatouch','saving',0),
(PS30EQMKQKT6ZWT4YM3GFJHU8WNCV,86,'Bitwolf','saving',0),
(MT96UJMO84351ISUKDQAC1BVUSET7YZ,87,'Wrapsafe','personal',0),
(BA882417077595957626,88,'Sonair','personal',0),
(KZ08583RLSRYBXSZMLZ4,89,'Treeflex','personal',0),
(AZ32WDFXIMHARYKZEWVKS5QG5GQ7,89,'Bamity','for minors',0),
(BR2929455851021549166520928M0,90,'Fixflex','saving',0),
(LI9371923OXAYHIGPTSWF,91,'Wrapsafe','personal',0),
(PL02388355872187260826304548,92,'Stim','saving',0),
(BA679608648659368471,93,'Tempsoft','personal',0),
(AT312563855247280428,93,'Solarbreeze','personal',0),
(NL04SFFG1332470903,93,'Pannier','personal',0),
(IE16ZFCL84923416394353,94,'Latlux','saving',0),
(CY95098509140KUMVLON9VLJIQD8,95,'Andalax','personal',0),
(BA975439577438062611,96,'Otcom','for minors',0),
(RO28QDCYICTJWFE5D83AYJRX,97,'Vagram','personal',0),
(FR983169209297V32VM1A3CHQ98,97,'Pannier','saving',0),
(LT686535476410631841,98,'Domainer','saving',0),
(KW34WPWJBK15F3I0MTKUOEIJI89LLT,99,'Regrant','personal',0),
(MC520718747446GXXTTGVQEYQ66,100,'Namfix','personal',0),
(LB416959NADVUWTZNP5GDIUMGEQW,101,'Redhold','personal',0),
(IT20Z8328525348AUVOAVOVHOUV,102,'Toughjoyfax','personal',0),
(PS02JZSFMNUORGS30HF7NQVLWYEHP,102,'Cookley','personal',0),
(GE32UD5891851791570344,103,'Cookley','saving',0),
(MK607269Y52K7L4HG42,104,'Opela','saving',0),
(CR3065496959919091837,105,'Bamity','personal',0),
(IL930759747392977098228,106,'Zamit','personal',0),
(CH584827884PGVRUBCRFO,107,'Treeflex','personal',0),
(NL78SXNX5876067470,108,'Lotstring','saving',0),
(MK92887JOB36VTVBN12,108,'Sub-Ex','personal',0),
(FR213153230405SU0JYD8DG7U28,109,'Tempsoft','personal',0),
(FR635116350576GUEKYPRMMKZ52,109,'Bytecard','saving',0),
(ME83114271805113846427,109,'Job','saving',0),
(GE69FX0692149151874654,110,'Bigtax','personal',0),
(PS04NSOATOQMZYGJDTQ2CTEMQPOQH,110,'Quo Lux','personal',0),
(RS34859514741464869106,111,'Tin','saving',0),
(FO8854289517375138,112,'Alpha','business',0),
(ES2653263729398493414117,112,'Stim','personal',0),
(LV72XXYBH0G42VAO1QZAS,113,'Alphazap','for minors',0),
(KZ10256D1AOHFFYCKKWY,114,'Bamity','personal',0),
(ME97744693923170944919,115,'Zaam-Dox','personal',0),
(FR637609456526U9RDEVHO5CB69,116,'Treeflex','saving',0),
(SA4941E7VC2BUJG8DVLMIUB9,117,'Hatity','for minors',0),
(BE14907370971408,117,'Subin','saving',0),
(MC576937941141AFYP1P2LPWG04,117,'Viva','personal',0),
(RS07995642164641974149,118,'Konklux','personal',0),
(LT763416564890114811,119,'Konklab','saving',0),
(VG32SLQI5846698388141729,120,'Holdlamis','personal',0),
(BG60XTTX845800OI22AMHG,121,'Bytecard','personal',0),
(LI9151289N8ADOGNRY7JJ,121,'Ronstring','for minors',0),
(DE79081204120429412135,121,'Latlux','personal',0),
(BH97ABMEE8WLEVCLROPPPE,122,'Zamit','personal',0),
(BA179198823954910135,123,'Fixflex','saving',0),
(FR137901265962933VW5MPH1C98,123,'Veribet','personal',0),
(CZ5210883152214530108088,124,'Zathin','saving',0),
(FI1318368643667889,125,'Fintone','personal',0),
(GE36QZ1105418004106559,126,'Asoka','saving',0),
(FR614281571412VPU8P4TMHZR26,127,'Fintone','personal',0),
(AD1134412734T2QDTJMM081V,128,'Bitchip','saving',0),
(KW22OLNPISJDMT4SNHFR0DSPN5ANKQ,129,'Cardguard','personal',0),
(RS96197462558383671042,129,'Overhold','personal',0),
(FR236631003080GIYTWDCWVFH78,130,'Zamit','for minors',0),
(SE0410756440958840317925,131,'Alpha','personal',0),
(GR665961948ADBSX9QJRLACNGCS,132,'Redhold','personal',0),
(AD3436784333NJ8STCMDIPRF,133,'Voyatouch','personal',0),
(GB14KMYW75425734624132,134,'Kanlam','personal',0),
(BA850801019776909465,135,'Zathin','personal',0),
(GI32WGDYBUIY0AXIYYCZSKB,136,'Tempsoft','personal',0),
(BH68VDGEO3AQYIO5773CF6,136,'Stronghold','personal',0),
(SI90561448213410524,137,'Sub-Ex','personal',0),
(SA3042VLBFLEND4YGUQOFAGX,138,'Cardguard','for minors',0),
(LI5189655UAP4KTFWWQ6O,138,'Solarbreeze','saving',0),
(DK2320762204856596,139,'Flexidy','personal',0),
(BA512001720705295339,139,'Bitwolf','personal',0),
(FR974529462512LUCDIARL6AO88,140,'Bytecard','personal',0),
(IS446312606077163989102306,141,'Prodder','personal',0),
(BE14175804407331,141,'Lotstring','saving',0),
(LB376799YJ0KWYEN27BGI1TLO8OG,142,'Sub-Ex','personal',0),
(CZ9299164119097306537977,143,'Y-find','for minors',0),
(SM79Q3694121719TOU8ASQA0WSB,144,'Mat Lam Tam','personal',0),
(SA7998ZNLYOTTLXTUTRYXRR7,145,'Regrant','saving',0),
(BA483038538134266118,146,'Gembucket','personal',0),
(LU16975Y0LCI6CEI7H7G,147,'Gembucket','personal',0),
(SI24745932274222225,147,'Tresom','saving',0),
(FR980228933378SS3VLX9UACU28,147,'Rank','personal',0),
(SA4646KYP5ZKAI7FGIGWCGRE,148,'Keylex','personal',0),
(AT097097916269638888,149,'Rank','personal',0),
(BA038279294551896061,150,'Namfix','saving',0),
(FI5111950414945047,150,'Voyatouch','personal',0),
(CH5830617C9JZM1FO3XXV,150,'Latlux','saving',0),
(DE30294485557747039339,151,'Bitwolf','personal',0),
(PT13236191257141033561499,151,'Ronstring','personal',0),
(FR9782327987451AYUC37U0EF51,152,'Tampflex','saving',0),
(FR047914898061N6KR80L8CWP63,153,'Sub-Ex','personal',0),
(ES1439225274313147027314,153,'Latlux','personal',0),
(GR610161458JIHV88MPLUUKPWJ5,154,'Y-find','saving',0),
(ES7436022026340888793217,155,'Rank','saving',0),
(LI58879337NZBXYBP7QSD,156,'Fix San','personal',0),
(FR768052907885WGR8C1JBYOU54,157,'Voyatouch','personal',0),
(VG20YHLX4706942694765499,158,'Zontrax','for minors',0),
(SK3119369742443979520178,159,'Gembucket','personal',0),
(MC852713943952AWEGIH32LAA02,160,'Quo Lux','personal',0),
(KZ71672CLLTLQIBMHOV6,160,'Sonsing','personal',0),
(GI72LFDMTUYNZRWDD3Z20IA,161,'Temp','personal',0),
(MT29TBTL85012OVGSQ22YFNLREHDKPT,162,'Transcof','personal',0),
(AD5283668040NMPAVVGZPME0,163,'Duobam','personal',0),
(GB48ENOZ97260071015756,164,'Sonsing','saving',0),
(HU90888651622857489620287790,164,'Alphazap','saving',0),
(FR569310056713SC8KZOLNQYJ12,165,'Tempsoft','saving',0),
(IT19O9852009922EIEDOZ3AWLLC,166,'Konklux','personal',0),
(FR936121328389LQQGOASLWT796,166,'Zoolab','business',0),
(DK8502965234309736,167,'Job','for minors',0),
(SK9428200778348609410877,168,'Zaam-Dox','business',0),
(FR743257237735L8OOR77G0WQ55,168,'Mat Lam Tam','personal',0),
(NO1087915879438,168,'Trippledex','personal',0),
(SA7693YUA3ATZ909OTZPD3GJ,169,'Veribet','business',0),
(PK17ZBMNDCX5JMUZNPY9YGEB,170,'Stim','personal',0),
(VG39XRWZ3431175664003491,171,'Zaam-Dox','business',0),
(BA935889437325903922,171,'Otcom','saving',0),
(FR348161953409IHDIEAYL9TW33,172,'Zaam-Dox','personal',0),
(FR559783569400B6BDRVV4GXX54,172,'Keylex','personal',0),
(FR574667668885IG3USPOFI9N57,173,'Pannier','personal',0),
(DK3661461972635745,173,'Y-Solowarm','for minors',0),
(MT62KCQY05462BR5EJDWZRGMWLVVK9X,174,'Opela','personal',0),
(FR241647887802ACKVGEEEQZM87,175,'Redhold','saving',0),
(HR8118346488694153823,176,'Domainer','saving',0),
(FR098329423950TGRCMAVUTF427,177,'Flowdesk','personal',0),
(DK7712262298718390,178,'Regrant','personal',0),
(FR883818058529HDRHNLK7C3U16,178,'Konklab','personal',0),
(RS24290913511207560191,179,'Subin','personal',0),
(MC096276837603NNUE4RZ6EIF27,180,'Flowdesk','for minors',0),
(IT07Z0171283852TXZHIP26OFEA,181,'Bytecard','personal',0),
(GL4455269002179975,182,'Matsoft','personal',0),
(FR825516845458BTUG47QKRGT04,182,'Pannier','saving',0),
(FR273037025062NQTUZGL8HIC68,183,'Home Ing','personal',0),
(MD64M7PQNC3T7HEB4VKNRLO4,183,'Bytecard','personal',0),
(FR746574562519JBFAYYCZ5KX70,184,'Tin','saving',0),
(AL2385925287T9TDBSPIN2BNMG4D,184,'Regrant','personal',0),
(CH6301816LZ2LSEXFP38U,185,'Trippledex','personal',0),
(KZ32461PMNFMY7ATQ15P,185,'Treeflex','saving',0),
(FR521761738278VD4WOODAQLA67,186,'Latlux','personal',0),
(EE386688945979336861,187,'Sub-Ex','personal',0),
(FR295986129113WWNRMI1WXL403,187,'Rank','personal',0),
(BG96DUOA015893RAOVD5AK,188,'Konklab','personal',0),
(MC574513984017FXNQQKOYBLQ33,189,'Cardguard','saving',0),
(AL1233541905Q8JHIXSWMZSVOOSC,190,'Gembucket','for minors',0),
(FR852149528972WKYPXKZBV9783,190,'Domainer','personal',0),
(MK134411YFEKBZBWL07,191,'Y-find','personal',0),
(FR869764703054EQVWPSQMCKT82,192,'Ventosanzap','saving',0),
(CZ7345444139802983588544,193,'Bitchip','saving',0),
(SK6132037686131113735305,193,'Alpha','personal',0),
(PL06038388905996804292495021,193,'Keylex','personal',0),
(SM66W52736077383SUW2PCLO52E,194,'Cookley','saving',0),
(GL3481311304779791,194,'Trippledex','personal',0),
(PT32784241761371374262171,194,'Home Ing','saving',0),
(AD18895793152RGQICRDHHLA,195,'Opela','personal',0),
(CY7768546873YBRXVGTRPVXWPMTJ,196,'Subin','personal',0),
(AT081187867286884882,197,'Job','saving',0),
(TR7857618UXWCWBI4V4IUMMBD5,198,'Span','saving',0),
(GE97WM3367278084164498,199,'Bitchip','personal',0),
(TN5700106793848451528520,199,'Bytecard','personal',0),
(DO39GE7C12482803957849368595,200,'Tampflex','personal',0),
(MU14CAVN7475593967288599408NWO,200,'Fintone','personal',0),
(GE32PY0459097980376620,200,'Solarbreeze','saving',0),
(BG62XUDM198830YMBILNL7,201,'Konklux','personal',0),
(FR8531903426929BVM9A1DXCW93,201,'Tampflex','personal',0),
(IE42UTTQ67174907923500,202,'Trippledex','personal',0),
(DE65319005245162325540,202,'Tres-Zap','saving',0),
(FR12486929649223CWSFBCJ0B68,203,'Otcom','personal',0),
(LV19EGYTUFZHBMDYFAA0E,203,'Sub-Ex','personal',0),
(PL49501119517753815820044440,204,'Voltsillam','saving',0),
(IL551743412878301384189,204,'Tempsoft','saving',0),
(MK34727GCD89ZBFDW30,205,'Temp','personal',0),
(MC252479540832T14TYUTCAJX17,205,'Transcof','personal',0),
(GE96AP6564653098418752,205,'Asoka','saving',0),
(GR107134113WBJWTUXAFSY6XOHX,206,'Tin','saving',0),
(FR380744423606NAPDXC8TKRV13,206,'Rank','personal',0),
(NO6452918013365,207,'Bamity','personal',0),
(BH24DNPTVRXOW8AZNX18LT,207,'Wrapsafe','business',0),
(BH72VEUO4WGT154P1GOGKD,207,'Cardguard','personal',0),
(SA9663D7E8LLDHYXI6OHQOUS,208,'Lotstring','personal',0),
(MU66MWFN0808624660495920189MYP,208,'Bitchip','saving',0),
(BG40TPDR774015VYLUI0BM,208,'Fixflex','for minors',0),
(CH6793171T2FIYUY16UEY,209,'Span','saving',0),
(IL757842282767511621870,210,'Bitwolf','saving',0),
(VG31PSVD3306916511040551,210,'Vagram','saving',0),
(MD31VHMTCPG2DQM1KE9JAERG,211,'Ventosanzap','saving',0),
(GB46BQUS97739451592634,211,'Redhold','personal',0),
(HU68784313704422979806045343,212,'Fintone','personal',0),
(RS64141932494067128622,212,'Regrant','personal',0),
(FO3724561082301483,213,'Greenlam','personal',0),
(GR730467832M5AMHBJ1VEGXQUSS,214,'Cardify','personal',0),
(KW29KRWJRFTRM2M38QEA6ZKMYQ4O5M,214,'Otcom','personal',0),
(FR15921905878801VYHXF2NSM34,215,'Tampflex','personal',0),
(FR823591936920GRRQXKU19RZ41,216,'Bitchip','personal',0),
(DK3810320169074877,217,'Toughjoyfax','personal',0),
(CH13455935XXF1CTMJICB,218,'Alphazap','saving',0),
(FR023968166162QFMI9LTRFYP13,218,'Bitwolf','personal',0),
(MK77225MUISLQOHVC16,218,'Y-find','personal',0),
(AL6137775348K7KWVDR1GEZJGTXR,219,'Bamity','personal',0),
(GI83BHFODMTRYWNOVGKU9RL,219,'Home Ing','personal',0),
(IE04FYGG83660815023392,220,'Holdlamis','personal',0),
(AT368572355763145528,221,'Tin','personal',0),
(PS04VYBCQPFJWHXPFFNWDRHMH7Z9E,222,'Tresom','personal',0),
(SK0695981842219577262047,222,'Prodder','saving',0),
(SK4311453993730578618418,223,'Veribet','personal',0),
(KW56SHWF2GDVBWEJ6UZDE9JDRYOJUW,223,'Zathin','saving',0),
(RO70NXRCFUZTFEM8KWY4HLHJ,223,'Zoolab','business',0),
(IL706407341573205473112,224,'Latlux','saving',0),
(CY9873342199LFMKFAYXM2EDQHLW,224,'Cardify','personal',0),
(FR356489721549ZZDSE5KDI8X74,225,'Domainer','personal',0),
(PS20BQQJWXOO40FPWXPMC2NBR6PLW,225,'Lotstring','saving',0),
(CY9077504188HE60SMOPMWLV2P3H,225,'Andalax','personal',0),
(MC9594613242296EWSW5VSIVF05,226,'Wrapsafe','personal',0),
(SA7921PAVZLGBPQUVNDYCZNY,227,'Zontrax','saving',0),
(IL618905946189098449185,228,'Transcof','saving',0),
(SK5333757328618280252817,229,'Namfix','saving',0),
(HU66225900228297785349122085,229,'Treeflex','saving',0),
(AE208442104089089423018,230,'Trippledex','personal',0),
(NL34PXTR1965468531,231,'Sonsing','personal',0),
(CH1638909DFOBBOKDMESB,231,'Sub-Ex','saving',0),
(FR355719122719UPWYHQHCWEX12,231,'Sonsing','personal',0),
(KZ64703VA9TXWV1O4CUM,232,'Span','personal',0),
(HR0300008282626637871,233,'Stringtough','personal',0),
(PT51900520705500034768016,233,'Voyatouch','personal',0),
(FR9236728895752YBZZQ60JCF08,234,'Tres-Zap','for minors',0),
(VG47DHRW7922423687861885,235,'Kanlam','personal',0),
(LI4175221HCFHUBFKEUKN,236,'Solarbreeze','personal',0),
(MD41FCEXASM3YJGHKWVOYR6K,236,'Fintone','saving',0),
(MD29MILPLGJNMF9H3SQ822PN,236,'Toughjoyfax','personal',0),
(IT37C6241447757CEUEUI7RXEZE,237,'Stringtough','personal',0),
(BH28EQZSLZB0CFICEYOZHW,237,'Zoolab','saving',0),
(FR642961958942ZCDWXR9BKRR66,238,'Voyatouch','for minors',0),
(BA930876333848218316,239,'Opela','for minors',0),
(CY2898197073U3PPADHI2VW9HGH4,239,'Flowdesk','saving',0),
(AE161634810267263463113,240,'Sonsing','personal',0),
(FR263097337494WTJNN9YCWBB79,240,'Bamity','personal',0),
(CY4396277825AZQZGVMR5XOORBP8,241,'Tempsoft','personal',0),
(FR503493484244SEQBEBKZCBF36,241,'Namfix','personal',0),
(FR210208793529RMLWKCAJ1KP98,242,'Bytecard','personal',0),
(HR2684646346109894181,243,'Solarbreeze','saving',0),
(FR545626506435USBYMLJZW4T92,244,'Hatity','personal',0),
(KZ52292EUMAJ47OMWQJA,245,'Sonsing','personal',0),
(NL70HUHH4316943434,246,'Home Ing','personal',0),
(NL31YGPH2692175770,247,'Latlux','personal',0),
(FR5894022872945ACYX887VOH23,248,'Domainer','saving',0),
(MD352HZKLXD7BFBSGKEAUTNZ,248,'Home Ing','personal',0),
(PL66688800934580256377748627,249,'Y-Solowarm','personal',0),
(AL7735553150TGPITLB0SYRDI9PS,249,'Bamity','personal',0),
(RO14AXGDYLMTE72NNVIFYEIO,250,'Ronstring','personal',0)


INSERT INTO [AccountTypes] VALUES
(1,'personal'),
(2,'for minors'),
(3,'saving'),
(4,'business')


INSERT INTO [Cards] VALUES
('6762881516605159','AD9413090105NCMC3VM1EDKD',0,'2073'),
('374622612583806','MK2390315VYRI0CKX34',0,'4250'),
('3552214792903331','MK2390315VYRI0CKX34',0,'6985'),
('5610448283291799','DE20037173779702469885',0,'5252'),
('3550841536811511','GL1237034700705938',0,'9906'),
('4041378365194771','GL1237034700705938',0,'8417'),
('5269572745814429','GL1237034700705938',0,'1515'),
('30107879242490','MU38SPRZ6561085529865602003KQY',0,'6606'),
('5602230758903334','MU38SPRZ6561085529865602003KQY',0,'8631'),
('63046592474662046','FR829725437093PER5U8ELT9S23',0,'3037'),
('3564042011866021','FI6173596305213241',0,'9903'),
('30469843300949','FI6173596305213241',0,'8720'),
('4041591175763656','AZ60PCRKP0GSKGI0KWHU4PYJLQKE',0,'8428'),
('3543693756710794','SM15Z7626700133IYW0DGUTCR6Q',0,'3392'),
('50208359548162556','DK2114195689978254',0,'0014'),
('372301276774066','IS467634787117169699889043',0,'7091'),
('4936031850983889','LB7229023KSVSH4MTW9HC5HYOMBJ',0,'1575'),
('201464450985689','BG10EWTB1413962P6E6CZJ',0,'0872'),
('0604208558230577674','MR3684476395740706147116764',0,'1919'),
('337941412381054','MR3684476395740706147116764',0,'4726'),
('3573992590421037','MR3684476395740706147116764',0,'8933'),
('5020129127716753','AL3042709517MGS8G0PXRZK37YTD',0,'2620'),
('5602214913961221','AL3042709517MGS8G0PXRZK37YTD',0,'3699'),
('30083460908890','FR544562817999MVSLEAPFYNV36',0,'0020'),
('36690731626616','BR9888924377242622402690963SJ',0,'1572'),
('3541682108460002','FR755651711877HQ8KUPTJE2E11',0,'7600'),
('3535979670682544','FR755651711877HQ8KUPTJE2E11',0,'1985'),
('3581355538337964','FR755651711877HQ8KUPTJE2E11',0,'8448'),
('5602223552772328','TR5651962XMGYFOMEZ6ULXTJU3',0,'3718'),
('3564363832205946','TR5651962XMGYFOMEZ6ULXTJU3',0,'9141'),
('5100147004086317','SI52265015434493739',0,'7149'),
('3560533611043155','PL52013807090046304152028080',0,'3283'),
('58933642359914404','PL52013807090046304152028080',0,'4761'),
('633348458052428165','ES4751731062740303710321',0,'8052'),
('6706696296765022768','ES4751731062740303710321',0,'7327'),
('5100144416617680','CY8519954657MDMDCEOAWI3QDUGG',0,'6158'),
('3537072603817029','CY8519954657MDMDCEOAWI3QDUGG',0,'0101'),
('4508066206394074','CY8519954657MDMDCEOAWI3QDUGG',0,'9817'),
('5602244706896720337','CY8519954657MDMDCEOAWI3QDUGG',0,'8326'),
('3577845377879692','KZ895407OLRWO08PLDFY',0,'7625'),
('63046335544247343','MR9542584479364588316982606',0,'8733'),
('5100170414589449','MD62NVLXRWUOQ1BVDGBQ1HOW',0,'7940'),
('376208042078316','FR844045986240JOOUJVFDFND55',0,'6743'),
('3528241879383401','AL8021214616W9VCCKPNSEDHIGBK',0,'5731'),
('3574674846973685','AL8021214616W9VCCKPNSEDHIGBK',0,'3885'),
('6709747392658693','AL8021214616W9VCCKPNSEDHIGBK',0,'0604'),
('5602256939629712','AL8021214616W9VCCKPNSEDHIGBK',0,'9070'),
('5100175311626657','BH05NCFGOZLNYFOUBOQWXZ',0,'1960'),
('3554639178089115','PT09874419408031302894251',0,'1789'),
('3563419031711190','ES3585706293034143553720',0,'2950'),
('3529515235448712','ES3585706293034143553720',0,'7041'),
('6379581593325888','ES3585706293034143553720',0,'9898'),
('4913496706825070','ES3585706293034143553720',0,'4325'),
('4175003292037244','AZ58SWPGIZTZ56OZWPGHRQZEXPKE',0,'0767'),
('6762262738433565','FR118839386701UY6HO6NFZT781',0,'6189'),
('30338535439838','MK885706QX8UYFKTF20',0,'3331'),
('56108179234496672','CZ3497925892890818012395',0,'0070'),
('4041373334473','SA3552JBI0V9WVNCU3L5DAPN',0,'2708'),
('3555815356453765','SA3552JBI0V9WVNCU3L5DAPN',0,'2677'),
('201538989464173','FR020030296237IEVJRNNE81185',0,'0276'),
('5447679723740727','GR861288206OLQH2DAHVAN1RZMH',0,'6427'),
('6331106450111040559','GE48XU2593947486603679',0,'2172'),
('30058785060270','GE48XU2593947486603679',0,'1376'),
('5007661759192421','GE48XU2593947486603679',0,'4885'),
('5100142559064207','GE48XU2593947486603679',0,'7373'),
('67596643299502951','FR932153714954KINUVN6B0SD15',0,'1711'),
('3540066317225425','RO13UPSSRHMVA84JH0TPPTVX',0,'0046'),
('3539354960643109','AT406845176291948939',0,'2708'),
('36287696479279','PT96360701922156082244556',0,'1855'),
('3535025546142139','FR836087418377IWU8PVEGDVU13',0,'3714'),
('6771510211345444174','IS238078506206531184027473',0,'2168'),
('060487097042830945','IS238078506206531184027473',0,'5018'),
('3589641674323286','PK44GKYA7Y2JILW45PL1IYIP',0,'1329'),
('3542083376979915','SA9059AGRE8AJZ70FVDZADS2',0,'0879'),
('3563769379492260','FR2499685846072EIOJLJ2ECK12',0,'4902'),
('5598217000310638','GE30KN9977259559837875',0,'7284'),
('676120792052315177','CY5122402135SHM0H4LXR6ZNAKUI',0,'7891'),
('6759171730551302532','BA357519451022380509',0,'3080'),
('5610386012516757','BA357519451022380509',0,'4158'),
('4175005092637503','DE88503433710437310817',0,'1166'),
('4405858169695651','GR398289153L5EKN5JL8GVUGQ9D',0,'3416'),
('560221844264803005','GR398289153L5EKN5JL8GVUGQ9D',0,'8375'),
('3564486483608090','SM21J8226711495E7QWVSFSIA8R',0,'9564'),
('4844263277889594','CH6652662FI0KP6LIYJJP',0,'0211'),
('4936028390064290301','CH6652662FI0KP6LIYJJP',0,'0461'),
('5602221235841874','CH6652662FI0KP6LIYJJP',0,'1928'),
('3588165704006308','FR751050359750HIL61L4WWDW46',0,'3763'),
('3534778381727627','FR751050359750HIL61L4WWDW46',0,'5342'),
('3582776071178763','FR751050359750HIL61L4WWDW46',0,'5878'),
('5249355842388249','VG89QUSK2292288194972313',0,'0466'),
('5007662463671080','AE026516987963616220448',0,'5945'),
('3585287530211333','SA0398IONLYXHRXETCMO79LF',0,'7478'),
('5602237600029556','SE0807836706093660314829',0,'6240'),
('3580115543266447','NO1991787328241',0,'3973'),
('3574153294739435','HU32721111300594357275097697',0,'8676'),
('3558537352195219','HU32721111300594357275097697',0,'7114'),
('4844799801048777','PT38792162855990965442035',0,'7814'),
('201984151292382','FR269578997927ZXUFJFD0UIZ87',0,'6251'),
('3565416994112836','FR269578997927ZXUFJFD0UIZ87',0,'9834'),
('5108750075338087','ME06010270545643065544',0,'9297'),
('5534464937243998','ME06010270545643065544',0,'9284'),
('342438540494852','GI54HZVAM8GR8MCMGTSWGBZ',0,'2112'),
('3564290435393557','IT34C9603323414J45DHDKDJWKR',0,'7330'),
('3576610069377319','IT34C9603323414J45DHDKDJWKR',0,'1630'),
('4913989043105958','FR807342764038UJRSGZYAYGM85',0,'6829'),
('3580408888742837','FR2505908882660FTQILUB4R861',0,'1993'),
('3557574175422240','CY9215826814N5WF0EAUVLRJNYEP',0,'8372'),
('30587739757318','FR810223691008QULMITLMCNA94',0,'0439'),
('201694443691883','FR810223691008QULMITLMCNA94',0,'2104'),
('4844311955800423','HR5722252764418729628',0,'7656'),
('56022430333252562','FR779025742147TXKVHZXACIA16',0,'2302'),
('5602223816517535','PL89877171017396818184443026',0,'0784'),
('5586602840946812','FR127735715836AOBUVJ5PB3T74',0,'9603'),
('3557137474674430','DK8464664008739993',0,'4997'),
('5475449216873145','TR0759790QLUOZUYZBIF6LUMC0',0,'6952'),
('3557124256544072','KZ57817DZXUEGJAWDPRF',0,'6336'),
('3568739207341372','PL11799872834331665811266572',0,'3702'),
('4017958126609405','DE43602012071511278983',0,'8456'),
('5602247886487998','LB632707QJWMXHVKWQUXNPBJ2XJM',0,'0532'),
('3547872890435338','LV21IMYBMCHFWTV9MPQBG',0,'1589'),
('30292264715332','LV21IMYBMCHFWTV9MPQBG',0,'1978'),
('30551392436529','FR150163431747IPQWZBYQ0JT71',0,'4800'),
('3566092313236041','EE729200220631494470',0,'2518'),
('3564856699217243','EE729200220631494470',0,'3431'),
('3563089009427127','FR496789911046B56UPNS2NUO38',0,'3999'),
('5602251303356596','FR496789911046B56UPNS2NUO38',0,'7770'),
('3575232728860733','FR496789911046B56UPNS2NUO38',0,'5670'),
('3532729689299365','FR619119965698LVSQJKD5F1K91',0,'6443'),
('5610872536450813','MD04LE4ZIHVJQDDERCRAX49F',0,'9788'),
('5048372469871707','DE14729572230611752366',0,'2975'),
('3581343821906455','AL18367601534PY4KDD95JL6JWIF',0,'5910'),
('372513021109105','MT96UJMO84351ISUKDQAC1BVUSET7YZ',0,'3286'),
('6334423324811189','BA882417077595957626',0,'4937'),
('5641825278050780','KZ08583RLSRYBXSZMLZ4',0,'3447'),
('4508295302717983','AZ32WDFXIMHARYKZEWVKS5QG5GQ7',0,'2129'),
('3539294115597349','LI9371923OXAYHIGPTSWF',0,'9958'),
('5602222134668012','LI9371923OXAYHIGPTSWF',0,'7243'),
('4175002257416617','BA679608648659368471',0,'8584'),
('3540449054015490','BA679608648659368471',0,'6544'),
('6385599299408289','AT312563855247280428',0,'8036'),
('3577792074504605','NL04SFFG1332470903',0,'7286'),
('3563981450780063','CY95098509140KUMVLON9VLJIQD8',0,'4970'),
('6767733260832950879','BA975439577438062611',0,'9718'),
('3546690995333781','BA975439577438062611',0,'3359'),
('6331107991319781','RO28QDCYICTJWFE5D83AYJRX',0,'8601'),
('3541140634771400','KW34WPWJBK15F3I0MTKUOEIJI89LLT',0,'5603'),
('4017950030709447','KW34WPWJBK15F3I0MTKUOEIJI89LLT',0,'6421'),
('4911807304028027709','MC520718747446GXXTTGVQEYQ66',0,'5189'),
('676361386264687784','LB416959NADVUWTZNP5GDIUMGEQW',0,'4930'),
('3589646107363445','IT20Z8328525348AUVOAVOVHOUV',0,'5487'),
('3543698021611347','PS02JZSFMNUORGS30HF7NQVLWYEHP',0,'3066'),
('3539348003314009','CR3065496959919091837',0,'2218'),
('67611729706410895','IL930759747392977098228',0,'8513'),
('6392697644882868','CH584827884PGVRUBCRFO',0,'1239'),
('5602228333040291816','MK92887JOB36VTVBN12',0,'1418'),
('670687489825950863','FR213153230405SU0JYD8DG7U28',0,'1253'),
('06041861721501719','GE69FX0692149151874654',0,'3295'),
('3528832945382425','PS04NSOATOQMZYGJDTQ2CTEMQPOQH',0,'3682'),
('3587009563414289','FO8854289517375138',0,'7734'),
('3584103437984610','ES2653263729398493414117',0,'4139'),
('4041592949899248','LV72XXYBH0G42VAO1QZAS',0,'3055'),
('3539698676390920','KZ10256D1AOHFFYCKKWY',0,'5787'),
('5048377189789022','ME97744693923170944919',0,'7353'),
('3580673753187158','SA4941E7VC2BUJG8DVLMIUB9',0,'4361'),
('5007665559676814','MC576937941141AFYP1P2LPWG04',0,'1835'),
('374283710655978','RS07995642164641974149',0,'1796'),
('5167992862040033','VG32SLQI5846698388141729',0,'7706'),
('503867065155492265','BG60XTTX845800OI22AMHG',0,'7310'),
('3582188670776924','BG60XTTX845800OI22AMHG',0,'0684'),
('3582086026887322','BG60XTTX845800OI22AMHG',0,'7632'),
('5602258078284515','LI9151289N8ADOGNRY7JJ',0,'4499'),
('5479180955914081','DE79081204120429412135',0,'4270'),
('5602253091072880','BH97ABMEE8WLEVCLROPPPE',0,'7028'),
('5602240512441356','BH97ABMEE8WLEVCLROPPPE',0,'3521'),
('67590346725161592','FR137901265962933VW5MPH1C98',0,'0307'),
('5100175589652153','FR137901265962933VW5MPH1C98',0,'1082'),
('6395883628580507','FR137901265962933VW5MPH1C98',0,'4493'),
('5038110163419684','FR137901265962933VW5MPH1C98',0,'8481'),
('3587022624529201','FI1318368643667889',0,'9738'),
('3587954185098582','FR614281571412VPU8P4TMHZR26',0,'4749'),
('30478020009637','KW22OLNPISJDMT4SNHFR0DSPN5ANKQ',0,'4278'),
('4905573229901780476','RS96197462558383671042',0,'3604'),
('4175004530973141','FR236631003080GIYTWDCWVFH78',0,'5661'),
('3548916278072921','SE0410756440958840317925',0,'6703'),
('3582539562603800','SE0410756440958840317925',0,'7995'),
('4844536347930955','SE0410756440958840317925',0,'4267'),
('4175008933060299','GR665961948ADBSX9QJRLACNGCS',0,'3951'),
('6767906843802024','AD3436784333NJ8STCMDIPRF',0,'4914'),
('3574430646269877','GB14KMYW75425734624132',0,'0150'),
('490512906359513746','GB14KMYW75425734624132',0,'2751'),
('0604071999005631','BA850801019776909465',0,'3799'),
('3549781831667685','GI32WGDYBUIY0AXIYYCZSKB',0,'9905'),
('201523799877715','BH68VDGEO3AQYIO5773CF6',0,'1744'),
('3529472894383931','SI90561448213410524',0,'2448'),
('3562871938426796','SI90561448213410524',0,'9248'),
('3558152436514375','SA3042VLBFLEND4YGUQOFAGX',0,'6977'),
('30541970311376','DK2320762204856596',0,'5024'),
('4405889960648557','DK2320762204856596',0,'9892'),
('490572982478390644','BA512001720705295339',0,'6748'),
('337941801617381','BA512001720705295339',0,'2669'),
('6383086381009391','FR974529462512LUCDIARL6AO88',0,'4178'),
('493651543509687982','IS446312606077163989102306',0,'5316'),
('4911554704662960','LB376799YJ0KWYEN27BGI1TLO8OG',0,'6242'),
('5641829108019536','CZ9299164119097306537977',0,'1597'),
('3544686753119117','CZ9299164119097306537977',0,'0217'),
('5602241511548894','SM79Q3694121719TOU8ASQA0WSB',0,'7675'),
('3537050793302119','BA483038538134266118',0,'1968'),
('3580877745030372','LU16975Y0LCI6CEI7H7G',0,'5945'),
('5602244196558536090','LU16975Y0LCI6CEI7H7G',0,'1016'),
('503846328185810252','FR980228933378SS3VLX9UACU28',0,'4490'),
('5048379028263847','SA4646KYP5ZKAI7FGIGWCGRE',0,'6213'),
('3560589707443451','AT097097916269638888',0,'8220'),
('30242870366251','FI5111950414945047',0,'1425'),
('3546899002932937','DE30294485557747039339',0,'8034'),
('3531499176825913','PT13236191257141033561499',0,'8975'),
('3579261741925575','PT13236191257141033561499',0,'2640'),
('30549324439546','PT13236191257141033561499',0,'4560'),
('5108756596938008','FR047914898061N6KR80L8CWP63',0,'7726'),
('5602251725925002','ES1439225274313147027314',0,'7413'),
('630400174515878968','LI58879337NZBXYBP7QSD',0,'3199'),
('3566658252418780','FR768052907885WGR8C1JBYOU54',0,'5613'),
('3585860099891024','FR768052907885WGR8C1JBYOU54',0,'0018'),
('374288021829642','VG20YHLX4706942694765499',0,'2387'),
('3542807084386595','SK3119369742443979520178',0,'7760'),
('4017953976643471','SK3119369742443979520178',0,'5339'),
('3575587928104996','MC852713943952AWEGIH32LAA02',0,'9173'),
('3570372871861875','KZ71672CLLTLQIBMHOV6',0,'0906'),
('6376426678029950','GI72LFDMTUYNZRWDD3Z20IA',0,'3000'),
('6304521419607515','MT29TBTL85012OVGSQ22YFNLREHDKPT',0,'4557'),
('3543442760615932','AD5283668040NMPAVVGZPME0',0,'6603'),
('3572365647520740','AD5283668040NMPAVVGZPME0',0,'7372'),
('6331105237384488412','AD5283668040NMPAVVGZPME0',0,'8335'),
('3574857680557314','IT19O9852009922EIEDOZ3AWLLC',0,'8162'),
('6304461132262878','FR936121328389LQQGOASLWT796',0,'1264'),
('30266597114082','DK8502965234309736',0,'3425'),
('4144259425430627','SK9428200778348609410877',0,'8973'),
('372103696660507','FR743257237735L8OOR77G0WQ55',0,'5303'),
('6304947984178421641','NO1087915879438',0,'0138'),
('5602252497310027','NO1087915879438',0,'8930'),
('5100130316698391','NO1087915879438',0,'5412'),
('3582258343182402','NO1087915879438',0,'8044'),
('201705315635731','SA7693YUA3ATZ909OTZPD3GJ',0,'3234'),
('30272751883421','SA7693YUA3ATZ909OTZPD3GJ',0,'6359'),
('633421013118643727','PK17ZBMNDCX5JMUZNPY9YGEB',0,'1075'),
('3532938273718587','VG39XRWZ3431175664003491',0,'1264'),
('3585479703863566','FR348161953409IHDIEAYL9TW33',0,'3173'),
('3540590875582463','FR559783569400B6BDRVV4GXX54',0,'7693'),
('5610067228254421','FR559783569400B6BDRVV4GXX54',0,'0206'),
('3555643814930319','FR574667668885IG3USPOFI9N57',0,'7753'),
('201898839031204','FR574667668885IG3USPOFI9N57',0,'6630'),
('3556756284625208','DK3661461972635745',0,'3448'),
('5010120310092344','MT62KCQY05462BR5EJDWZRGMWLVVK9X',0,'8221'),
('3536871701148885','FR098329423950TGRCMAVUTF427',0,'0545'),
('345925527155909','DK7712262298718390',0,'2936'),
('5602231806466985','FR883818058529HDRHNLK7C3U16',0,'1262'),
('3574144298800935','RS24290913511207560191',0,'8582'),
('30586322100274','RS24290913511207560191',0,'7409'),
('30250263713823','MC096276837603NNUE4RZ6EIF27',0,'1197'),
('6759333473220731907','IT07Z0171283852TXZHIP26OFEA',0,'1846'),
('6706190876729180','GL4455269002179975',0,'0115'),
('3531089295124767','FR273037025062NQTUZGL8HIC68',0,'8773'),
('201460557761601','MD64M7PQNC3T7HEB4VKNRLO4',0,'6550'),
('3589854365609281','AL2385925287T9TDBSPIN2BNMG4D',0,'3117'),
('3578666434900506','CH6301816LZ2LSEXFP38U',0,'1747'),
('374622463716745','FR521761738278VD4WOODAQLA67',0,'5953'),
('6331100471451695','FR521761738278VD4WOODAQLA67',0,'7602'),
('3588477441911272','EE386688945979336861',0,'9774'),
('560222088154043210','FR295986129113WWNRMI1WXL403',0,'3225'),
('5100149550929213','BG96DUOA015893RAOVD5AK',0,'0819'),
('3533919127479005','AL1233541905Q8JHIXSWMZSVOOSC',0,'1903'),
('348550514742902','FR852149528972WKYPXKZBV9783',0,'7065'),
('5602249637182308','MK134411YFEKBZBWL07',0,'8007'),
('372301690933116','SK6132037686131113735305',0,'3210'),
('4917622847900136','PL06038388905996804292495021',0,'9740'),
('5007668691876706','GL3481311304779791',0,'0026'),
('3553078128212686','AD18895793152RGQICRDHHLA',0,'7478'),
('4336286131846','CY7768546873YBRXVGTRPVXWPMTJ',0,'7895'),
('6767040632662611','CY7768546873YBRXVGTRPVXWPMTJ',0,'6956'),
('337941914151724','GE97WM3367278084164498',0,'1827'),
('3556430214737927','TN5700106793848451528520',0,'8028'),
('5100172682771758','DO39GE7C12482803957849368595',0,'1571'),
('201776018384216','MU14CAVN7475593967288599408NWO',0,'8132'),
('5602218678696641','BG62XUDM198830YMBILNL7',0,'2590'),
('67715522129372825','FR8531903426929BVM9A1DXCW93',0,'7253'),
('3563591453268030','IE42UTTQ67174907923500',0,'2525'),
('201972263539170','FR12486929649223CWSFBCJ0B68',0,'3915'),
('3552966962825624','LV19EGYTUFZHBMDYFAA0E',0,'4025'),
('6384674598254485','MK34727GCD89ZBFDW30',0,'7580'),
('3573380930667206','MC252479540832T14TYUTCAJX17',0,'3398'),
('3581286745545885','FR380744423606NAPDXC8TKRV13',0,'6775'),
('3531494594893643','FR380744423606NAPDXC8TKRV13',0,'3133'),
('564182864933244232','NO6452918013365',0,'0321'),
('376049776196712','BH24DNPTVRXOW8AZNX18LT',0,'5979'),
('201906897724188','BH72VEUO4WGT154P1GOGKD',0,'3806'),
('3540442159744098','SA9663D7E8LLDHYXI6OHQOUS',0,'0747'),
('6759574794742387789','BG40TPDR774015VYLUI0BM',0,'7859'),
('3536880409955343','GB46BQUS97739451592634',0,'7284'),
('337941460841736','HU68784313704422979806045343',0,'2071'),
('3565766718930313','RS64141932494067128622',0,'7004'),
('4405851075872225','FO3724561082301483',0,'3295'),
('3531950922715824','FO3724561082301483',0,'3002'),
('5451809482038012','GR730467832M5AMHBJ1VEGXQUSS',0,'0475'),
('3535747942027867','GR730467832M5AMHBJ1VEGXQUSS',0,'1791'),
('3531047221318085','GR730467832M5AMHBJ1VEGXQUSS',0,'0503'),
('30507665619126','KW29KRWJRFTRM2M38QEA6ZKMYQ4O5M',0,'9854'),
('3579848570877271','KW29KRWJRFTRM2M38QEA6ZKMYQ4O5M',0,'8655'),
('3566823768463551','FR15921905878801VYHXF2NSM34',0,'7537'),
('3534636586048266','FR823591936920GRRQXKU19RZ41',0,'2204'),
('3560778843290989','DK3810320169074877',0,'5195'),
('3582293252207783','DK3810320169074877',0,'7606'),
('3529408529067606','DK3810320169074877',0,'9562'),
('5602256286848063','DK3810320169074877',0,'9762'),
('3556439484402054','FR023968166162QFMI9LTRFYP13',0,'4442'),
('3572797564882531','FR023968166162QFMI9LTRFYP13',0,'4487'),
('30437030911695','MK77225MUISLQOHVC16',0,'4075'),
('633110251712443179','AL6137775348K7KWVDR1GEZJGTXR',0,'9235'),
('3528973368519406','AL6137775348K7KWVDR1GEZJGTXR',0,'6536'),
('3536046119918928','GI83BHFODMTRYWNOVGKU9RL',0,'2418'),
('3589556676257920','GI83BHFODMTRYWNOVGKU9RL',0,'4005'),
('3555898894129089','IE04FYGG83660815023392',0,'7548'),
('3563775032629305','AT368572355763145528',0,'8341'),
('3570797197535920','PS04VYBCQPFJWHXPFFNWDRHMH7Z9E',0,'8247'),
('6763519689867003','SK4311453993730578618418',0,'2203'),
('3541704430311958','RO70NXRCFUZTFEM8KWY4HLHJ',0,'2696'),
('374622156499849','RO70NXRCFUZTFEM8KWY4HLHJ',0,'3654'),
('30464035367384','CY9873342199LFMKFAYXM2EDQHLW',0,'0400'),
('4913255553549351','FR356489721549ZZDSE5KDI8X74',0,'7149'),
('3584137190947612','CY9077504188HE60SMOPMWLV2P3H',0,'6813'),
('3577210518974979','MC9594613242296EWSW5VSIVF05',0,'7714'),
('5893838236146719373','MC9594613242296EWSW5VSIVF05',0,'4638'),
('3580586544713092','AE208442104089089423018',0,'1293'),
('5602221814850775','NL34PXTR1965468531',0,'6821'),
('201467686790856','FR355719122719UPWYHQHCWEX12',0,'5885'),
('30126401045676','FR355719122719UPWYHQHCWEX12',0,'9686'),
('5422198682505020','FR355719122719UPWYHQHCWEX12',0,'9309'),
('5602226537624993','KZ64703VA9TXWV1O4CUM',0,'8469'),
('30154537228438','HR0300008282626637871',0,'6886'),
('50184631578714243','PT51900520705500034768016',0,'0908'),
('3532918720961576','PT51900520705500034768016',0,'0926'),
('343909198397190','PT51900520705500034768016',0,'6992'),
('5531667397069157','FR9236728895752YBZZQ60JCF08',0,'2999'),
('3546900754813414','VG47DHRW7922423687861885',0,'6928'),
('6304809399264781','VG47DHRW7922423687861885',0,'7495'),
('5602259043765349','VG47DHRW7922423687861885',0,'4566'),
('6767902773326522','VG47DHRW7922423687861885',0,'6019'),
('3575551734142020','LI4175221HCFHUBFKEUKN',0,'8158'),
('5100135658395506','MD29MILPLGJNMF9H3SQ822PN',0,'8793'),
('4911773312705769','IT37C6241447757CEUEUI7RXEZE',0,'1769'),
('676222519979772876','FR642961958942ZCDWXR9BKRR66',0,'6913'),
('4017953136275818','FR642961958942ZCDWXR9BKRR66',0,'9001'),
('30339500157058','FR642961958942ZCDWXR9BKRR66',0,'6818'),
('3571643759388101','BA930876333848218316',0,'5659'),
('3553394739569566','AE161634810267263463113',0,'4219'),
('3583578364934657','AE161634810267263463113',0,'0371'),
('5602247270174442','FR263097337494WTJNN9YCWBB79',0,'0707'),
('341595365881884','CY4396277825AZQZGVMR5XOORBP8',0,'0384'),
('5893611475887553','CY4396277825AZQZGVMR5XOORBP8',0,'3011'),
('201679974015750','FR503493484244SEQBEBKZCBF36',0,'1429'),
('371354044422907','FR503493484244SEQBEBKZCBF36',0,'7058'),
('56103769650706367','FR210208793529RMLWKCAJ1KP98',0,'9719'),
('201486478168055','FR545626506435USBYMLJZW4T92',0,'3873'),
('3568815338403701','KZ52292EUMAJ47OMWQJA',0,'4486'),
('6767820027863876966','NL70HUHH4316943434',0,'3569'),
('3584100125363834','NL31YGPH2692175770',0,'4144'),
('337941456031631','MD352HZKLXD7BFBSGKEAUTNZ',0,'5352'),
('5020740998434993','MD352HZKLXD7BFBSGKEAUTNZ',0,'4719'),
('4905692181557759302','PL66688800934580256377748627',0,'5675'),
('3547490595785665','PL66688800934580256377748627',0,'4253'),
('3572933173015524','AL7735553150TGPITLB0SYRDI9PS',0,'2151'),
('3574664327552736','AL7735553150TGPITLB0SYRDI9PS',0,'9970'),
('372301264070485','AL7735553150TGPITLB0SYRDI9PS',0,'6314'),
('201925489518964','RO14AXGDYLMTE72NNVIFYEIO',0,'2119')


INSERT INTO [TransactionCategories] VALUES
(1,'Income'),
(2,'Housing'),
(3,'Home Services'),
(4,'Utilities'),
(5,'Household Items'),
(6,'Food'),
(7,'Transportation'),
(8,'Health'),
(9,'Kids'),
(10,'Pets'),
(11,'Subscriptions'),
(12,'Clothing'),
(13,'Personal Care'),
(14,'Travel'),
(15,'Entertainment'),
(16,'Technology'),
(17,'Charitable Giving'),
(18,'Investing'),
(19,'Debt Payments')
