CardID,Account,Limit,PIN
3553394739569566,AD9413090105NCMC3VM1EDKD,100000,4801
5108759701882616,AD9413090105NCMC3VM1EDKD,100000,3395
5610448283291799,AD9413090105NCMC3VM1EDKD,100000,7989
6767194131657216,CY9215826814N5WF0EAUVLRJNYEP,100000,7879
490512906359513746,IS467634787117169699889043,100000,5203
67629884540120505,CY12037553938HANCACNARCJXUQ2,100000,8448
5602214913961221,PT07106690676316508649610,100000,6919
3585389241553134,FR45266161274652TMVIVPQ5L01,100000,0603
3553021434179678,FR45266161274652TMVIVPQ5L01,100000,4605
3539594910319199,LT696654847411372478,100000,1577
060487097042830945,SI97275105530910376,100000,0152
4913496706825070,ES3876567973341776820457,100000,0855
503842127260007436,PT29499781625205195427425,100000,3504
3549364286215787,SM79Q3694121719TOU8ASQA0WSB,100000,9663
3551717138112475,SM79Q3694121719TOU8ASQA0WSB,100000,2723
3560851130210885,AE953455736311284747558,100000,6213
3532729689299365,FR1502944963172WZYK2TOUP756,100000,9346
5144878953176703,FR219161520100MAECISS28QI76,100000,2092
374283710655978,FR219161520100MAECISS28QI76,100000,8808
6304186574414609735,FI2219198455116224,100000,6155
3543227276454094,FI2219198455116224,100000,4291
4936136691960130197,BH80CEBOTKLJM2BUKX42VF,100000,8056
3556692059098273,FR980228933378SS3VLX9UACU28,100000,1172
3534778381727627,FR815550418281TQ84CJY8Q0X83,100000,4732
3574671817835992,SM83P90892886318JNTNUYDHWF0,100000,1827
36991258804572,GL5255650205989485,100000,5430
3567884420394112,KW85AYMHPBVBCVXTBEXRORUCADITVV,100000,0597
3550002078422221,LV27TOASEFYALHPH5RNMJ,100000,4318
201460557761601,LV27TOASEFYALHPH5RNMJ,100000,1741
6759278077429969,AL8021214616W9VCCKPNSEDHIGBK,100000,4562
201694443691883,IL757842282767511621870,100000,4955
0604208558230577674,IL757842282767511621870,100000,2829
3545214934208144,IL757842282767511621870,100000,7445
3574144298800935,IL757842282767511621870,100000,4345
4913940061704347,CR5710841972545014452,100000,4346
3581054556496048,KZ10710KAXRKBV4ETOSD,100000,8410
3557574175422240,KZ10710KAXRKBV4ETOSD,100000,8478
3581209164061929,KZ10710KAXRKBV4ETOSD,100000,6747
3550949620549275,KZ10710KAXRKBV4ETOSD,100000,8494
3539415381991003,FR023968166162QFMI9LTRFYP13,100000,4234
4844992399530799,ME70575675621862483580,100000,8902
3529472894383931,HU78408361769375686963905817,100000,3737
5038740113738278,FR866323816569TBEYXL0UTTS96,100000,4151
5002352740179686,BG38CTRP707888CHJO8ZXK,100000,3206
3549323678371269,BG38CTRP707888CHJO8ZXK,100000,9203
5602239865489699,SI14540525320707650,100000,1830
6331107991319781,PK06PYDX9IKDYX2W6BCBMLX1,100000,2272
6759479480860507,PK06PYDX9IKDYX2W6BCBMLX1,100000,0118
3577792074504605,MC252479540832T14TYUTCAJX17,100000,8340
3560778843290989,IS928892874631938551679674,100000,7497
5602252148308313402,PL43281800397501597971052578,100000,5188
3564290435393557,AE208442104089089423018,100000,2048
342813972450376,AE208442104089089423018,100000,3490
5038050721609766,FR794576365824OBDHH9XQU3Z48,100000,4923
3552214792903331,MD02BZL3BAJBVBOSVTVUCZLH,100000,2299
3552307858932689,DE42771744757544870860,100000,4253
6759791248221529806,MK76101XO6RF8MT6N44,100000,3735
4175002257416617,FR8885856433902PFBER7MY9W00,100000,7502
3567677630072431,FR8885856433902PFBER7MY9W00,100000,2411
30020475989275,PL48063123299606189735634665,100000,6085
6333260678108171,LI94577706TCILDNRABOC,100000,5313
0604621349629116,LI94577706TCILDNRABOC,100000,2480
493651543509687982,ES7295078258162113141744,100000,9284
3568556781170070,MD730CGGIQL7X7HD8J48NWXZ,100000,6599
4026846817407651,BG13JEIC509423NAXUKOLW,100000,5336
4844799801048777,NO8650701288944,100000,5536
342533470423630,ME06010270545643065544,100000,4185
3564155171648292,ME06010270545643065544,100000,0682
63046335544247343,ME06010270545643065544,100000,7669
30023680009277,MK885706QX8UYFKTF20,100000,8617
5108757155064335,NO2855437598422,100000,0419
3577211324914126,NO2855437598422,100000,6150
3555756025293440,NO2855437598422,100000,4077
503820145758726032,LI2033561S5WMFJ5ZBQZX,100000,8578
3571614843598856,FR6770020963208J1UCIEIWYZ93,100000,7270
3556439484402054,FR664530848066PZS7RTSBPDX82,100000,2196
5137661735748273,RO38TDIXDHGRSSBIIEBSAHNZ,100000,0574
5602228333040291816,FR666537258783X8OMC04VFTC42,100000,8496
676120792052315177,FR666537258783X8OMC04VFTC42,100000,6552
5048371680941778,FR666537258783X8OMC04VFTC42,100000,3152
3563572642250030,FR666537258783X8OMC04VFTC42,100000,0313
3576610069377319,KW60GHNXNSHUOVNJSBVP2SQ00JCM0P,100000,9860
3571643759388101,KW60GHNXNSHUOVNJSBVP2SQ00JCM0P,100000,9282
6304809399264781,KW60GHNXNSHUOVNJSBVP2SQ00JCM0P,100000,5352
201683530275072,HR2750206937399363641,100000,1622
201925489518964,HR2750206937399363641,100000,3936
201884412108924,LI6447144YSY4Z7BZZZRK,100000,8855
4175009407469511,LI6447144YSY4Z7BZZZRK,100000,2552
374283451677330,FR9782327987451AYUC37U0EF51,100000,0394
6767540646214366,FR9782327987451AYUC37U0EF51,100000,4043
3580893207036021,LU51482S5LB0GJSVOYPP,100000,8389
6762997204935219529,SI74825760997584571,100000,7461
5167992862040033,MC574513984017FXNQQKOYBLQ33,100000,2930
560223473112182178,BA038977631439091374,100000,6496
633375903429124944,PL11799872834331665811266572,100000,7858
3529533658167297,CH584827884PGVRUBCRFO,100000,1048
201538989464173,SI16655849116473450,100000,5121
3565287306526876,FR415369337789HNEDLEYCLTX34,100000,6924
3531461412798239,FR262813619748PNCVTCELAXG12,100000,9794
3555815356453765,PT32784241761371374262171,100000,6085
6383086381009391,PT32784241761371374262171,100000,6381
201792371533919,ME97661623675960265882,100000,7897
3581540990708865,FR555370117262M8MHCS4TW0778,100000,9157
6331109900208395990,TN5478612701002964205356,100000,6092
3547490595785665,KW82KSFYM4YY93ESZGLAMCNATMMBIG,100000,7166
3559732301846942,PL89877171017396818184443026,100000,4492
3564063436844377,PL89877171017396818184443026,100000,1308
5100146712035293,PL89877171017396818184443026,100000,9269
30549324439546,GR560395974CG6TT9ZR8OFADHFE,100000,8956
5610217921553807,GR560395974CG6TT9ZR8OFADHFE,100000,3530
3573380930667206,FR695430719047MSWFWEIHCAO18,100000,2362
4017953136275818,GL4455269002179975,100000,5678
3541279983379652,SM04O2872816220NX2CRTU1F91Z,100000,4262
3588458889501098,FR2505908882660FTQILUB4R861,100000,4488
201700067098907,CY8714298070SW8FV1GLHBWSTKYO,100000,6367
201935579571104,CY8714298070SW8FV1GLHBWSTKYO,100000,5715
3589510138564696,FR433271943275Q7IKGEEUQOE62,100000,0629
5602244706896720337,KZ57817DZXUEGJAWDPRF,100000,5146
3532938273718587,NL78SXNX5876067470,100000,7675
3540590875582463,PT76725017952203419820774,100000,0959
6384674598254485,SA4941E7VC2BUJG8DVLMIUB9,100000,8666
6331106877678674,MK88922HU8SSC0WM810,100000,7644
5610255888291888,MK88922HU8SSC0WM810,100000,1287
5007668428035360,CH1618474PWEBI8QAGREI,100000,6061
5108750075338087,HU87667080640745192379770387,100000,5519
6767902773326522,SE0410756440958840317925,100000,3376
201489072724521,RO18EUJTUIXL9GMIVTAD47EI,100000,5972
670671603610193954,RO18EUJTUIXL9GMIVTAD47EI,100000,2108
3583578364934657,RO18EUJTUIXL9GMIVTAD47EI,100000,8240
343909198397190,FR1549583566069TR1N2XWOYX34,100000,9039
30058474947456,FR1549583566069TR1N2XWOYX34,100000,8253
6767820027863876966,FR3481428835649QEVERDZJYP38,100000,1286
5641825278050780,FR3481428835649QEVERDZJYP38,100000,0509
201876402720486,DK6058517087729622,100000,6998
6376426678029950,LI9457531A6YJLWIJKNSQ,100000,8090
5602227143912723,NL76JNXX1868440926,100000,0935
3573157562013853,NL76JNXX1868440926,100000,0438
30478020009637,GI83NEWZEVPW4UU7XMWZ0HZ,100000,3705
3585287530211333,MD45BCMPTO0A8JEWCMIMULCR,100000,5949
4903538064476957152,IE51AAOQ21828404077999,100000,1986
5641829108019536,BE14175804407331,100000,5510
6771162572428662052,AL5959600739QLBVKSV5UR8L5MCU,100000,7978
3530438561645065,TR0759790QLUOZUYZBIF6LUMC0,100000,2465
30138132384134,TR0759790QLUOZUYZBIF6LUMC0,100000,3447
3563089009427127,IE42UTTQ67174907923500,100000,6144
3560589707443451,LB112232GXFEIRUSUKN8WRUCRGQM,100000,9380
675986042527240443,LB64197862DLT0DLQ7H8HKJHW7CI,100000,9109
337941412381054,PS08YUQBD0QXSCE7LOYO3WEIIFHOA,100000,1412
5602221562485451,BG96DUOA015893RAOVD5AK,100000,4542
201442223382392,EE386688945979336861,100000,9542
3570797197535920,GT83QMU2BFPVMOYQBSZ9SLMMIWW3,100000,7613
3543194078824561,GT83QMU2BFPVMOYQBSZ9SLMMIWW3,100000,0402
5100135023838404,GT83QMU2BFPVMOYQBSZ9SLMMIWW3,100000,5380
3552367783051690,FR5041164036327DMV1CRBHOK58,100000,1948
4041370464128149,FR836087418377IWU8PVEGDVU13,100000,7034
5018413101912508490,FR836087418377IWU8PVEGDVU13,100000,3318
3536046119918928,FR836087418377IWU8PVEGDVU13,100000,6287
3555556511347084,BH54PCIVYK9ZY4NPXRS8O3,100000,0159
5602244196558536090,GR665961948ADBSX9QJRLACNGCS,100000,0085
337941822931886,BA930876333848218316,100000,4143
6370290067933537,BA930876333848218316,100000,0865
30242870366251,AL0870006466BDDYHJJGOUMQB7A6,100000,7374
3558984929137706,LU70851H7LSUB3GSRLFG,100000,2866
67590346725161592,FR5013365821287GQMMDD6OLU83,100000,3722
3541704430311958,IT95C5136669136DOMHUVNPWXL1,100000,8555
5100172682771758,BH67DBGDTWOO98T1IIB1GE,100000,2091
3561016057060361,BH67DBGDTWOO98T1IIB1GE,100000,3152
374288548540334,AT226036253155779986,100000,8545
3551790106466207,DO65YOCL31275685388452922839,100000,8560
5007664904066359,DO65YOCL31275685388452922839,100000,5908
6392697644882868,DO65YOCL31275685388452922839,100000,4526
3549672342730023,KW59IMZAU6XRJDDOMKHUQXXXQNGYBX,100000,4776
3589641674323286,DO39GE7C12482803957849368595,100000,1931
4405851075872225,PL02388355872187260826304548,100000,4037
3575808837919666,LI9802427CPUSD02PMERA,100000,4609
374288801323436,GR522354528C95EVZDAXCLHWO6W,100000,5794
3540442159744098,GI02OSMLZCVPC3LI6P7EZUF,100000,3774
4936031850983889,GI02OSMLZCVPC3LI6P7EZUF,100000,3315
4508734851113285,MR2368945812321419374551561,100000,1608
372301630023994,MU38SPRZ6561085529865602003KQY,100000,0619
3582258343182402,MU38SPRZ6561085529865602003KQY,100000,8651
3577210518974979,GL5292163970877711,100000,4644
3557124256544072,GL5292163970877711,100000,7944
3556133444573829,BG10EWTB1413962P6E6CZJ,100000,7348
5100171514854535,LI9151289N8ADOGNRY7JJ,100000,1710
4175005092637503,FR044345369650K70UZEP1PLB38,100000,2026
3536857301814422,AE791992291992682614433,100000,1531
3560533611043155,AE791992291992682614433,100000,0609
5602218278991996,AZ32WDFXIMHARYKZEWVKS5QG5GQ7,100000,1921
5602254203535570510,KW22OLNPISJDMT4SNHFR0DSPN5ANKQ,100000,6971
3539066630670524,IT92R5558006844U0FADCFZP08W,100000,0951
6331106450111040559,TR0242141JKJFDPUYFQ4BG1CHR,100000,7614
5406702906298872,TR0242141JKJFDPUYFQ4BG1CHR,100000,4210
3543794715217713,PS04VYBCQPFJWHXPFFNWDRHMH7Z9E,100000,5436
36197795928706,PS04VYBCQPFJWHXPFFNWDRHMH7Z9E,100000,0750
337941748367025,KZ08583RLSRYBXSZMLZ4,100000,8647
3574341136776802,FR654459310157FSFJXHSE1FU24,100000,5450
4936028390064290301,BR1205660151330024495652954UY,100000,3648
3529196226076638,BR1205660151330024495652954UY,100000,4907
3570660567240895,FR8531903426929BVM9A1DXCW93,100000,9346
3572953643603667,FR8531903426929BVM9A1DXCW93,100000,5128
5586602840946812,FR8531903426929BVM9A1DXCW93,100000,1154
5610386012516757,IL864925811367077730271,100000,2204
633110251712443179,LV72XXYBH0G42VAO1QZAS,100000,6978
3555898894129089,GB48ENOZ97260071015756,100000,4967
5048376474635551,GB48ENOZ97260071015756,100000,9082
0604745800328270,LT686535476410631841,100000,6703
5602212368880656,LT686535476410631841,100000,2054
5602247270174442,LT686535476410631841,100000,3261
5038110163419684,LT686535476410631841,100000,1902
4844922553266021,MU79EOTT8963977338902634213BSU,100000,8534
3551441891970884,FR241647887802ACKVGEEEQZM87,100000,1600
3531089295124767,DE87413056918276489411,100000,8984
3539354960643109,DO692LOA24615275459286419733,100000,3390
6304908093085276,TN9828137049969786960962,100000,6433
3573973616285515,SK9128096539431151563108,100000,6414
376208042078316,AL33908744009C521XY5QXTPUATG,100000,7059
3532918720961576,AE236837503028130721519,100000,1405
3561986651645009,AE236837503028130721519,100000,7907
56022521221573505,AE236837503028130721519,100000,8004
6372142424651435,ME30014423925934878853,100000,5854
3566289300276739,CZ7501037659587135778487,100000,1535
3555712824190303,IL786557961952878739199,100000,7154
372301276774066,CH6793171T2FIYUY16UEY,100000,6899
50208359548162556,AL7735553150TGPITLB0SYRDI9PS,100000,7142
3573734051746506,AL7735553150TGPITLB0SYRDI9PS,100000,4593
348550514742902,AL7735553150TGPITLB0SYRDI9PS,100000,2886
3556756284625208,HR2046564264198251845,100000,4901
3528434935236016,LU67780AHKNQAGUVIQCQ,100000,5185
3543693756710794,LU67780AHKNQAGUVIQCQ,100000,0056
337941460841736,DE26201314004591017445,100000,9741
4924094525133,FR618914331395Y2P7V6AEBDG70,100000,0037
3535306234789047,FR880802642577SKWA7FFSOSY93,100000,1431
5602213295387682,CH40257354COC2G42ATEJ,100000,3790
3544735881472078,LB3423188JABVMUC6GSTMJQWP8DR,100000,0724
5100136466129871,IL930759747392977098228,100000,3254
3575551734142020,SM21J8226711495E7QWVSFSIA8R,100000,7558
5290687997575909,SM21J8226711495E7QWVSFSIA8R,100000,4337
503846328185810252,AE669617962979556956338,100000,8608
6380286951644840,CR5054394223774342612,100000,2540
3537072603817029,CZ4978198580333176676814,100000,9081
337941456031631,KZ79698SAMINRDWP0SU3,100000,1066
3539294115597349,IE51HMAU92310220433666,100000,2140
345925527155909,LB020531YBRENLULG71HLYYHAJFW,100000,3494
5489581856353675,BE73412981269660,100000,4524
3528241879383401,BH89XBHG5UNJQVF7DMBYNQ,100000,5634
3565766718930313,FR852149528972WKYPXKZBV9783,100000,0038
201637817749381,FR852149528972WKYPXKZBV9783,100000,0009
5112376173452705,FR852149528972WKYPXKZBV9783,100000,1674
6331100747082383116,MD127KRR5IDXVHDKKSBDCYLZ,100000,2424
3580408888742837,IL240866025059159431398,100000,8308
5100147004086317,IL240866025059159431398,100000,0360
3576049661406996,AD3436784333NJ8STCMDIPRF,100000,3653
3546116859654138,FR355719122719UPWYHQHCWEX12,100000,9462
4508933649001469,FR355719122719UPWYHQHCWEX12,100000,2937
4041591175763656,FR355719122719UPWYHQHCWEX12,100000,8499
5610067228254421,CY9873342199LFMKFAYXM2EDQHLW,100000,8538
3559765878844429,IL954780099934615738624,100000,7502
4041595692673488,PT79958979704247087374884,100000,1442
5010122278903983,SM78N7809963212KRCYTRDYPGBA,100000,4419
5602241383625549,SM78N7809963212KRCYTRDYPGBA,100000,2402
201906897724188,SM78N7809963212KRCYTRDYPGBA,100000,9220
3575587928104996,SM78N7809963212KRCYTRDYPGBA,100000,4578
5610872536450813,HU68784313704422979806045343,100000,7975
4175008933060299,FR545626506435USBYMLJZW4T92,100000,9222
6709747392658693,LT020042583090022848,100000,8840
3571392599113093,IT12D7367339631MYHBUZNQDQFH,100000,1234
3541682108460002,IT13H2361404392D7MFDQT0IDVL,100000,3415
6706517282942280,IT13H2361404392D7MFDQT0IDVL,100000,7596
5602237600029556,IT13H2361404392D7MFDQT0IDVL,100000,4295
3532915747256956,DE24606440803858670949,100000,0157
490535834198647843,CR6208159620834962189,100000,3965
3579848570877271,PL66688800934580256377748627,100000,7792
337941399118552,SM15Z7626700133IYW0DGUTCR6Q,100000,9539
201464450985689,CR4377281577857817397,100000,7723
3559147067805463,CR4377281577857817397,100000,3727
30541970311376,MK41477DOYFWAI1W659,100000,8327
56022197697919900,MT29TBTL85012OVGSQ22YFNLREHDKPT,100000,7402
6393403339013169,BR7237078533304381976578605ED,100000,0158
201897421684594,SI24995381014793617,100000,5223
337941191346898,DK5795947186416720,100000,7752
201871826889165,AT081187867286884882,100000,1878
3568739207341372,AT419337944819836915,100000,6024
3567625567263796,LT072751014736594693,100000,0742
3546505298559595,MR3684476395740706147116764,100000,8026
30393985467417,FR5894022872945ACYX887VOH23,100000,7892
5602259369645018,FR5894022872945ACYX887VOH23,100000,0675
4017953976643471,PT13236191257141033561499,100000,9375
3542161795731263,PK16OVGG5TABA3XNX7GFS7OG,100000,4601
3574851367168305,BG80BGKW2232103ST3GTY6,100000,4331
3532482557940773,GB40XYTB95618940277915,100000,2127
30363130279454,GB40XYTB95618940277915,100000,2929
3543332239210060,GB72MTCS12171466615466,100000,1156
3536871701148885,FR828083090168ET6ILTDQURN59,100000,4397
3535979670682544,FR828083090168ET6ILTDQURN59,100000,6648
30272751883421,GE75WE8521088818461588,100000,5470
50184631578714243,FO5917849755420235,100000,7207
6304947984178421641,FO5917849755420235,100000,9021
5602223816517535,FO5917849755420235,100000,7506
3588711601876176,GR861288206OLQH2DAHVAN1RZMH,100000,4626
3535458708599459,GR861288206OLQH2DAHVAN1RZMH,100000,5357
5108756596938008,RO30KCWCK6YFATZUPK1JDJSU,100000,6537
5602245322302652731,RO13UPSSRHMVA84JH0TPPTVX,100000,5976
201471156238123,RO13UPSSRHMVA84JH0TPPTVX,100000,2105
30593533394787,RO13UPSSRHMVA84JH0TPPTVX,100000,1316
5007662396982240,LI4086518PKMEK1TNNUIG,100000,0936
4913989043105958,NO5707298372619,100000,3951
3574393632639570,NO5707298372619,100000,1305
5602241511548894,NO5707298372619,100000,1559
3532560116478284,TR7857618UXWCWBI4V4IUMMBD5,100000,9911
5602247886487998,BH28EQZSLZB0CFICEYOZHW,100000,1985
5100170422841238,BH28EQZSLZB0CFICEYOZHW,100000,4873
5100170414589449,IS854519170803540031159058,100000,5018
5007663568060773,FR768052907885WGR8C1JBYOU54,100000,1258
4917908874437062,FR768052907885WGR8C1JBYOU54,100000,1999
3528832945382425,IL706407341573205473112,100000,9801
3552407928105017,MD62NVLXRWUOQ1BVDGBQ1HOW,100000,1269
56022552842899359,MD62NVLXRWUOQ1BVDGBQ1HOW,100000,8022
3562871938426796,CH0777012CHPF0RNYLH5D,100000,5906
5410343059293883,FR614281571412VPU8P4TMHZR26,100000,5455
3578666434900506,SA95663L8AYYQFUGNYDUDYGY,100000,4607
630415802112588969,FR718643467428HIJYLT8CYGQ82,100000,9630
3530390298801232,LI7115490UEKKHC5HEOMC,100000,6798
30587739757318,LI7115490UEKKHC5HEOMC,100000,3540
3558152436514375,LI7115490UEKKHC5HEOMC,100000,4220
5007662463671080,LI7115490UEKKHC5HEOMC,100000,6010
3531047221318085,PK52YQMIKKNXKJTPECSBKECZ,100000,8142
630466977812649846,RO24FUJYCNJEVRWWMVTOBVYT,100000,1890
5100130316698391,RO24FUJYCNJEVRWWMVTOBVYT,100000,2582
6706190876729180,RO24FUJYCNJEVRWWMVTOBVYT,100000,4805
3573016604085057,RO24FUJYCNJEVRWWMVTOBVYT,100000,3074
36883221870121,HU58313167784880213722880914,100000,4334
670961789007380152,HU58313167784880213722880914,100000,2332
6385599299408289,HU58313167784880213722880914,100000,1863
3543698021611347,FR823591936920GRRQXKU19RZ41,100000,9866
6381488148018818,GR468571309BMGLC5BMOONSZWQT,100000,1846
3538317776502331,NO7274412447600,100000,5954
3536826050906440,LV70QKFNXIINGQFGQWTS8,100000,3024
6331109721315501,AT656820572156158682,100000,3011
374288887183001,AT656820572156158682,100000,0994
3578353177470910,DO09YBQL07479057498667250098,100000,1625
3534636586048266,MD352HZKLXD7BFBSGKEAUTNZ,100000,0813
3586262122870274,MK2390315VYRI0CKX34,100000,8194
374283878441294,LI9371923OXAYHIGPTSWF,100000,4295
633421013118643727,FR919332503670XLIEN3EAJAP79,100000,6728
6763972705059396,CH9064317NC6X7QUDMO5B,100000,6468
5602251303356596,AZ66GLLCMWGFFSKTDRD2WLKPHLEU,100000,4045
67097230789751506,AZ66GLLCMWGFFSKTDRD2WLKPHLEU,100000,8662
3578105177031666,PT49707589011545865450544,100000,9490
3567950627852317,DK2320762204856596,100000,4433
630400174515878968,DK2320762204856596,100000,9009
5007663874216994,DK2320762204856596,100000,2454
5010124438475639,CY95098509140KUMVLON9VLJIQD8,100000,9291
5010123535243734,IS720835397310571562917668,100000,8149
3566823768463551,KZ5999506HVXYZY3JUJI,100000,9252
3555643814930319,DE88503433710437310817,100000,4168
5269572745814429,AT678813955725840852,100000,4168
3579031528447311,AT678813955725840852,100000,8485
5602220335291444,AT678813955725840852,100000,2041
6374543828470801,MU31ZXVS5616427840984886555RWZ,100000,5489
4891152822522,MU31ZXVS5616427840984886555RWZ,100000,3800
3587009563414289,AZ64HEGTJCSUZBLP4MODQD5TXA2Y,100000,3448
5602221814850775,SA82871FSUT7YMRSB9HYZFRQ,100000,9172
30437030911695,BH58MVVMELSVPCFDSZUQT8,100000,2160
4917363302243338,FR3141806374742YTJQIW8M8V61,100000,0187
633110461488373316,HU15831059445261419254720391,100000,9523
201807471240148,FR236631003080GIYTWDCWVFH78,100000,0461
201466716034327,BE55191200578333,100000,6336
4041592949899248,SA3362YUBLXWH0QPSXXHHUFK,100000,9416
4041591480005009,SA3362YUBLXWH0QPSXXHHUFK,100000,3570
561056291807543623,ES4028147503081363996112,100000,4569
6767340925530751911,KZ64703VA9TXWV1O4CUM,100000,5991
3587954185098582,LV98EVGAVWCBKYEZOLKU9,100000,9537
4017951322870830,LV55XFBII6FKFXSK3PXAU,100000,7537
3574236058941261,FR390919493726CUBB0X2AUQD94,100000,2771
3531499176825913,FR390919493726CUBB0X2AUQD94,100000,7094
3563981450780063,ME65998433026079128554,100000,1515
3539200020844700,FR938173448585BAIZQZ14X8G91,100000,9205
5020740998434993,BH97ABMEE8WLEVCLROPPPE,100000,5565
3528973368519406,SI14376102936075049,100000,9589
675935640797904986,CZ7345444139802983588544,100000,5025
346887149054630,HU90888651622857489620287790,100000,7237
6761073136434134,CR3363379287437459602,100000,7351
201486478168055,SA7921PAVZLGBPQUVNDYCZNY,100000,2151
201780737200703,FR9031821508967Z4A0EKZ0F802,100000,3375
5007668691876706,FR9031821508967Z4A0EKZ0F802,100000,0161
30309602894510,ME17166678628475535698,100000,1704
3574430646269877,AZ82SJGCNRR6QR1HB8PBWOX5UT7D,100000,5115
5146148763553915,AZ82SJGCNRR6QR1HB8PBWOX5UT7D,100000,7219
6763486701335736610,FR263097337494WTJNN9YCWBB79,100000,2438
3577066630990073,FR263097337494WTJNN9YCWBB79,100000,8497
5048372469871707,FR263097337494WTJNN9YCWBB79,100000,7001
3574664327552736,FR554239335295BIZEUWV3CFF55,100000,8660
3546076970759473,FR554239335295BIZEUWV3CFF55,100000,7028
3583004616511474,FR554239335295BIZEUWV3CFF55,100000,2212
5007661759192421,ME47023169616824130549,100000,2921
4970734237886645,FR984154852590FLGU1CSXJNA08,100000,0322
5221151192558784,FR984154852590FLGU1CSXJNA08,100000,5511
3569940716186238,MK607269Y52K7L4HG42,100000,2909
3560594998942898,DK1296358774419108,100000,4967
676222519979772876,MT96UJMO84351ISUKDQAC1BVUSET7YZ,100000,7758
372301690933116,MT96UJMO84351ISUKDQAC1BVUSET7YZ,100000,9472
56022430333252562,FR067220098632VIHYMPBGS8E97,100000,3294
3549108192254905,DK2114195689978254,100000,1381
3546529031304036,DE14729572230611752366,100000,8514
3585479703863566,DE14729572230611752366,100000,6710
3573882586442859,LI2942803QDOD3E000JXV,100000,8152
5509951571829125,FR746574562519JBFAYYCZ5KX70,100000,0343
67622767188193297,FR746574562519JBFAYYCZ5KX70,100000,9376
201898839031204,FR553701618541DD6XFVKOG0J19,100000,7783
5007667859573840,LB941675UDL4DF8O5J2L71XJLEFK,100000,3339
3535505667385492,LB941675UDL4DF8O5J2L71XJLEFK,100000,1125
4917199449935562,LB941675UDL4DF8O5J2L71XJLEFK,100000,3213
3580673753187158,GI75AYZZSTSK4O602XYWK5Y,100000,4098
6391983312754527,BG40TPDR774015VYLUI0BM,100000,0797
3587022624529201,GR610161458JIHV88MPLUUKPWJ5,100000,2202
30108369393462,SK8004144805657907594151,100000,5083
5100175311626657,NL16YIIT3067429023,100000,5161
4026168701358811,FR303288991256XXMQKCMLZAD26,100000,9351
5602231806466985,HR2684646346109894181,100000,2241
30507665619126,ME29934419048456282390,100000,7771
374622254755167,ES6345491053851602647405,100000,5329
6386552051233865,ES6345491053851602647405,100000,8740
4936667853462320,ES6345491053851602647405,100000,4438
3545273067569011,ES6345491053851602647405,100000,5077
3584140514229402,FO0906938323937245,100000,4628
3563045436411696,FO0906938323937245,100000,7210
30338535439838,ES1439225274313147027314,100000,2238
5100142559064207,ES1439225274313147027314,100000,5617
0604041071005273611,AT671585863609047907,100000,3504
4041593122344,SA5545H45I8QO6OZPKC1AJ1H,100000,2796
201972263539170,SA5545H45I8QO6OZPKC1AJ1H,100000,2795
3564856699217243,BG60XTTX845800OI22AMHG,100000,8831
3563876262083138,BG60XTTX845800OI22AMHG,100000,4530
5602258887432917,BG60XTTX845800OI22AMHG,100000,8028
3575024068202711,PS73OBEGHFSEYBLYFMH8L3QPGVQC9,100000,6564
3553078128212686,MK238558E9MGV3EF749,100000,2567
3540449054015490,MK238558E9MGV3EF749,100000,8193
3542513331087511,IT56S7325864523V7YMRWOSUY1J,100000,3448
3533919127479005,IT56S7325864523V7YMRWOSUY1J,100000,3916
3585750022489139,KW34WPWJBK15F3I0MTKUOEIJI89LLT,100000,0206
5602218678696641,SK4311453993730578618418,100000,4405
5479180955914081,SK4311453993730578618418,100000,6833
3529793426069197,CY5122402135SHM0H4LXR6ZNAKUI,100000,8152
3580877745030372,GE05PJ4309768640882233,100000,1730
337941801617381,PS81ZQCHDLD7M5SDZUWZNKSYSTCMO,100000,8080
6767733260832950879,AD0357942949XKSMVLBOOIBA,100000,5712
5534464937243998,SE4479248889724865310316,100000,9617
3585310205153539,SA6793YOGHIU7ALTAZLFWAKU,100000,1172
4903386786073463,SA6793YOGHIU7ALTAZLFWAKU,100000,5771
3576872727760449,AD6546708196DCNFM1FYRYWR,100000,3844
3568688788664829,AD6546708196DCNFM1FYRYWR,100000,2631
3573911343562244,PK96UAFUYAA6NVVXOQDYXM6R,100000,1634
3530393600541413,PK96UAFUYAA6NVVXOQDYXM6R,100000,7128
3558742752333580,AT406845176291948939,100000,8060
4917669978026983,AT406845176291948939,100000,9467
5602243364303971,AT406845176291948939,100000,4393
6706696296765022768,BH72VEUO4WGT154P1GOGKD,100000,1553
3531950922715824,BE78314242337572,100000,8829
67631527148008863,SE2575710596688421800564,100000,1220
3552477545199842,RS34859514741464869106,100000,8301
676361386264687784,MT81YCZR60394SJQRWKMUNVEAIDXKPA,100000,3978
36690731626616,FR1543277896585ZIK0CSQLQV29,100000,0732
374622463716745,FR521761738278VD4WOODAQLA67,100000,1529
201927261126404,AZ73BFASXO7TAC1SDXQLYB2RTNGJ,100000,5745
3569033561741479,AZ73BFASXO7TAC1SDXQLYB2RTNGJ,100000,6698
3575519605762101,AZ73BFASXO7TAC1SDXQLYB2RTNGJ,100000,8116
371585141796251,SI27477425351749407,100000,1862
633400977879960162,FR162511973191FEJLUSCLSYA55,100000,4269
3536108128898077,AT312563855247280428,100000,3945
3567677575743202,FR0871364849612TYD80JXEME62,100000,7640
3541520957231944,FR936121328389LQQGOASLWT796,100000,0287
503800593672470480,FR936121328389LQQGOASLWT796,100000,0825
3576764137500459,NL57TYWJ4684226641,100000,3969
341595365881884,NO1086289381692,100000,4535
3589646107363445,IL489787960417879635203,100000,2690
3563769379492260,IL489787960417879635203,100000,4325
50388690649230690,IL489787960417879635203,100000,5832
5100135658395506,AD9785172221O1G3LAZ3EHAY,100000,3031
6763200761697226,EE853716562864970222,100000,9284
6759219299794517,FR957095196666WZCFKX7UIOC49,100000,4376
4175002363554905,FR957095196666WZCFKX7UIOC49,100000,3382
4913255553549351,FR957095196666WZCFKX7UIOC49,100000,8263
6767827877857082,MT69HUPA88465GU9WRY2OMXLZEBAK28,100000,1660
3547567731135523,FR1177144071868EIO0XBPAQH30,100000,1744
5048376136491690,DE02655198100986171775,100000,3960
30469262367817,SA3042VLBFLEND4YGUQOFAGX,100000,4028
3584628278295957,LT515349342197999350,100000,6587
3571814317357884,GB76IQCB97160799774998,100000,9607
5010120310092344,GB76IQCB97160799774998,100000,4506
30352518363055,PS02JZSFMNUORGS30HF7NQVLWYEHP,100000,0537
67611729706410895,PK16JVLT9WUDT2GTNRJXDCWX,100000,9149
3584103437984610,BR6719619074764247260759846PC,100000,4387
675940856916705939,BR6719619074764247260759846PC,100000,8714
490512837844897032,IE64VVRQ32687269365888,100000,9802
372301279494662,PT96360701922156082244556,100000,6257
3537050793302119,SA8805TF9YHK68JRJYE64GMK,100000,1495
6333981359979097518,BR0310713915481509546647092WZ,100000,7062
3572388363262750,IL563665854804309369837,100000,9785
5048378993480048,PT54876113908975191283835,100000,0963
3579377355297703,PT54876113908975191283835,100000,7500
342438540494852,PT54876113908975191283835,100000,8531
6762881516605159,MK34727GCD89ZBFDW30,100000,7416
6304461132262878,FR052117707973ENFZR7TSHFB68,100000,0107
3582539562603800,FR266343225064PCVUZ6NADSB73,100000,3751
3579837842122855,FR266343225064PCVUZ6NADSB73,100000,2418
5220119512545337,FR266343225064PCVUZ6NADSB73,100000,5743
201407828777338,TN2192558651311039733353,100000,8877
337941914151724,CZ4646558313350058759499,100000,0747
30083460908890,BA975439577438062611,100000,4329
6759171730551302532,FR972388823743M5JPHUZ8VN953,100000,3584
3560656041219275,VG31PSVD3306916511040551,100000,4233
5108752240480935,CY32592408595KQLQUM1CG60C779,100000,2784
3540066317225425,CY32592408595KQLQUM1CG60C779,100000,7109
3544686753119117,CY32592408595KQLQUM1CG60C779,100000,3600
3542083376979915,AL0632649694SYHHMSPXSYAET4R2,100000,3649
3562070516496210,LU40354T9JDUQ2D13TJD,100000,9642
4175007220957761,IE72QVSZ87136645799851,100000,6004
5602229771444508450,IE72QVSZ87136645799851,100000,5392
3557608276398592,IE72QVSZ87136645799851,100000,1812
6771510211345444174,FR380744423606NAPDXC8TKRV13,100000,4097
3529247601509139,MU31UEWC1168158191908027236MKS,100000,7221
6762355853935057,CH6569821IBPATSHZIOIH,100000,5881
3583772372562770,CH6569821IBPATSHZIOIH,100000,1147
3563257295761885,FR273037025062NQTUZGL8HIC68,100000,4822
4017958126609405,AD9218574272NDERR6HYZMER,100000,7258
371478217100832,DE40064213356819991051,100000,6497
3574674846973685,DE40064213356819991051,100000,7426
3542046346225537,FR637609456526U9RDEVHO5CB69,100000,2099
6709547490708980,FR637609456526U9RDEVHO5CB69,100000,7542
3550342781737824,AE595235723883635853522,100000,1785
30250263713823,RS23635468475653514503,100000,4371
503867065155492265,BH68VDGEO3AQYIO5773CF6,100000,0518
6395883628580507,BH68VDGEO3AQYIO5773CF6,100000,7775
3589556676257920,GR398289153L5EKN5JL8GVUGQ9D,100000,8084
3571061771029993,FR912313790044NAWFTQTOP3742,100000,9985
5100145056329478,DE77222806807739559532,100000,1272
3580115543266447,FR569310056713SC8KZOLNQYJ12,100000,7713
6331100471451695,FR8950951953808OSTKJGGULZ02,100000,3280
3563473014654596,FR8950951953808OSTKJGGULZ02,100000,5207
4905426434615041459,FR269578997927ZXUFJFD0UIZ87,100000,3729
5602238818270685,SM67I59744507953ATHJ7DUIE9D,100000,5264
56022434586346873,LV85LQVR5CYMZNTJEAENO,100000,6533
6333245392947061,FR9236728895752YBZZQ60JCF08,100000,3059
3563748289324086,VG35WZDA4882933705963825,100000,5748
3563591453268030,FI5111950414945047,100000,4496
5100179793661174,FI5111950414945047,100000,8968
3529515235448712,FI5111950414945047,100000,5559
3556834589748197,FR156859604172LTRQ0ETNXXL69,100000,6323
347151695078074,FR156859604172LTRQ0ETNXXL69,100000,5860
3528436246068285,FR980951897243NIURNICRP1L79,100000,9327
3536880409955343,FR980951897243NIURNICRP1L79,100000,2223
6761258418333043,CZ5240340767680109789049,100000,6674
3575232728860733,RS27535419511289380411,100000,3217
3565898356604239,RS27535419511289380411,100000,1733
5602243091084732977,KZ22464M1ORDJRMKIJGA,100000,7769
5550115642427743,KZ22464M1ORDJRMKIJGA,100000,7839
5508983801098859,PK91LXHIO89K2LVOSOZPAQWO,100000,3770
4026799844293570,MR2233184551320834197541398,100000,2186
30154537228438,SI90561448213410524,100000,1876
3531018699110411,SI90561448213410524,100000,0442
