1,0604041071005273611,1160,45,31-5-2010
2,0604041071005273611,1570,54,21-12-2016
3,0604041071005273611,290,82,7-8-2016
4,0604041071005273611,1960,2,13-4-2010
5,0604041071005273611,2040,60,6-12-2017
6,0604621349629116,530,10,9-10-2019
7,0604621349629116,1420,44,20-6-2014
8,0604621349629116,1830,85,16-7-2009
9,0604621349629116,1170,2,26-3-2014
10,0604621349629116,1110,54,3-7-2019
11,0604745800328270,700,61,10-3-2020
12,0604745800328270,850,52,18-10-2012
13,0604745800328270,1250,8,18-12-2008
14,060487097042830945,90,19,17-3-2021
15,201407828777338,900,46,10-1-2015
16,201407828777338,2060,45,6-6-2021
17,201442223382392,1030,18,1-4-2019
18,201442223382392,970,74,23-4-2018
19,201442223382392,1300,69,1-9-2014
20,201460557761601,980,40,4-3-2012
21,201460557761601,540,18,27-6-2009
22,201460557761601,1230,40,8-12-2013
23,201460557761601,630,81,4-6-2010
24,201460557761601,10,58,26-7-2017
25,201464450985689,1540,21,30-9-2013
26,201464450985689,1660,85,27-2-2015
27,201464450985689,2030,50,19-6-2010
28,201464450985689,360,85,19-11-2013
29,201466716034327,1110,62,16-5-2017
30,201466716034327,2180,13,10-10-2011
31,201466716034327,500,34,27-12-2011
32,201466716034327,1200,9,25-4-2012
33,201466716034327,780,32,18-8-2015
34,201471156238123,310,63,4-9-2018
35,201471156238123,1110,10,12-3-2011
36,201471156238123,1900,6,30-6-2018
37,201486478168055,790,3,18-8-2020
38,201486478168055,2360,29,22-11-2012
39,201486478168055,480,54,3-6-2014
40,201486478168055,2230,72,22-9-2008
41,201486478168055,600,84,16-10-2019
42,201489072724521,2050,55,30-10-2014
43,201489072724521,370,58,20-11-2010
44,201489072724521,790,36,20-5-2018
45,201538989464173,2160,7,16-7-2021
46,201637817749381,2050,27,4-5-2020
47,201637817749381,620,55,27-10-2012
48,201637817749381,2050,59,18-5-2008
49,201683530275072,1630,74,13-2-2010
50,201683530275072,100,58,5-8-2015
51,201694443691883,2090,39,20-12-2010
52,201700067098907,1850,27,7-10-2008
53,201700067098907,1370,60,12-8-2021
54,201780737200703,640,31,16-12-2010
55,201792371533919,1420,25,23-9-2009
56,201807471240148,100,54,20-9-2022
57,201807471240148,710,32,31-7-2009
58,201807471240148,1770,67,7-4-2020
59,201871826889165,660,36,10-6-2016
60,201871826889165,1400,77,16-7-2012
61,201876402720486,210,16,4-12-2013
62,201876402720486,1710,86,29-3-2018
63,201876402720486,710,62,28-7-2012
64,201876402720486,1440,42,20-6-2020
65,201897421684594,1980,53,21-11-2018
66,201897421684594,1140,80,14-12-2010
67,201897421684594,2440,84,15-10-2021
68,201897421684594,1320,13,9-5-2016
69,201897421684594,530,12,14-4-2015
70,201906897724188,830,85,24-7-2010
71,201906897724188,540,39,4-3-2018
72,201925489518964,2390,63,17-7-2010
73,201925489518964,1000,84,26-4-2013
74,201925489518964,1400,57,16-9-2007
75,201935579571104,640,33,13-2-2008
76,201972263539170,1830,70,1-7-2008
77,201972263539170,1430,5,26-9-2015
78,201972263539170,1750,60,5-5-2012
79,201972263539170,60,32,18-8-2020
80,30020475989275,2330,78,8-1-2015
81,30020475989275,900,73,13-1-2009
82,30020475989275,1380,13,1-11-2020
83,30020475989275,1600,71,6-1-2015
84,30020475989275,2400,19,30-1-2019
85,30023680009277,770,4,13-12-2019
86,30023680009277,1760,27,18-8-2009
87,30023680009277,1060,5,8-4-2008
88,30058474947456,2060,79,22-8-2018
89,30108369393462,280,62,11-8-2010
90,30108369393462,1690,75,5-11-2011
91,30138132384134,330,77,13-8-2008
92,30154537228438,1340,13,22-12-2021
93,30154537228438,540,23,29-11-2020
94,30242870366251,770,8,19-7-2016
95,30242870366251,740,73,27-12-2016
96,30242870366251,200,66,6-5-2018
97,30242870366251,1840,1,2-2-2018
98,30242870366251,2030,51,1-8-2014
99,30250263713823,600,29,3-6-2015
100,30250263713823,570,43,24-1-2016
101,30250263713823,2410,3,2-7-2022
102,30272751883421,1180,19,21-3-2010
103,30272751883421,1490,51,18-8-2008
104,30272751883421,240,18,29-4-2018
105,30338535439838,1810,46,21-2-2021
106,30338535439838,780,54,30-12-2022
107,30338535439838,1450,56,20-4-2010
108,30338535439838,1550,72,5-4-2022
109,30338535439838,1530,85,16-5-2012
110,30352518363055,520,48,12-7-2009
111,30352518363055,300,23,13-10-2015
112,30352518363055,840,66,26-2-2010
113,30393985467417,2340,70,8-11-2012
114,30393985467417,700,81,6-2-2013
115,30393985467417,150,42,5-4-2014
116,30437030911695,2480,49,24-10-2010
117,30469262367817,1770,7,30-9-2021
118,30469262367817,440,56,16-5-2013
119,30469262367817,1280,57,4-8-2012
120,30469262367817,970,6,31-5-2010
121,30507665619126,2330,68,4-8-2015
122,30541970311376,160,56,20-7-2007
123,30541970311376,1030,86,23-5-2008
124,30541970311376,820,49,1-6-2008
125,30549324439546,1080,49,26-6-2016
126,30549324439546,130,86,27-9-2017
127,30549324439546,530,31,10-1-2019
128,30549324439546,2340,84,12-5-2012
129,30549324439546,2090,62,11-6-2020
130,30587739757318,410,51,5-6-2017
131,30587739757318,520,70,4-8-2013
132,30593533394787,1750,35,29-7-2013
133,337941399118552,1300,32,20-1-2020
134,337941456031631,2390,27,8-4-2013
135,337941456031631,1270,81,11-2-2020
136,337941456031631,210,18,26-2-2008
137,337941460841736,1760,9,23-10-2020
138,337941460841736,2330,59,24-8-2012
139,337941748367025,920,53,10-6-2016
140,337941748367025,1880,37,8-10-2009
141,337941748367025,1540,13,23-10-2012
142,337941748367025,1060,16,1-9-2018
143,337941748367025,1370,43,26-8-2013
144,337941801617381,1390,17,2-2-2007
145,337941801617381,1660,73,22-7-2016
146,337941801617381,420,56,19-7-2021
147,337941801617381,1730,57,16-11-2021
148,337941801617381,530,55,1-12-2017
149,337941822931886,1310,51,5-3-2009
150,337941822931886,600,24,31-7-2007
151,337941822931886,530,52,28-11-2010
152,337941914151724,1730,31,17-5-2015
153,342438540494852,400,66,3-4-2008
154,342438540494852,900,32,17-2-2007
155,342438540494852,1810,53,9-1-2010
156,342438540494852,1330,34,9-8-2015
157,342813972450376,150,20,2-2-2018
158,342813972450376,1480,48,2-5-2019
159,342813972450376,1360,79,8-10-2012
160,343909198397190,2230,13,17-12-2012
161,343909198397190,370,78,21-1-2019
162,345925527155909,1970,24,16-6-2014
163,345925527155909,370,50,16-10-2011
164,345925527155909,1270,59,7-8-2019
165,346887149054630,280,55,21-5-2016
166,346887149054630,2330,61,9-2-2013
167,347151695078074,1580,63,11-11-2014
168,347151695078074,20,86,19-11-2021
169,3528241879383401,630,36,19-8-2017
170,3528241879383401,1150,33,21-9-2011
171,3528434935236016,2240,29,7-9-2013
172,3528434935236016,1260,10,28-2-2021
173,3528434935236016,2190,75,21-6-2011
174,3528436246068285,1850,4,13-1-2009
175,3528436246068285,300,78,7-3-2020
176,3528832945382425,1960,75,25-8-2010
177,3528832945382425,1590,4,27-9-2015
178,3528832945382425,1390,21,21-6-2011
179,3528973368519406,1350,10,25-4-2020
180,3529196226076638,1410,14,19-8-2016
181,3529247601509139,660,8,4-11-2020
182,3529472894383931,1970,2,28-8-2014
183,3529515235448712,410,73,23-8-2018
184,3529515235448712,2280,71,25-2-2012
185,3529515235448712,1360,2,7-11-2008
186,3529515235448712,750,48,22-6-2020
187,3529515235448712,1690,75,29-2-2020
188,3530390298801232,780,7,28-10-2020
189,3530390298801232,840,10,2-1-2009
190,3530390298801232,1840,26,11-5-2018
191,3530393600541413,770,50,25-2-2012
192,3530393600541413,1460,75,19-8-2013
193,3530393600541413,90,21,1-6-2022
194,3530393600541413,1410,59,15-10-2019
195,3530438561645065,1690,3,18-1-2019
196,3530438561645065,200,73,28-8-2008
197,3531018699110411,70,70,5-3-2013
198,3531018699110411,670,45,26-2-2015
199,3531018699110411,970,62,9-8-2009
200,3531018699110411,560,84,7-3-2019
201,3531018699110411,510,80,9-3-2011
202,3531047221318085,1330,30,11-6-2021
203,3531047221318085,610,65,28-10-2015
204,3531047221318085,560,2,16-8-2011
205,3531089295124767,1060,5,17-5-2022
206,3531089295124767,1530,20,5-6-2014
207,3531089295124767,2240,1,31-5-2018
208,3531461412798239,1040,62,29-3-2019
209,3531461412798239,580,84,4-3-2016
210,3531461412798239,870,66,25-4-2018
211,3531461412798239,2130,82,20-10-2020
212,3531461412798239,2400,5,6-7-2017
213,3531499176825913,2390,33,11-5-2019
214,3531499176825913,2200,13,15-1-2020
215,3531499176825913,410,4,9-12-2014
216,3531950922715824,1550,59,9-9-2018
217,3531950922715824,1010,76,6-9-2007
218,3531950922715824,830,5,22-8-2015
219,3531950922715824,2490,35,21-5-2017
220,3531950922715824,120,63,5-12-2020
221,3532482557940773,920,23,17-11-2007
222,3532482557940773,1580,14,25-5-2017
223,3532482557940773,1250,77,15-6-2008
224,3532482557940773,1960,80,6-12-2021
225,3532560116478284,1190,78,12-12-2008
226,3532560116478284,2330,45,16-9-2019
227,3532729689299365,1600,82,7-6-2018
228,3532729689299365,350,80,5-2-2020
229,3532915747256956,740,58,28-10-2019
230,3532918720961576,1390,45,16-11-2009
231,3532918720961576,120,54,20-1-2018
232,3532918720961576,1190,28,10-7-2012
233,3532918720961576,2160,39,11-11-2008
234,3532938273718587,2200,36,18-3-2011
235,3532938273718587,1620,21,6-11-2021
236,3532938273718587,1770,35,10-6-2017
237,3532938273718587,1700,55,4-9-2014
238,3532938273718587,490,66,17-3-2020
239,3534778381727627,1550,42,9-1-2014
240,3535306234789047,70,65,3-11-2017
241,3535306234789047,1690,60,25-4-2016
242,3535306234789047,2290,73,18-9-2012
243,3535306234789047,830,85,24-11-2010
244,3535458708599459,1360,60,16-6-2007
245,3535458708599459,560,45,29-10-2021
246,3535458708599459,2110,13,27-3-2013
247,3535505667385492,1780,39,20-3-2010
248,3535505667385492,140,56,16-4-2020
249,3535505667385492,130,40,14-8-2014
250,3535505667385492,850,43,15-11-2010
251,3535505667385492,580,76,21-9-2022
252,3535979670682544,400,64,20-5-2020
253,3535979670682544,1570,53,4-4-2021
254,3535979670682544,1820,59,6-8-2014
255,3536046119918928,110,83,17-11-2009
256,3536046119918928,350,64,16-7-2010
257,3536046119918928,2230,55,15-7-2020
258,3536046119918928,660,22,17-9-2013
259,3536826050906440,1570,6,12-8-2009
260,3536826050906440,210,43,17-2-2010
261,3536826050906440,890,69,13-1-2019
262,3536857301814422,2360,85,27-10-2007
263,3536857301814422,1360,67,13-6-2016
264,3536857301814422,590,51,14-4-2011
265,3536857301814422,560,23,29-5-2015
266,3536857301814422,2120,82,17-8-2019
267,3536871701148885,1110,10,20-6-2015
268,3536871701148885,970,35,3-1-2013
269,3536871701148885,100,66,9-3-2012
270,3536871701148885,740,6,30-4-2012
271,3536871701148885,560,30,3-11-2017
272,3536880409955343,2390,60,27-1-2009
273,3537050793302119,1840,5,10-11-2017
274,3537050793302119,1220,83,13-7-2008
275,3537072603817029,1060,11,4-1-2010
276,3537072603817029,1300,38,29-9-2019
277,3537072603817029,1340,45,28-5-2019
278,3537072603817029,600,43,5-11-2010
279,3537072603817029,1890,49,4-9-2020
280,3538317776502331,1270,83,19-8-2020
281,3538317776502331,720,21,26-8-2019
282,3538317776502331,1860,71,28-8-2019
283,3538317776502331,850,27,13-3-2022
284,3539066630670524,560,84,13-4-2007
285,3539066630670524,1640,60,5-2-2009
286,3539066630670524,1800,55,19-9-2020
287,3539066630670524,570,2,12-1-2018
288,3539200020844700,1710,72,5-4-2014
289,3539354960643109,2000,25,24-1-2007
290,3539354960643109,2440,42,10-7-2008
291,3539415381991003,1650,72,17-5-2021
292,3539415381991003,910,20,10-11-2020
293,3540066317225425,1440,64,19-4-2011
294,3540066317225425,740,77,28-8-2013
295,3540066317225425,1490,6,8-2-2011
296,3540066317225425,1730,18,19-9-2007
297,3540066317225425,2310,41,7-6-2011
298,3540442159744098,2050,65,22-7-2013
299,3540449054015490,520,81,22-8-2022
300,3540449054015490,2470,12,17-11-2008
301,3540449054015490,340,76,29-11-2009
302,3540590875582463,1050,52,14-5-2011
303,3540590875582463,1760,47,27-5-2007
304,3540590875582463,2020,68,15-3-2018
305,3540590875582463,930,36,4-4-2018
306,3540590875582463,750,49,13-11-2011
307,3541279983379652,2070,49,5-12-2014
308,3541279983379652,10,16,24-1-2008
309,3541279983379652,1450,23,27-10-2008
310,3541279983379652,660,56,11-8-2011
311,3541704430311958,1350,6,12-11-2009
312,3541704430311958,850,34,23-10-2017
313,3541704430311958,2260,11,28-5-2021
314,3542046346225537,660,24,23-9-2012
315,3542046346225537,1110,70,4-5-2020
316,3542083376979915,1870,35,23-5-2013
317,3542083376979915,670,25,2-5-2019
318,3542083376979915,1170,86,1-3-2018
319,3542083376979915,500,6,30-6-2007
320,3542083376979915,710,71,30-1-2014
321,3542513331087511,1480,2,4-12-2021
322,3543227276454094,590,74,21-2-2021
323,3543227276454094,770,78,27-2-2019
324,3543332239210060,1120,51,27-4-2015
325,3543332239210060,760,4,16-6-2008
326,3543332239210060,1230,59,13-3-2017
327,3543332239210060,2010,61,1-12-2012
328,3543332239210060,1050,2,4-1-2019
329,3543693756710794,160,20,17-12-2014
330,3543693756710794,450,34,14-2-2022
331,3543693756710794,850,20,11-2-2016
332,3543698021611347,1220,35,17-10-2016
333,3543698021611347,1820,72,30-7-2014
334,3543794715217713,1740,40,19-7-2014
335,3544686753119117,1710,24,17-6-2020
336,3545214934208144,820,84,7-3-2008
337,3545214934208144,410,46,29-3-2020
338,3545214934208144,970,38,14-2-2019
339,3545273067569011,2360,14,17-5-2010
340,3545273067569011,2240,73,20-7-2014
341,3545273067569011,2310,21,29-11-2013
342,3546116859654138,2440,82,3-6-2008
343,3546505298559595,580,16,5-3-2014
344,3546505298559595,710,44,14-5-2015
345,3546505298559595,520,24,5-9-2011
346,3546529031304036,1510,36,13-2-2022
347,3546529031304036,2080,19,28-9-2014
348,3546529031304036,350,84,6-3-2015
349,3546529031304036,1010,17,16-5-2017
350,3549108192254905,1440,71,30-12-2016
351,3549108192254905,2360,71,2-5-2013
352,3549108192254905,2250,44,9-3-2017
353,3549108192254905,780,54,2-8-2010
354,3549108192254905,1780,9,9-11-2008
355,3549323678371269,1990,30,29-7-2019
356,3549323678371269,670,15,30-6-2013
357,3549323678371269,1480,68,25-3-2013
358,3549364286215787,2300,32,5-6-2008
359,3549364286215787,160,61,28-11-2022
360,3549364286215787,0,46,24-4-2008
361,3549364286215787,1300,43,16-12-2019
362,3549672342730023,870,60,5-10-2014
363,3549672342730023,970,50,10-12-2018
364,3550002078422221,910,42,13-9-2018
365,3550002078422221,1770,17,3-3-2013
366,3550002078422221,930,3,14-10-2008
367,3550002078422221,630,38,12-7-2014
368,3550342781737824,2290,12,9-9-2016
369,3550342781737824,700,33,16-5-2012
370,3550949620549275,1430,70,27-12-2012
371,3550949620549275,1250,13,2-7-2015
372,3550949620549275,1950,79,19-10-2009
373,3550949620549275,1940,22,24-2-2009
374,3551717138112475,1200,20,17-5-2013
375,3551717138112475,2100,29,20-5-2016
376,3551717138112475,1440,56,24-4-2009
377,3551717138112475,1830,82,23-12-2009
378,3551790106466207,630,39,5-3-2013
379,3552214792903331,810,15,26-7-2008
380,3552214792903331,280,45,30-10-2015
381,3552214792903331,2310,1,24-8-2018
382,3552307858932689,1750,74,26-12-2014
383,3552367783051690,90,12,20-8-2018
384,3552367783051690,2300,6,30-12-2013
385,3552407928105017,2260,53,31-1-2007
386,3552407928105017,2370,17,19-4-2017
387,3552407928105017,1410,45,18-12-2014
388,3552407928105017,1940,60,12-5-2020
389,3553021434179678,2390,2,21-9-2009
390,3553021434179678,570,45,21-7-2017
391,3553021434179678,1240,17,3-10-2009
392,3553021434179678,2350,83,5-10-2014
393,3553021434179678,2260,9,5-11-2012
394,3553078128212686,350,68,2-4-2013
395,3553078128212686,2290,31,16-1-2010
396,3553078128212686,2360,22,17-10-2010
397,3553394739569566,1420,42,12-6-2016
398,3553394739569566,1660,69,17-9-2018
399,3553394739569566,1410,81,28-5-2009
400,3553394739569566,1680,45,25-2-2012
401,3553394739569566,280,21,25-7-2009
402,3555556511347084,2450,50,11-7-2020
403,3555556511347084,1430,61,11-6-2019
404,3555556511347084,1810,9,3-12-2013
405,3555556511347084,410,68,4-3-2011
406,3555556511347084,1310,65,11-10-2010
407,3555712824190303,1470,27,16-3-2015
408,3555712824190303,1860,36,2-3-2008
409,3555712824190303,1740,43,15-1-2007
410,3555712824190303,2290,48,6-8-2012
411,3555815356453765,2150,57,4-2-2008
412,3555815356453765,1260,71,23-4-2013
413,3555815356453765,2240,23,24-2-2021
414,3555815356453765,2160,78,18-8-2020
415,3555815356453765,2050,19,16-1-2015
416,3555898894129089,180,58,16-3-2014
417,3555898894129089,2300,30,31-7-2010
418,3556133444573829,1400,61,11-6-2018
419,3556133444573829,2150,76,24-11-2009
420,3556133444573829,2470,5,30-11-2017
421,3556439484402054,100,3,28-12-2008
422,3556756284625208,2190,85,3-1-2021
423,3556756284625208,610,76,30-4-2021
424,3556756284625208,1670,40,11-7-2018
425,3557124256544072,1340,72,23-1-2010
426,3557124256544072,860,84,23-9-2018
427,3557124256544072,870,29,9-9-2011
428,3557124256544072,2050,43,19-7-2021
429,3557574175422240,1400,69,3-7-2020
430,3557574175422240,650,75,15-9-2010
431,3557574175422240,440,38,15-9-2016
432,3557574175422240,1200,58,7-10-2018
433,3557608276398592,720,18,10-8-2009
434,3557608276398592,1530,59,27-2-2013
435,3557608276398592,1790,36,9-11-2017
436,3557608276398592,10,13,23-7-2015
437,3557608276398592,50,37,28-4-2021
438,3558152436514375,1960,75,17-3-2009
439,3558152436514375,1700,73,14-10-2010
440,3558984929137706,1950,12,30-12-2020
441,3558984929137706,1080,75,15-5-2021
442,3559732301846942,330,73,26-6-2010
443,3559732301846942,1790,11,31-3-2010
444,3559732301846942,950,22,12-5-2013
445,3559732301846942,2190,81,8-12-2013
446,3560533611043155,80,58,13-3-2008
447,3560533611043155,770,82,14-4-2016
448,3560533611043155,1840,43,13-10-2019
449,3560589707443451,2390,67,19-11-2016
450,3560589707443451,110,20,3-9-2018
451,3560589707443451,2270,22,26-9-2009
452,3560594998942898,1250,30,14-3-2008
453,3560594998942898,630,23,20-7-2009
454,3560594998942898,1660,84,1-7-2016
455,3560594998942898,2330,34,14-3-2019
456,3560778843290989,600,4,25-10-2008
457,3560778843290989,300,52,23-7-2010
458,3560778843290989,320,9,26-9-2019
459,3560778843290989,580,6,30-1-2010
460,3560778843290989,940,59,28-9-2016
461,3561016057060361,650,62,9-4-2010
462,3561016057060361,1650,13,2-12-2012
463,3561016057060361,1220,74,28-5-2010
464,3561986651645009,2440,28,23-7-2013
465,3561986651645009,1480,13,18-9-2011
466,3561986651645009,1290,30,19-9-2009
467,3563045436411696,380,79,6-6-2014
468,3563257295761885,1690,27,29-11-2016
469,3563257295761885,1300,73,5-3-2014
470,3563257295761885,850,48,7-7-2018
471,3563473014654596,910,7,10-4-2014
472,3563473014654596,2040,72,8-6-2018
473,3563572642250030,1130,43,8-10-2017
474,3563572642250030,1060,58,1-5-2011
475,3563572642250030,1400,31,12-2-2015
476,3563572642250030,1940,40,22-7-2009
477,3563748289324086,2250,17,13-9-2016
478,3563748289324086,1570,62,27-9-2013
479,3563748289324086,300,10,15-9-2018
480,3563748289324086,970,41,18-1-2017
481,3563876262083138,2080,54,29-12-2014
482,3563981450780063,1540,82,15-10-2015
483,3563981450780063,1900,26,18-2-2011
484,3563981450780063,0,59,5-5-2013
485,3563981450780063,2310,33,28-11-2018
486,3563981450780063,1380,67,15-1-2015
487,3564063436844377,1100,37,15-3-2018
488,3564155171648292,610,62,9-12-2012
489,3564155171648292,1660,85,14-5-2008
490,3564155171648292,1910,5,3-4-2021
491,3564155171648292,10,7,4-11-2014
492,3564290435393557,1120,55,1-7-2017
493,3564290435393557,250,13,21-1-2008
494,3564290435393557,1350,28,29-4-2014
495,3564290435393557,1260,71,8-5-2013
496,3564856699217243,30,1,21-5-2022
497,3565287306526876,180,3,15-1-2008
498,3565287306526876,1250,54,24-6-2019
499,3565766718930313,10,83,4-6-2019
500,3565766718930313,2270,48,16-10-2011
501,3565766718930313,150,2,21-1-2021
502,3565766718930313,1410,62,16-11-2021
503,3565898356604239,2230,74,24-4-2012
504,3565898356604239,110,61,16-9-2008
505,3566289300276739,2470,17,14-11-2020
506,3566289300276739,400,38,3-2-2009
507,3566289300276739,940,60,5-7-2009
508,3567625567263796,1850,53,28-4-2007
509,3567625567263796,1440,44,6-4-2017
510,3567625567263796,1330,47,23-2-2020
511,3567625567263796,810,66,16-10-2018
512,3567677575743202,660,72,31-8-2021
513,3567677575743202,290,65,9-8-2016
514,3567677575743202,510,52,16-1-2008
515,3567677630072431,1010,80,3-8-2007
516,3567677630072431,2070,50,30-7-2008
517,3567677630072431,1830,7,9-2-2009
518,3567677630072431,610,54,22-12-2013
519,3567677630072431,500,83,11-12-2020
520,3567884420394112,710,46,26-4-2018
521,3567884420394112,920,84,9-2-2018
522,3567884420394112,2260,45,16-9-2008
523,3567884420394112,190,35,2-8-2007
524,3567950627852317,530,41,22-4-2017
525,3567950627852317,1420,78,2-2-2021
526,3568556781170070,2330,79,23-9-2021
527,3568556781170070,1810,29,19-10-2019
528,3568556781170070,2280,40,23-12-2017
529,3568556781170070,490,7,19-3-2018
530,3568688788664829,420,46,10-3-2017
531,3568739207341372,1140,86,16-3-2011
532,3568739207341372,2150,36,16-8-2014
533,3568739207341372,2120,33,7-8-2012
534,3568739207341372,910,56,24-10-2018
535,3568739207341372,2130,21,10-8-2017
536,3569033561741479,1700,47,7-9-2016
537,3569940716186238,2440,66,30-8-2017
538,3569940716186238,430,44,13-3-2015
539,3569940716186238,520,40,18-6-2009
540,3570660567240895,100,8,21-12-2016
541,3570660567240895,90,67,15-2-2019
542,3570660567240895,2430,47,26-2-2019
543,3570797197535920,1730,5,17-9-2021
544,3570797197535920,200,80,10-9-2011
545,3570797197535920,1450,31,31-8-2017
546,3570797197535920,1380,54,4-3-2009
547,3570797197535920,1890,73,20-12-2017
548,3571061771029993,2220,78,19-4-2021
549,3571061771029993,0,45,30-3-2015
550,3571392599113093,1460,18,7-1-2013
551,3571392599113093,140,19,8-5-2012
552,3571392599113093,940,66,5-7-2015
553,3571614843598856,420,7,11-7-2013
554,3571643759388101,1400,22,14-1-2008
555,3571643759388101,1580,68,31-5-2013
556,3571643759388101,2130,73,22-1-2015
557,3571643759388101,700,36,11-1-2010
558,3571643759388101,620,68,22-10-2019
559,3571814317357884,1350,74,17-12-2015
560,3571814317357884,1530,4,24-12-2013
561,3571814317357884,80,24,15-11-2014
562,3572388363262750,330,47,2-2-2013
563,3572388363262750,450,45,11-10-2010
564,3572388363262750,1830,20,4-7-2012
565,3572953643603667,2260,7,4-4-2016
566,3572953643603667,1500,77,27-3-2013
567,3572953643603667,2270,74,7-6-2021
568,3572953643603667,2170,45,22-11-2008
569,3573016604085057,2460,58,11-1-2018
570,3573016604085057,1870,42,29-7-2012
571,3573380930667206,450,73,13-10-2008
572,3573380930667206,1720,36,26-9-2015
573,3573380930667206,1520,73,30-12-2012
574,3573882586442859,430,7,23-5-2018
575,3573911343562244,2300,8,4-11-2008
576,3573973616285515,2210,79,11-8-2015
577,3573973616285515,40,80,22-11-2015
578,3573973616285515,770,16,10-6-2012
579,3573973616285515,400,65,18-1-2019
580,3574144298800935,1560,54,20-1-2020
581,3574144298800935,1370,52,3-1-2015
582,3574236058941261,1780,70,9-4-2011
583,3574236058941261,430,34,8-3-2020
584,3574236058941261,430,24,9-4-2017
585,3574341136776802,1920,13,7-1-2010
586,3574341136776802,2110,60,8-9-2020
587,3574393632639570,1790,75,19-6-2013
588,3574393632639570,920,53,1-2-2009
589,3574393632639570,840,78,8-7-2018
590,3574393632639570,650,72,26-2-2018
591,3574430646269877,2430,44,9-7-2016
592,3574430646269877,2430,4,21-12-2010
593,3574430646269877,1720,9,18-3-2019
594,3574430646269877,1770,73,15-12-2016
595,3574430646269877,300,30,24-4-2019
596,3574664327552736,560,50,21-3-2018
597,3574664327552736,300,41,2-11-2014
598,3574664327552736,1290,85,14-6-2017
599,3574671817835992,50,47,3-3-2020
600,3574671817835992,150,71,21-7-2019
601,3574671817835992,1000,3,9-4-2014
602,3575024068202711,1900,64,19-9-2021
603,3575024068202711,680,33,30-7-2007
604,3575024068202711,1650,22,18-10-2010
605,3575024068202711,2070,36,1-5-2010
606,3575024068202711,2250,48,30-5-2010
607,3575232728860733,1910,21,22-4-2011
608,3575232728860733,2150,38,10-5-2008
609,3575232728860733,770,44,23-4-2014
610,3575519605762101,2490,54,26-8-2016
611,3575519605762101,670,44,10-1-2013
612,3575519605762101,1580,52,11-8-2012
613,3575519605762101,550,18,18-3-2010
614,3575587928104996,150,69,7-4-2019
615,3575587928104996,1550,51,30-7-2022
616,3575587928104996,2090,34,20-7-2020
617,3575587928104996,80,27,5-3-2010
618,3575587928104996,820,73,4-9-2017
619,3575808837919666,1630,85,12-6-2021
620,3575808837919666,440,28,4-3-2007
621,3575808837919666,1390,53,10-9-2008
622,3575808837919666,590,62,12-4-2020
623,3576610069377319,510,59,1-3-2008
624,3576610069377319,1470,46,30-6-2011
625,3576610069377319,1410,29,19-6-2019
626,3576610069377319,610,33,20-2-2018
627,3576764137500459,790,4,1-9-2010
628,3576764137500459,1430,77,7-4-2012
629,3576764137500459,450,38,14-1-2010
630,3576764137500459,680,20,22-3-2010
631,3576872727760449,0,61,4-11-2014
632,3577066630990073,470,56,13-8-2019
633,3577066630990073,70,33,24-8-2017
634,3577210518974979,1110,18,1-9-2015
635,3577210518974979,2160,19,12-10-2009
636,3577210518974979,1040,74,24-4-2018
637,3577210518974979,720,86,4-11-2008
638,3577211324914126,1900,81,14-9-2015
639,3577792074504605,2350,65,28-6-2011
640,3577792074504605,1870,20,5-5-2022
641,3577792074504605,1850,42,11-10-2014
642,3577792074504605,1750,68,11-3-2008
643,3577792074504605,50,68,24-1-2013
644,3578105177031666,1550,68,23-12-2015
645,3578105177031666,1750,42,23-4-2016
646,3578105177031666,930,80,28-12-2019
647,3578105177031666,1140,64,28-7-2010
648,3578666434900506,310,33,22-7-2012
649,3579837842122855,1700,41,23-4-2017
650,3579837842122855,610,11,6-8-2018
651,3579837842122855,1070,49,27-2-2016
652,3579848570877271,1290,84,10-8-2011
653,3579848570877271,1070,43,28-9-2018
654,3579848570877271,390,6,4-9-2014
655,3579848570877271,40,27,12-2-2012
656,3580115543266447,710,11,6-2-2018
657,3580115543266447,2140,2,29-6-2015
658,3580115543266447,360,85,26-7-2021
659,3580115543266447,1670,33,13-12-2009
660,3580115543266447,310,26,27-11-2011
661,3580408888742837,550,28,17-12-2008
662,3580408888742837,2350,5,12-10-2017
663,3580408888742837,1830,85,24-8-2017
664,3580877745030372,1550,61,16-10-2011
665,3580877745030372,820,2,25-11-2012
666,3580877745030372,1060,25,30-1-2013
667,3580877745030372,720,71,10-9-2020
668,3580893207036021,1820,62,13-6-2018
669,3580893207036021,500,38,22-1-2019
670,3580893207036021,880,76,4-10-2016
671,3580893207036021,110,38,2-8-2008
672,3581054556496048,1740,16,3-7-2009
673,3581054556496048,1440,86,12-7-2015
674,3581054556496048,1990,5,21-1-2007
675,3581209164061929,1640,37,28-10-2015
676,3581209164061929,1680,35,4-6-2022
677,3581209164061929,2490,81,17-12-2021
678,3581209164061929,2260,77,9-12-2021
679,3581209164061929,1060,66,24-8-2013
680,3581540990708865,1790,7,3-10-2011
681,3582258343182402,80,65,22-12-2015
682,3582258343182402,2060,49,31-8-2018
683,3582258343182402,490,38,11-1-2019
684,3582539562603800,100,68,16-3-2010
685,3582539562603800,840,11,28-5-2013
686,3583004616511474,70,16,29-10-2016
687,3583004616511474,1190,83,2-9-2016
688,3583004616511474,100,60,11-5-2011
689,3583772372562770,1550,82,13-4-2007
690,3584140514229402,1480,33,22-10-2018
691,3584628278295957,170,16,5-1-2022
692,3584628278295957,2020,11,10-3-2021
693,3584628278295957,2170,84,7-9-2017
694,3584628278295957,1480,47,11-11-2009
695,3584628278295957,1500,17,22-6-2010
696,3585287530211333,1860,83,27-7-2015
697,3585287530211333,1480,84,17-10-2012
698,3585310205153539,2250,25,31-3-2010
699,3585389241553134,1560,15,4-7-2021
700,3585479703863566,1820,61,5-6-2018
701,3585479703863566,1240,34,27-10-2016
702,3585479703863566,1520,54,26-1-2015
703,3585479703863566,1630,16,17-2-2017
704,3585479703863566,1620,17,26-4-2022
705,3585750022489139,680,40,6-9-2021
706,3585750022489139,2210,3,19-11-2015
707,3585750022489139,2250,46,29-12-2007
708,3585750022489139,670,62,8-7-2012
709,3585750022489139,1290,84,11-7-2019
710,3586262122870274,100,60,8-2-2009
711,3586262122870274,1090,29,31-3-2008
712,3586262122870274,1660,59,4-12-2007
713,3587009563414289,1130,56,9-7-2017
714,3587022624529201,520,7,2-10-2010
715,3587954185098582,2280,9,24-8-2010
716,3587954185098582,2060,39,2-5-2011
717,3587954185098582,2000,26,10-7-2012
718,3588458889501098,290,79,30-3-2010
719,3588458889501098,1930,21,22-9-2020
720,3588458889501098,1000,76,28-11-2022
721,3588711601876176,2410,27,25-6-2019
722,3588711601876176,1080,39,31-1-2020
723,3588711601876176,720,43,30-12-2008
724,3589510138564696,1960,64,19-12-2016
725,3589510138564696,1270,23,30-9-2012
726,3589510138564696,1140,10,30-9-2014
727,3589556676257920,1230,13,14-6-2008
728,3589556676257920,1040,78,8-4-2019
729,3589556676257920,650,81,19-8-2014
730,3589646107363445,1710,3,10-2-2010
731,36197795928706,820,59,1-11-2008
732,36197795928706,2330,4,11-7-2013
733,36197795928706,1260,6,9-11-2011
734,36690731626616,2050,44,3-3-2016
735,36690731626616,670,15,4-7-2022
736,36690731626616,670,51,2-11-2012
737,36690731626616,910,37,20-10-2016
738,36690731626616,1400,80,28-12-2009
739,36883221870121,2350,2,24-10-2017
740,36883221870121,1740,12,3-3-2008
741,36883221870121,1620,25,10-8-2016
742,36883221870121,2150,15,17-1-2019
743,36991258804572,890,48,27-4-2017
744,371478217100832,520,45,6-3-2016
745,371478217100832,1810,59,6-8-2021
746,371478217100832,1370,51,28-5-2017
747,371585141796251,40,16,16-4-2019
748,372301276774066,1850,50,14-12-2019
749,372301276774066,1010,64,28-7-2014
750,372301276774066,1150,28,1-7-2018
751,372301276774066,90,56,21-4-2012
752,372301276774066,390,36,28-6-2010
753,372301279494662,2010,20,9-12-2009
754,372301279494662,880,72,22-4-2021
755,372301279494662,420,9,18-11-2022
756,372301630023994,2330,54,12-12-2014
757,372301630023994,2330,15,16-9-2009
758,372301630023994,1310,51,11-4-2009
759,372301630023994,1120,61,22-6-2021
760,372301630023994,1940,50,20-1-2021
761,372301690933116,700,24,17-10-2019
762,372301690933116,840,1,1-5-2014
763,372301690933116,730,12,3-4-2007
764,374283710655978,1670,66,22-2-2011
765,374283710655978,910,17,11-4-2016
766,374283878441294,370,27,5-9-2008
767,374283878441294,130,18,6-7-2014
768,374283878441294,740,41,25-9-2021
769,374288548540334,70,23,29-5-2008
770,374288548540334,2140,31,23-5-2019
771,374288801323436,2050,34,13-8-2011
772,374288801323436,750,72,24-8-2013
773,374288801323436,1090,41,8-8-2018
774,374288801323436,20,17,23-11-2014
775,374288887183001,1960,84,30-10-2017
776,374622254755167,1890,75,29-12-2017
777,374622254755167,1130,17,12-9-2016
778,374622254755167,2230,52,18-11-2019
779,374622254755167,2290,24,16-6-2013
780,4017953136275818,1390,61,26-8-2018
781,4017953136275818,2450,43,10-3-2007
782,4017953136275818,1330,12,3-4-2018
783,4017953136275818,340,15,4-2-2020
784,4017953976643471,50,68,13-12-2010
785,4017953976643471,2340,63,27-3-2011
786,4017953976643471,2410,6,6-2-2015
787,4017953976643471,850,48,26-12-2020
788,4017958126609405,1730,78,20-9-2012
789,4017958126609405,390,64,31-8-2010
790,4017958126609405,580,43,20-11-2012
791,4026846817407651,150,51,21-9-2008
792,4041370464128149,1120,5,22-12-2009
793,4041591175763656,2440,21,14-4-2007
794,4041591175763656,2360,55,14-4-2016
795,4041591175763656,2250,7,25-10-2019
796,4041591480005009,480,79,21-10-2009
797,4041592949899248,30,9,11-2-2016
798,4041592949899248,2390,29,27-4-2019
799,4041592949899248,2420,11,11-11-2021
800,4041592949899248,1790,44,23-4-2016
801,4041592949899248,590,1,5-7-2011
802,4041593122344,690,60,1-11-2017
803,4041593122344,2140,63,8-5-2015
804,4041593122344,670,73,8-8-2009
805,4041593122344,1100,38,15-3-2018
806,4041593122344,410,41,31-5-2013
807,4041595692673488,1160,32,26-4-2009
808,4041595692673488,500,31,31-3-2008
809,4041595692673488,2420,59,15-9-2018
810,4041595692673488,350,47,11-3-2009
811,4175002257416617,1300,74,25-5-2017
812,4175002363554905,460,60,28-8-2014
813,4175002363554905,2440,17,9-9-2012
814,4175002363554905,1010,14,20-4-2021
815,4175002363554905,960,38,24-12-2020
816,4175002363554905,2140,45,23-4-2010
817,4175005092637503,2380,40,10-3-2016
818,4175005092637503,2040,86,8-11-2015
819,4175005092637503,70,32,10-7-2017
820,4175005092637503,1700,59,10-10-2010
821,4175007220957761,1100,20,18-10-2010
822,4175007220957761,2450,33,29-8-2011
823,4175007220957761,950,12,23-3-2007
824,4175008933060299,970,20,28-12-2021
825,4175008933060299,1510,4,26-3-2015
826,4175009407469511,1130,66,9-2-2010
827,4405851075872225,790,75,9-8-2011
828,4405851075872225,1880,44,18-3-2010
829,4405851075872225,1170,11,13-11-2018
830,4405851075872225,100,22,11-12-2021
831,4508734851113285,1470,17,27-9-2015
832,4508734851113285,580,18,18-7-2017
833,4508734851113285,1380,43,21-2-2013
834,4508734851113285,80,17,5-11-2019
835,4508933649001469,520,85,13-2-2021
836,4844799801048777,1080,23,17-2-2010
837,4891152822522,2250,52,10-12-2021
838,4891152822522,770,20,29-12-2015
839,4903386786073463,310,78,29-5-2020
840,4903386786073463,620,82,30-3-2019
841,4903386786073463,910,20,25-5-2012
842,4903538064476957152,2000,46,8-2-2019
843,4903538064476957152,2100,50,24-8-2017
844,4903538064476957152,970,47,20-11-2013
845,490512837844897032,700,56,20-8-2016
846,490512837844897032,1220,29,29-7-2008
847,490512837844897032,2320,2,28-7-2022
848,490535834198647843,1190,28,4-10-2017
849,490535834198647843,2230,65,7-6-2011
850,490535834198647843,1890,48,24-9-2011
851,4905426434615041459,2110,75,12-2-2013
852,4905426434615041459,420,69,21-7-2013
853,4905426434615041459,1670,59,18-11-2016
854,4905426434615041459,250,55,27-4-2012
855,4905426434615041459,2020,43,3-5-2017
856,4913255553549351,1270,36,7-1-2020
857,4913255553549351,2310,82,13-6-2021
858,4913255553549351,670,68,23-9-2008
859,4913496706825070,1530,86,29-3-2020
860,4913496706825070,520,79,2-4-2021
861,4913496706825070,2370,11,9-1-2011
862,4913496706825070,1990,39,3-8-2010
863,4913496706825070,610,49,25-4-2009
864,4913989043105958,2280,14,11-2-2022
865,4913989043105958,1900,53,22-11-2013
866,4913989043105958,1120,85,27-9-2021
867,4917199449935562,1570,61,14-9-2015
868,4917199449935562,1420,39,9-10-2015
869,4917199449935562,220,71,25-9-2013
870,4924094525133,1420,24,19-9-2013
871,4924094525133,500,26,9-5-2017
872,4924094525133,190,75,30-9-2020
873,4924094525133,10,26,29-12-2016
874,4936028390064290301,310,7,19-3-2013
875,4936028390064290301,660,11,23-7-2022
876,493651543509687982,950,11,21-12-2010
877,493651543509687982,320,9,28-4-2019
878,493651543509687982,2260,73,17-3-2009
879,493651543509687982,1390,38,24-9-2010
880,4970734237886645,1990,72,20-9-2016
881,4970734237886645,2100,12,26-11-2009
882,4970734237886645,190,10,17-9-2009
883,4970734237886645,970,25,6-5-2015
884,4970734237886645,1910,81,16-6-2010
885,5002352740179686,2430,54,3-11-2017
886,5007662396982240,2290,79,20-4-2016
887,5007662396982240,830,51,30-4-2016
888,5007662396982240,560,45,5-12-2009
889,5007662396982240,1680,43,11-12-2011
890,5007662396982240,750,66,24-11-2019
891,5007662463671080,270,36,7-6-2016
892,5007662463671080,1750,47,20-1-2013
893,5007662463671080,1130,55,1-8-2015
894,5007662463671080,1560,14,25-6-2007
895,5007662463671080,1940,72,11-4-2015
896,5007663568060773,950,83,7-6-2015
897,5007663568060773,270,19,12-6-2010
898,5007663568060773,1050,19,1-9-2010
899,5007663568060773,2490,37,8-2-2012
900,5007663568060773,2490,22,23-7-2008
901,5007663874216994,1930,82,23-5-2011
902,5007664904066359,860,69,14-5-2014
903,5007664904066359,1190,57,22-7-2017
904,5007664904066359,1840,59,9-1-2017
905,5007664904066359,860,26,6-9-2014
906,5007668428035360,1250,50,8-12-2016
907,5007668691876706,210,29,27-10-2007
908,5010122278903983,550,2,16-4-2010
909,5010122278903983,1710,15,4-5-2009
910,5010122278903983,1920,37,15-7-2020
911,5010122278903983,2250,10,9-2-2008
912,5018413101912508490,2410,22,10-11-2009
913,5018413101912508490,1740,52,26-5-2008
914,5018413101912508490,2080,44,14-8-2012
915,50184631578714243,1550,74,2-4-2008
916,5020740998434993,2280,36,25-11-2012
917,5020740998434993,430,61,6-4-2007
918,5020740998434993,1350,53,1-10-2021
919,5020740998434993,1430,45,18-11-2011
920,5020740998434993,2340,44,15-8-2015
921,50208359548162556,1540,53,21-6-2010
922,50208359548162556,1730,58,22-3-2013
923,50208359548162556,850,70,2-7-2019
924,50208359548162556,2080,60,1-1-2014
925,503800593672470480,1760,38,9-8-2011
926,5038050721609766,720,50,31-1-2019
927,5038050721609766,970,37,14-5-2020
928,5038050721609766,120,48,5-9-2014
929,5038050721609766,1400,29,5-2-2020
930,5038050721609766,590,22,20-8-2011
931,5038110163419684,2030,67,24-1-2018
932,5038110163419684,1340,10,15-1-2008
933,5038110163419684,430,82,26-2-2011
934,5038110163419684,20,29,20-6-2014
935,5038110163419684,2160,23,9-2-2014
936,503820145758726032,1950,69,5-11-2011
937,503820145758726032,980,35,24-2-2014
938,503842127260007436,1030,66,27-7-2008
939,503846328185810252,1030,33,8-1-2012
940,5038740113738278,1350,50,28-12-2008
941,5038740113738278,1200,39,4-2-2012
942,50388690649230690,290,3,27-2-2022
943,50388690649230690,1400,71,4-9-2008
944,5048371680941778,1670,42,17-2-2009
945,5048371680941778,1320,68,7-2-2016
946,5048371680941778,2100,58,26-2-2020
947,5048371680941778,2130,17,29-11-2009
948,5048372469871707,1810,4,2-5-2011
949,5048372469871707,1290,33,5-12-2020
950,5048376136491690,240,66,30-7-2014
951,5048378993480048,1980,28,17-8-2012
952,5100130316698391,280,22,8-1-2010
953,5100130316698391,810,31,14-1-2013
954,5100135023838404,1890,61,8-3-2013
955,5100135023838404,2430,79,26-11-2013
956,5100135023838404,2260,31,10-10-2015
957,5100135023838404,100,44,22-9-2017
958,5100135023838404,1420,3,14-2-2013
959,5100142559064207,860,11,2-12-2019
960,5100142559064207,2040,17,30-10-2014
961,5100146712035293,1730,44,13-4-2008
962,5100146712035293,2160,27,18-7-2015
963,5100147004086317,1050,12,7-8-2019
964,5100147004086317,2210,5,25-4-2014
965,5100147004086317,1440,54,28-3-2015
966,5100147004086317,2060,1,26-4-2018
967,5100170414589449,1680,23,27-4-2018
968,5100170414589449,1700,51,22-7-2022
969,5100170414589449,10,9,13-2-2012
970,5100170422841238,960,54,21-4-2012
971,5100171514854535,440,79,16-2-2020
972,5100172682771758,200,22,16-1-2010
973,5100172682771758,440,85,5-5-2019
974,5100179793661174,1730,10,5-12-2011
975,5108750075338087,1020,34,4-4-2020
976,5108750075338087,1920,39,14-10-2012
977,5108750075338087,2210,3,5-2-2017
978,5108756596938008,400,20,4-12-2008
979,5108756596938008,2250,77,5-12-2020
980,5108756596938008,1440,86,5-4-2016
981,5108757155064335,1990,70,13-5-2010
982,5108757155064335,1390,52,22-6-2013
983,5108757155064335,1350,73,7-9-2009
984,5108759701882616,1820,30,16-2-2014
985,5112376173452705,30,11,16-6-2017
986,5112376173452705,1000,56,8-3-2012
987,5112376173452705,940,8,13-10-2017
988,5112376173452705,560,50,18-5-2021
989,5137661735748273,470,2,13-9-2008
990,5137661735748273,440,48,12-8-2009
991,5144878953176703,500,19,19-5-2020
992,5144878953176703,890,40,8-9-2007
993,5144878953176703,1760,22,19-2-2012
994,5144878953176703,1470,52,23-3-2014
995,5146148763553915,530,57,15-7-2012
996,5146148763553915,1830,56,24-1-2010
997,5146148763553915,2450,10,7-5-2015
998,5146148763553915,180,68,5-1-2009
999,5146148763553915,980,38,30-3-2008
1000,5167992862040033,1090,85,27-1-2022
1001,5167992862040033,90,41,14-11-2010
1002,5167992862040033,430,59,5-4-2011
1003,5167992862040033,1150,85,26-1-2010
1004,5220119512545337,1270,45,28-3-2017
1005,5220119512545337,1730,31,18-9-2009
1006,5220119512545337,700,75,15-1-2010
1007,5220119512545337,1140,65,19-1-2016
1008,5221151192558784,980,56,7-6-2018
1009,5221151192558784,2330,54,4-12-2011
1010,5221151192558784,220,17,25-6-2015
1011,5221151192558784,740,52,22-12-2009
1012,5269572745814429,1670,39,20-4-2009
1013,5269572745814429,280,15,5-5-2009
1014,5269572745814429,560,28,12-12-2009
1015,5290687997575909,2310,23,8-3-2015
1016,5290687997575909,940,21,17-1-2014
1017,5290687997575909,1140,82,12-11-2014
1018,5406702906298872,690,11,31-7-2020
1019,5406702906298872,2480,64,22-6-2021
1020,5406702906298872,1960,12,2-3-2011
1021,5410343059293883,130,45,4-12-2017
1022,5410343059293883,2130,40,27-11-2014
1023,5410343059293883,140,25,3-11-2016
1024,5410343059293883,1150,79,29-11-2019
1025,5410343059293883,1770,63,25-12-2011
1026,5479180955914081,1410,22,11-6-2008
1027,5489581856353675,1560,21,14-1-2011
1028,5508983801098859,1160,36,2-8-2008
1029,5508983801098859,160,36,22-3-2017
1030,5508983801098859,1350,6,25-6-2022
1031,5508983801098859,330,19,24-3-2017
1032,5508983801098859,560,55,6-12-2012
1033,5509951571829125,1610,40,15-10-2019
1034,5534464937243998,1580,60,9-7-2010
1035,5550115642427743,2320,68,29-3-2007
1036,5586602840946812,2430,30,4-4-2018
1037,5586602840946812,1320,19,4-4-2008
1038,5586602840946812,510,69,3-1-2019
1039,5602212368880656,1640,71,4-3-2008
1040,5602213295387682,2020,11,18-1-2018
1041,5602213295387682,1350,73,8-2-2018
1042,5602213295387682,310,5,5-5-2019
1043,5602213295387682,1520,24,2-5-2012
1044,5602214913961221,1180,6,7-3-2012
1045,5602214913961221,830,32,10-6-2010
1046,5602214913961221,990,30,14-5-2014
1047,5602214913961221,1930,39,18-10-2018
1048,5602214913961221,1200,67,1-1-2007
1049,5602218278991996,360,23,8-4-2008
1050,5602218278991996,470,6,12-9-2007
1051,5602218278991996,620,6,22-1-2012
1052,5602218278991996,2480,35,18-11-2019
1053,56022197697919900,2050,48,23-12-2014
1054,56022197697919900,920,1,14-9-2018
1055,56022197697919900,1410,61,28-7-2022
1056,56022197697919900,1700,27,23-1-2018
1057,5602220335291444,800,48,29-11-2019
1058,5602220335291444,1980,12,22-12-2016
1059,5602220335291444,420,21,19-2-2007
1060,5602220335291444,1130,2,26-10-2019
1061,5602221562485451,1570,50,25-2-2009
1062,5602221562485451,2430,69,12-7-2017
1063,5602221814850775,2470,21,29-5-2013
1064,5602221814850775,640,79,27-4-2015
1065,5602221814850775,90,64,15-11-2021
1066,5602223816517535,2310,33,3-3-2014
1067,5602223816517535,2200,29,13-1-2008
1068,5602223816517535,290,63,31-8-2011
1069,5602223816517535,1040,60,15-12-2009
1070,5602227143912723,380,1,19-9-2015
1071,5602227143912723,1200,55,9-3-2011
1072,5602227143912723,440,46,7-1-2015
1073,5602228333040291816,1360,66,29-8-2018
1074,5602228333040291816,1860,18,10-1-2013
1075,5602229771444508450,1330,79,6-6-2010
1076,5602229771444508450,2140,43,22-10-2013
1077,5602229771444508450,1190,46,23-7-2017
1078,5602231806466985,1660,48,17-12-2008
1079,5602231806466985,1080,19,14-4-2010
1080,5602231806466985,380,9,25-5-2014
1081,560223473112182178,560,76,19-1-2017
1082,560223473112182178,540,47,14-11-2016
1083,560223473112182178,240,7,18-11-2020
1084,5602238818270685,1740,30,8-9-2012
1085,5602238818270685,1330,71,19-2-2008
1086,5602238818270685,1340,11,5-2-2020
1087,5602238818270685,2110,12,21-7-2017
1088,5602238818270685,2240,76,8-8-2014
1089,5602239865489699,1460,8,10-4-2015
1090,5602239865489699,510,50,8-8-2019
1091,5602241383625549,1080,16,8-4-2018
1092,5602241383625549,830,33,18-5-2014
1093,5602241383625549,560,21,12-7-2017
1094,5602241383625549,30,58,3-11-2014
1095,56022430333252562,2030,76,11-4-2008
1096,56022430333252562,1580,74,7-2-2018
1097,5602243091084732977,1890,68,15-4-2015
1098,5602243091084732977,1360,67,23-4-2011
1099,5602243091084732977,960,50,21-5-2019
1100,5602243091084732977,2310,3,22-12-2014
1101,5602243364303971,1130,24,9-4-2017
1102,5602243364303971,1050,62,23-6-2017
1103,5602243364303971,1340,42,14-8-2013
1104,5602243364303971,2380,53,27-2-2014
1105,56022434586346873,860,62,26-8-2020
1106,56022434586346873,480,1,30-1-2009
1107,5602244196558536090,740,17,3-5-2015
1108,5602244196558536090,2270,3,9-4-2019
1109,5602244196558536090,260,26,13-6-2016
1110,5602245322302652731,1460,2,23-11-2016
1111,5602245322302652731,1880,2,31-12-2020
1112,5602247270174442,910,60,26-10-2012
1113,5602247270174442,1730,48,12-7-2022
1114,5602247270174442,390,6,25-6-2016
1115,5602247270174442,1200,46,4-2-2015
1116,5602247270174442,1840,23,13-3-2008
1117,5602247886487998,2100,60,1-12-2022
1118,5602247886487998,1150,57,4-8-2015
1119,5602247886487998,2000,18,1-1-2012
1120,5602251303356596,500,61,17-12-2016
1121,5602251303356596,750,9,23-3-2009
1122,5602251303356596,1980,13,25-2-2008
1123,5602251303356596,1750,47,17-10-2015
1124,56022521221573505,1610,80,1-8-2014
1125,56022521221573505,280,58,9-5-2013
1126,56022521221573505,1990,1,16-1-2011
1127,56022521221573505,1270,77,17-3-2019
1128,56022521221573505,860,85,8-11-2019
1129,5602252148308313402,1150,16,14-11-2022
1130,5602252148308313402,1480,22,4-2-2015
1131,5602254203535570510,1280,66,14-4-2012
1132,5602254203535570510,380,55,27-8-2020
1133,56022552842899359,480,51,30-8-2008
1134,56022552842899359,2320,45,5-1-2016
1135,56022552842899359,1560,40,6-7-2012
1136,5602258887432917,60,44,5-10-2008
1137,5602258887432917,700,23,20-9-2019
1138,5602258887432917,290,47,17-2-2012
1139,5602258887432917,840,57,5-5-2008
1140,5602259369645018,110,23,14-11-2013
1141,5602259369645018,1510,10,4-4-2013
1142,5602259369645018,480,21,3-4-2020
1143,5602259369645018,2420,21,12-6-2018
1144,5610067228254421,1730,38,3-2-2010
1145,5610067228254421,1440,10,20-6-2012
1146,5610067228254421,1750,86,23-12-2021
1147,5610067228254421,690,34,2-3-2021
1148,5610067228254421,990,51,30-6-2011
1149,5610217921553807,2310,86,13-8-2011
1150,5610217921553807,2430,49,25-2-2014
1151,5610255888291888,2200,23,30-11-2019
1152,5610255888291888,220,55,22-7-2021
1153,5610255888291888,690,18,3-4-2010
1154,5610448283291799,1290,8,13-7-2018
1155,5610448283291799,850,25,21-7-2018
1156,5610448283291799,280,79,28-6-2013
1157,5610448283291799,830,56,14-10-2017
1158,561056291807543623,2380,72,15-9-2017
1159,561056291807543623,1060,80,15-12-2011
1160,561056291807543623,310,57,23-11-2021
1161,630400174515878968,1480,65,14-9-2016
1162,630400174515878968,1000,78,12-10-2014
1163,630400174515878968,50,67,29-4-2021
1164,630400174515878968,1650,77,5-3-2008
1165,630400174515878968,1550,25,20-2-2012
1166,630415802112588969,390,22,9-7-2011
1167,630415802112588969,650,2,12-12-2018
1168,630415802112588969,1940,79,14-8-2015
1169,6304186574414609735,630,54,6-8-2013
1170,6304186574414609735,140,2,17-11-2013
1171,6304186574414609735,1430,19,16-6-2010
1172,6304186574414609735,1440,11,8-3-2018
1173,6304461132262878,60,62,14-1-2008
1174,6304461132262878,1600,42,12-2-2017
1175,6304461132262878,1300,24,17-10-2008
1176,63046335544247343,1600,26,14-4-2014
1177,63046335544247343,150,6,15-8-2008
1178,63046335544247343,310,20,29-11-2013
1179,630466977812649846,370,26,9-6-2012
1180,630466977812649846,510,85,10-3-2010
1181,630466977812649846,1050,16,28-10-2013
1182,630466977812649846,220,49,22-3-2015
1183,630466977812649846,1540,61,4-8-2014
1184,6304809399264781,2290,1,20-10-2018
1185,6304809399264781,1790,31,24-9-2010
1186,6331100471451695,1440,75,7-10-2014
1187,6331100471451695,1100,6,13-5-2012
1188,6331100471451695,560,86,6-12-2014
1189,6331100747082383116,10,85,3-9-2014
1190,6331100747082383116,1900,29,28-5-2009
1191,6331100747082383116,1900,37,29-3-2022
1192,633110251712443179,2420,57,25-4-2018
1193,633110251712443179,1470,27,6-8-2019
1194,633110461488373316,1230,32,23-9-2018
1195,633110461488373316,1590,7,24-3-2011
1196,633110461488373316,150,56,11-1-2011
1197,6331106877678674,2210,86,3-10-2010
1198,6331106877678674,1200,58,12-9-2009
1199,6331106877678674,220,50,28-7-2013
1200,6331107991319781,2150,59,18-1-2022
1201,6333260678108171,150,63,26-8-2014
1202,6333260678108171,1720,59,5-3-2017
1203,6333260678108171,2290,56,13-12-2016
1204,6333260678108171,1630,37,19-1-2011
1205,6333260678108171,210,22,21-4-2011
1206,633375903429124944,870,31,21-7-2011
1207,633375903429124944,140,3,3-6-2015
1208,6333981359979097518,1630,62,4-10-2009
1209,6333981359979097518,510,43,3-4-2014
1210,633400977879960162,770,2,21-12-2015
1211,633400977879960162,2010,80,24-8-2008
1212,633400977879960162,2090,59,1-6-2017
1213,633400977879960162,2430,55,19-12-2019
1214,633400977879960162,1090,4,1-10-2012
1215,633421013118643727,1890,5,26-2-2012
1216,633421013118643727,2020,21,7-3-2009
1217,633421013118643727,430,24,31-5-2008
1218,633421013118643727,2250,3,9-1-2014
1219,633421013118643727,70,2,31-7-2022
1220,6370290067933537,1340,16,14-7-2017
1221,6370290067933537,1220,66,28-1-2020
1222,6370290067933537,1980,14,23-9-2013
1223,6370290067933537,200,14,23-3-2015
1224,6372142424651435,1570,85,2-1-2013
1225,6372142424651435,2100,6,25-8-2008
1226,6372142424651435,1540,42,16-6-2019
1227,6372142424651435,360,24,13-5-2016
1228,6374543828470801,2420,42,5-10-2014
1229,6374543828470801,2090,63,9-3-2012
1230,6374543828470801,1520,74,9-10-2019
1231,6374543828470801,2220,7,18-2-2016
1232,6374543828470801,1030,37,5-12-2016
1233,6376426678029950,1400,42,4-6-2014
1234,6376426678029950,1970,73,2-1-2010
1235,6376426678029950,2210,19,20-11-2014
1236,6380286951644840,1750,27,22-8-2022
1237,6380286951644840,1490,75,18-7-2020
1238,6380286951644840,1340,62,2-9-2013
1239,6380286951644840,590,71,4-6-2013
1240,6381488148018818,590,22,16-3-2013
1241,6381488148018818,1330,51,7-9-2017
1242,6381488148018818,2210,42,5-1-2008
1243,6381488148018818,880,61,11-6-2018
1244,6383086381009391,660,46,23-11-2008
1245,6383086381009391,50,15,30-10-2008
1246,6383086381009391,760,44,2-4-2009
1247,6383086381009391,620,42,9-2-2020
1248,6383086381009391,370,76,26-3-2009
1249,6384674598254485,110,36,29-12-2007
1250,6384674598254485,1900,63,18-8-2019
1251,6384674598254485,1310,70,10-8-2017
1252,6385599299408289,1720,25,2-10-2012
1253,6385599299408289,2430,8,16-10-2007
1254,6385599299408289,590,70,26-4-2007
1255,6385599299408289,1310,3,30-1-2022
1256,6385599299408289,1750,48,11-9-2013
1257,6386552051233865,2250,84,11-10-2021
1258,6386552051233865,1760,74,30-8-2021
1259,6386552051233865,230,15,23-4-2010
1260,6386552051233865,330,22,9-1-2020
1261,6386552051233865,240,55,23-3-2018
1262,6391983312754527,2370,61,11-7-2020
1263,6391983312754527,1640,14,2-1-2014
1264,6391983312754527,1200,13,26-9-2011
1265,6391983312754527,2110,43,21-2-2010
1266,6391983312754527,810,8,22-7-2013
1267,6392697644882868,1080,30,26-8-2018
1268,6393403339013169,400,72,19-6-2009
1269,6395883628580507,1190,37,7-10-2021
1270,6706190876729180,310,76,28-8-2008
1271,6706190876729180,1100,52,5-3-2011
1272,6706190876729180,510,9,26-8-2021
1273,6706190876729180,1940,11,20-10-2012
1274,6706190876729180,1070,71,29-1-2007
1275,6706517282942280,680,54,9-12-2014
1276,6706517282942280,30,30,14-12-2007
1277,6706517282942280,2020,25,5-2-2009
1278,6706517282942280,890,80,15-10-2018
1279,6706517282942280,1850,58,2-11-2014
1280,6706696296765022768,1210,24,14-8-2014
1281,6706696296765022768,1320,59,17-8-2014
1282,6706696296765022768,2240,52,19-2-2015
1283,6706696296765022768,250,25,10-6-2015
1284,6706696296765022768,1090,24,1-12-2009
1285,6709547490708980,420,47,29-11-2016
1286,6709547490708980,480,24,22-11-2007
1287,6709547490708980,1820,34,5-7-2022
1288,670961789007380152,2440,27,26-12-2009
1289,67097230789751506,1070,49,29-3-2014
1290,6709747392658693,510,59,3-4-2007
1291,67590346725161592,2450,13,6-5-2014
1292,67590346725161592,1800,75,27-7-2020
1293,67590346725161592,1870,51,27-4-2021
1294,6759171730551302532,1750,63,3-5-2018
1295,6759171730551302532,740,25,24-9-2021
1296,6759171730551302532,40,57,29-7-2011
1297,6759171730551302532,880,76,6-4-2021
1298,6759219299794517,1830,68,27-3-2008
1299,6759219299794517,1030,25,25-6-2011
1300,6759219299794517,2300,82,1-6-2022
1301,6759278077429969,1410,29,7-1-2013
1302,6759278077429969,2410,46,15-10-2007
1303,675935640797904986,480,33,3-11-2019
1304,675935640797904986,220,83,8-7-2008
1305,675935640797904986,1150,50,13-8-2011
1306,675940856916705939,1630,53,14-6-2011
1307,675940856916705939,500,7,29-3-2013
1308,675940856916705939,1080,22,19-7-2009
1309,675940856916705939,100,3,16-11-2018
1310,675940856916705939,1560,45,21-1-2019
1311,6759479480860507,1640,69,5-3-2014
1312,6759479480860507,1090,11,21-2-2007
1313,6759479480860507,610,59,15-6-2015
1314,6759479480860507,270,43,24-4-2011
1315,6759791248221529806,1230,17,13-3-2016
1316,6759791248221529806,1880,54,30-3-2015
1317,675986042527240443,1100,68,1-5-2009
1318,675986042527240443,390,46,21-4-2019
1319,67611729706410895,1590,7,11-4-2010
1320,67611729706410895,1770,58,16-5-2007
1321,67611729706410895,250,55,3-3-2009
1322,676120792052315177,1290,76,22-5-2010
1323,676120792052315177,2170,66,7-1-2011
1324,676120792052315177,620,28,27-4-2018
1325,6761258418333043,1990,65,14-2-2013
1326,6761258418333043,2410,16,13-3-2012
1327,6761258418333043,210,76,19-7-2012
1328,6761258418333043,1940,6,13-3-2011
1329,676222519979772876,640,1,2-1-2016
1330,676222519979772876,180,81,13-9-2022
1331,676222519979772876,410,79,3-1-2012
1332,67622767188193297,2200,13,15-10-2019
1333,67622767188193297,30,19,1-12-2021
1334,6762355853935057,1260,85,21-6-2008
1335,6762355853935057,410,14,29-11-2013
1336,6762355853935057,1150,85,20-8-2020
1337,6762355853935057,2480,2,8-10-2017
1338,67629884540120505,90,77,1-9-2015
1339,67629884540120505,1030,80,13-12-2015
1340,67629884540120505,2040,62,21-4-2019
1341,67629884540120505,1120,16,29-3-2016
1342,6763200761697226,1930,36,14-5-2011
1343,6763200761697226,1140,14,22-11-2008
1344,6763200761697226,1090,68,6-10-2022
1345,6763200761697226,1840,44,23-2-2011
1346,6763200761697226,320,44,16-3-2009
1347,6763486701335736610,520,21,24-8-2018
1348,6763972705059396,2370,65,13-11-2020
1349,6763972705059396,610,7,11-4-2011
1350,6767194131657216,1500,22,12-7-2007
1351,6767194131657216,2350,60,24-9-2016
1352,6767194131657216,1160,1,9-4-2020
1353,6767194131657216,2180,77,6-2-2020
1354,6767540646214366,840,12,27-6-2020
1355,6767540646214366,1800,3,25-8-2014
1356,6767540646214366,450,13,14-5-2016
1357,6767733260832950879,1030,39,2-1-2017
1358,6767733260832950879,1810,53,7-10-2008
1359,6767733260832950879,1890,60,1-12-2013
1360,6767733260832950879,490,12,16-1-2019
1361,6767733260832950879,2370,10,13-11-2013
1362,6767827877857082,520,39,21-11-2017
1363,6767902773326522,30,40,6-10-2019
1364,6767902773326522,160,82,1-5-2012
1365,6767902773326522,870,13,12-3-2014
1366,6767902773326522,2380,85,12-4-2012
1367,6767902773326522,2090,80,26-9-2012
1368,6771162572428662052,1420,83,11-4-2008
1369,6771510211345444174,100,24,29-1-2009