TransferID,Sender,PhoneReceiver,Amount,Title,Date,Category
1,AD9413090105NCMC3VM1EDKD,+86311454257,24,globe,23-03-2022,14
2,AD9413090105NCMC3VM1EDKD,+351741434882,255,painting,09-08-2022,7
3,CY9215826814N5WF0EAUVLRJNYEP,+86247969462,275,christmas ornament,20-12-2021,13
4,CY9215826814N5WF0EAUVLRJNYEP,+63470868442,477,bowl,04-07-2022,6
5,CY9215826814N5WF0EAUVLRJNYEP,+261972212399,74,duffel bag,30-06-2022,14
6,IS467634787117169699889043,+48999197762,228,pedestal,26-09-2021,16
7,IS467634787117169699889043,+86170742330,395,mace,17-11-2021,3
8,IS467634787117169699889043,+81388309971,335,spool of ribbon,08-11-2021,14
9,CY12037553938HANCACNARCJXUQ2,+261972212399,12,tiger,30-10-2022,14
10,CY12037553938HANCACNARCJXUQ2,+81509432607,450,knitting needles,25-07-2021,7
11,CY12037553938HANCACNARCJXUQ2,+7943494051,448,rubber stamp,23-01-2022,19
12,CY12037553938HANCACNARCJXUQ2,+386306882333,346,laptop,14-04-2022,15
13,PT07106690676316508649610,+45980120886,310,net,07-09-2022,3
14,PT07106690676316508649610,+48156764940,230,lime,28-02-2022,16
15,PT07106690676316508649610,+63602609579,428,coffee mug,06-11-2021,14
16,FR45266161274652TMVIVPQ5L01,+60363470416,238,magnifying glass,30-10-2021,18
17,FR45266161274652TMVIVPQ5L01,+62984258573,173,lion,08-03-2022,15
18,LT696654847411372478,+86533742427,311,notepad,04-01-2023,10
19,LT696654847411372478,+58301906375,113,controller,19-05-2022,4
20,LT696654847411372478,+251595469263,67,thread,14-01-2023,12
21,SI97275105530910376,+963438178950,364,board game,29-09-2022,5
22,SI97275105530910376,+7510828431,209,sandglass,18-04-2022,13
23,ES3876567973341776820457,+47994178946,277,paper,13-10-2022,18
24,ES3876567973341776820457,+48712407558,427,tennis ball,09-12-2022,3
25,PT29499781625205195427425,+86489453162,347,book,17-02-2022,17
26,PT29499781625205195427425,+86175470335,480,dove,12-06-2022,6
27,PT29499781625205195427425,+86965300625,214,sword,20-10-2021,14
28,SM79Q3694121719TOU8ASQA0WSB,+55200596687,410,bottle,24-03-2022,19
29,SM79Q3694121719TOU8ASQA0WSB,+86963886634,281,leaf blower,28-07-2021,12
30,AE953455736311284747558,+86597808144,250,batteries,19-10-2022,3
31,AE953455736311284747558,+381435926508,61,chalk,18-07-2022,4
32,FR1502944963172WZYK2TOUP756,+63646186195,274,box of markers,25-07-2022,14
33,FR1502944963172WZYK2TOUP756,+48736787227,316,pin,19-11-2021,11
34,FR1502944963172WZYK2TOUP756,+1676660306,20,rusty nail,13-09-2022,3
35,FR1502944963172WZYK2TOUP756,+1110430,416,sandglass,10-05-2022,6
36,FR219161520100MAECISS28QI76,+62559632457,171,shark,17-05-2022,13
37,FR219161520100MAECISS28QI76,+386306882333,429,jump rope,02-04-2022,12
38,FR219161520100MAECISS28QI76,+420241544669,299,purse,25-04-2022,2
39,FI2219198455116224,+353611976129,74,lotion,15-04-2022,15
40,FI2219198455116224,+420145477570,333,book,15-11-2022,5
41,FI2219198455116224,+48736787227,455,leaf blower,31-03-2021,5
42,BH80CEBOTKLJM2BUKX42VF,+358766715803,494,coffee mug,10-07-2022,19
43,BH80CEBOTKLJM2BUKX42VF,+45980120886,476,card,24-07-2022,8
44,BH80CEBOTKLJM2BUKX42VF,+1269819738,126,stroller,01-02-2022,18
45,FR815550418281TQ84CJY8Q0X83,+7178860597,441,belt,13-02-2022,4
46,FR815550418281TQ84CJY8Q0X83,+86939697780,133,sheet of paper,07-01-2023,13
47,SM83P90892886318JNTNUYDHWF0,+86943677325,288,stick,25-06-2022,5
48,SM83P90892886318JNTNUYDHWF0,+86170742330,438,salt shaker,07-02-2022,14
49,SM83P90892886318JNTNUYDHWF0,+63646186195,472,lotion,07-05-2022,12
50,GL5255650205989485,+62977252507,144,bottle of oil,09-06-2022,19
51,GL5255650205989485,+86858312577,413,bottle of water,20-12-2022,10
52,GL5255650205989485,+86965300625,40,computer,18-11-2021,4
53,GL5255650205989485,+420177651224,56,cd,01-12-2022,19
54,GL5255650205989485,+86533770949,189,lion,08-10-2022,16
55,KW85AYMHPBVBCVXTBEXRORUCADITVV,+48712407558,394,shovel,27-12-2021,9
56,KW85AYMHPBVBCVXTBEXRORUCADITVV,+62413961092,465,pail,10-10-2021,14
57,KW85AYMHPBVBCVXTBEXRORUCADITVV,+62322887303,315,tiger,27-11-2022,4
58,LV27TOASEFYALHPH5RNMJ,+355363144224,459,baseball jersey,19-08-2021,4
59,LV27TOASEFYALHPH5RNMJ,+1858381995,273,stroller,17-12-2021,2
60,LV27TOASEFYALHPH5RNMJ,+86229326632,372,wand,19-02-2022,1
61,LV27TOASEFYALHPH5RNMJ,+63820742955,76,dagger,17-09-2021,5
62,LV27TOASEFYALHPH5RNMJ,+1255264315,86,hand mirror,18-06-2021,18
63,AL8021214616W9VCCKPNSEDHIGBK,+62992175280,467,mask,03-06-2022,10
64,AL8021214616W9VCCKPNSEDHIGBK,+48534507255,29,lotion,05-09-2022,3
65,AL8021214616W9VCCKPNSEDHIGBK,+420651404424,451,salt shaker,27-03-2022,18
66,AL8021214616W9VCCKPNSEDHIGBK,+351503945954,343,mobile phone,06-09-2021,10
67,AL8021214616W9VCCKPNSEDHIGBK,+1676660306,138,sandal,29-08-2022,6
68,IL757842282767511621870,+7121813198,125,jar,17-04-2021,11
69,IL757842282767511621870,+7747639422,52,soccer ball,10-07-2021,6
70,CR5710841972545014452,+86917890545,18,dove,03-07-2022,15
71,CR5710841972545014452,+234159349718,439,money,18-09-2022,10
72,KZ10710KAXRKBV4ETOSD,+86917890545,470,chicken,18-04-2022,17
73,KZ10710KAXRKBV4ETOSD,+86825102907,269,cucumber,22-07-2022,5
74,KZ10710KAXRKBV4ETOSD,+1676660306,122,pin,11-01-2023,6
75,KZ10710KAXRKBV4ETOSD,+86470459601,62,safe,15-09-2022,1
76,KZ10710KAXRKBV4ETOSD,+46993287170,155,purse,12-01-2023,14
77,FR023968166162QFMI9LTRFYP13,+86203907565,475,bow,29-09-2021,10
78,FR023968166162QFMI9LTRFYP13,+63602267287,117,eraser,04-12-2021,14
79,ME70575675621862483580,+598356485598,483,tennis racket,09-04-2022,3
80,ME70575675621862483580,+86923111730,356,pillow,05-12-2021,3
81,ME70575675621862483580,+86489453162,224,yoga mat,16-02-2022,10
82,ME70575675621862483580,+7623232605,407,magazine,16-03-2022,17
83,HU78408361769375686963905817,+264343441963,96,lamp,18-06-2021,5
84,HU78408361769375686963905817,+234159349718,59,salt shaker,19-05-2021,16
85,HU78408361769375686963905817,+86917890545,299,spatula,04-10-2021,8
86,HU78408361769375686963905817,+86371887730,10,umbrella,25-06-2021,8
87,FR866323816569TBEYXL0UTTS96,+86669902671,441,paper,14-04-2022,1
88,FR866323816569TBEYXL0UTTS96,+264343441963,24,statuette,14-06-2022,5
89,FR866323816569TBEYXL0UTTS96,+33466720357,127,frog leg,10-12-2022,3
90,FR866323816569TBEYXL0UTTS96,+46560441717,156,box of chocolates,13-03-2022,11
91,BG38CTRP707888CHJO8ZXK,+420763235017,187,stroller,02-01-2023,11
92,BG38CTRP707888CHJO8ZXK,+86489453162,197,ice cube,21-02-2022,18
93,BG38CTRP707888CHJO8ZXK,+46600402366,160,mask,30-12-2022,1
94,SI14540525320707650,+351304729098,337,purse,14-07-2022,8
95,SI14540525320707650,+976185289272,393,ribbon,10-09-2022,7
96,PK06PYDX9IKDYX2W6BCBMLX1,+62302716489,409,shirt button,18-10-2022,4
97,PK06PYDX9IKDYX2W6BCBMLX1,+48534507255,444,chalk,12-11-2022,10
98,PK06PYDX9IKDYX2W6BCBMLX1,+62302716489,111,box of baking soda,14-07-2022,13
99,MC252479540832T14TYUTCAJX17,+48725873946,165,bottle of syrup,14-11-2022,4
100,MC252479540832T14TYUTCAJX17,+7510456563,229,desk,24-12-2022,14
101,MC252479540832T14TYUTCAJX17,+55200596687,166,tiger,29-11-2022,5
102,MC252479540832T14TYUTCAJX17,+33710818637,80,spatula,27-05-2022,18
103,MC252479540832T14TYUTCAJX17,+86943677325,205,slipper,04-09-2022,17
104,IS928892874631938551679674,+7699849654,236,lock and key,13-04-2022,18
105,IS928892874631938551679674,+7121813198,355,jump rope,10-01-2023,19
106,IS928892874631938551679674,+46993287170,146,ball of yarn,28-09-2021,6
107,IS928892874631938551679674,+261972212399,76,knitting needles,03-09-2022,2
108,IS928892874631938551679674,+62992175280,152,eraser,28-01-2022,18
109,PL43281800397501597971052578,+81509432607,320,bottle,23-01-2022,14
110,PL43281800397501597971052578,+62977252507,267,cd,23-02-2022,4
111,PL43281800397501597971052578,+33501614782,417,house,16-01-2022,2
112,AE208442104089089423018,+49976428080,192,handbasket,08-03-2022,15
113,AE208442104089089423018,+967507351165,240,hair pin,09-03-2022,2
114,AE208442104089089423018,+7682713586,269,freezer,27-11-2022,15
115,FR794576365824OBDHH9XQU3Z48,+60363470416,148,umbrella,25-08-2022,16
116,FR794576365824OBDHH9XQU3Z48,+48712407558,285,yeti bottle,04-05-2022,13
117,FR794576365824OBDHH9XQU3Z48,+7682713586,63,door,11-04-2022,5
118,FR794576365824OBDHH9XQU3Z48,+598356485598,418,wallet,26-08-2022,18
119,DE42771744757544870860,+1858381995,263,bottle of sunscreen,18-06-2022,19
120,DE42771744757544870860,+420763235017,361,table,24-07-2022,11
121,MK76101XO6RF8MT6N44,+86939697780,488,book,27-08-2022,12
122,MK76101XO6RF8MT6N44,+7992994041,452,painting,14-02-2022,18
123,MK76101XO6RF8MT6N44,+86489453162,462,lotion,20-02-2022,13
124,MK76101XO6RF8MT6N44,+420241544669,342,cellphone,23-08-2022,2
125,FR8885856433902PFBER7MY9W00,+45980120886,142,globe,11-07-2022,13
126,FR8885856433902PFBER7MY9W00,+62367623861,119,pen,06-04-2022,18
127,FR8885856433902PFBER7MY9W00,+380697464943,246,sandglass,01-10-2022,19
128,PL48063123299606189735634665,+86489453162,195,baseball jersey,09-04-2022,13
129,PL48063123299606189735634665,+62977734861,227,pasta strainer,18-06-2022,12
130,PL48063123299606189735634665,+62179678143,17,bowl,25-06-2022,15
131,PL48063123299606189735634665,+7510456563,264,baseball jersey,29-06-2022,6
132,LI94577706TCILDNRABOC,+52197160608,131,cars,20-03-2022,15
133,LI94577706TCILDNRABOC,+967507351165,340,shirt button,01-07-2022,12
134,LI94577706TCILDNRABOC,+86858312577,124,cucumber,15-12-2022,7
135,ES7295078258162113141744,+63470868442,81,stick,17-11-2021,8
136,ES7295078258162113141744,+30382841472,400,leaf blower,14-02-2022,8
137,ES7295078258162113141744,+30382841472,229,sheet of paper,24-02-2022,4
138,MD730CGGIQL7X7HD8J48NWXZ,+351741434882,440,towel,05-06-2022,2
139,MD730CGGIQL7X7HD8J48NWXZ,+86203907565,421,dove,01-05-2022,1
140,BG13JEIC509423NAXUKOLW,+976519385905,166,mobile phone,29-07-2022,18
141,BG13JEIC509423NAXUKOLW,+62143725848,345,roll of masking tape,20-07-2022,2
142,ME06010270545643065544,+680180249344,255,ice cube,29-12-2021,13
143,ME06010270545643065544,+86371887730,262,coffee mug,21-12-2022,13
144,ME06010270545643065544,+7943494051,282,shark,10-04-2022,1
145,ME06010270545643065544,+1981535764,401,sandglass,27-11-2022,3
146,MK885706QX8UYFKTF20,+351503945954,176,cd,03-10-2021,17
147,NO2855437598422,+55200596687,284,pinecone,22-10-2022,11
148,NO2855437598422,+62179678143,457,cucumber,13-05-2021,17
149,LI2033561S5WMFJ5ZBQZX,+420651404424,383,table,07-05-2022,8
150,LI2033561S5WMFJ5ZBQZX,+62143725848,276,bow,27-11-2021,6
151,LI2033561S5WMFJ5ZBQZX,+62977734861,423,towel,05-02-2022,6
152,FR6770020963208J1UCIEIWYZ93,+420730609388,317,key chain,11-03-2022,10
153,FR664530848066PZS7RTSBPDX82,+86775132185,76,seat belt,26-09-2021,16
154,FR664530848066PZS7RTSBPDX82,+55880306456,239,eraser,11-08-2021,3
155,RO38TDIXDHGRSSBIIEBSAHNZ,+86682692512,43,lemon,04-01-2022,8
156,RO38TDIXDHGRSSBIIEBSAHNZ,+46600402366,244,duffel bag,31-08-2022,13
157,RO38TDIXDHGRSSBIIEBSAHNZ,+86478157603,480,orange,15-11-2022,11
158,RO38TDIXDHGRSSBIIEBSAHNZ,+351993280752,427,lemon,29-04-2022,13
159,RO38TDIXDHGRSSBIIEBSAHNZ,+81388309971,222,apple,06-08-2022,8
160,KW60GHNXNSHUOVNJSBVP2SQ00JCM0P,+64517847391,269,plastic fork,27-05-2022,11
161,KW60GHNXNSHUOVNJSBVP2SQ00JCM0P,+86804847704,78,belt,30-12-2021,12
162,KW60GHNXNSHUOVNJSBVP2SQ00JCM0P,+351280591908,340,christmas ornament,07-06-2022,2
163,KW60GHNXNSHUOVNJSBVP2SQ00JCM0P,+7951251321,304,jigsaw puzzle,28-04-2022,16
164,KW60GHNXNSHUOVNJSBVP2SQ00JCM0P,+86943677325,455,bottle of syrup,10-05-2022,6
165,LI6447144YSY4Z7BZZZRK,+46560441717,50,bowl,13-06-2022,17
166,LI6447144YSY4Z7BZZZRK,+420265609440,338,paper,28-11-2022,8
167,LI6447144YSY4Z7BZZZRK,+63646186195,373,lotion,17-09-2022,13
168,LI6447144YSY4Z7BZZZRK,+86203907565,499,necklace,19-04-2022,19
169,FR9782327987451AYUC37U0EF51,+1858381995,238,sharpie,03-04-2022,13
170,FR9782327987451AYUC37U0EF51,+7510456563,496,coffee mug,13-04-2022,5
171,FR9782327987451AYUC37U0EF51,+47994178946,454,hair pin,22-04-2022,16
172,FR9782327987451AYUC37U0EF51,+30716659653,260,comic book,06-12-2022,18
173,SI74825760997584571,+353611976129,496,duffel bag,10-07-2022,2
174,SI74825760997584571,+63280751319,386,garbage can,18-05-2021,12
175,MC574513984017FXNQQKOYBLQ33,+62559632457,169,tin of popcorn,18-07-2022,13
176,MC574513984017FXNQQKOYBLQ33,+33710818637,173,computer,08-09-2021,15
177,MC574513984017FXNQQKOYBLQ33,+63820742955,491,case,06-09-2022,12
178,MC574513984017FXNQQKOYBLQ33,+86858312577,271,spool of ribbon,21-12-2022,16
179,MC574513984017FXNQQKOYBLQ33,+86229326632,217,chicken,27-08-2022,15
180,PL11799872834331665811266572,+33926476161,140,piece of gum,29-03-2022,2
181,PL11799872834331665811266572,+46679191707,401,toothpick,23-01-2022,7
182,PL11799872834331665811266572,+62984258573,35,lotion,10-04-2022,3
183,PL11799872834331665811266572,+62143725848,379,notepad,08-04-2022,5
184,PL11799872834331665811266572,+55150644226,364,lock and key,03-04-2022,17
185,CH584827884PGVRUBCRFO,+7623232605,96,snail shell,18-04-2022,10
186,CH584827884PGVRUBCRFO,+86373390113,311,jump rope,10-03-2022,1
187,CH584827884PGVRUBCRFO,+86459893311,80,box of baking soda,14-10-2022,18
188,CH584827884PGVRUBCRFO,+86632895706,280,bowl,15-11-2022,11
189,CH584827884PGVRUBCRFO,+7178860597,268,book,09-10-2021,15
190,SI16655849116473450,+256627243316,205,painting,25-08-2022,15
191,SI16655849116473450,+86311454257,340,sandal,29-12-2021,19
192,SI16655849116473450,+62576760299,273,football,12-01-2023,15
193,FR415369337789HNEDLEYCLTX34,+359295816922,142,candy wrapper,31-10-2021,7
194,FR415369337789HNEDLEYCLTX34,+66258975945,276,snail shell,13-12-2021,14
195,FR415369337789HNEDLEYCLTX34,+86373390113,435,knitting needles,05-08-2022,9
196,FR415369337789HNEDLEYCLTX34,+234159349718,30,purse,17-06-2022,1
197,PT32784241761371374262171,+358766715803,152,hair pin,03-01-2022,11
198,PT32784241761371374262171,+7178860597,65,duffel bag,10-02-2022,8
199,PT32784241761371374262171,+46600402366,290,lion,14-11-2022,18
200,ME97661623675960265882,+86175470335,285,chalk,16-04-2022,16
201,ME97661623675960265882,+976185289272,420,hand mirror,08-12-2022,14
202,ME97661623675960265882,+1936301841,272,rubber band,28-12-2021,7
203,FR555370117262M8MHCS4TW0778,+63280751319,392,cars,06-08-2021,18
204,FR555370117262M8MHCS4TW0778,+55920649617,301,yeti bottle,19-12-2022,19
205,FR555370117262M8MHCS4TW0778,+48367560572,476,lotion,26-10-2021,12
206,TN5478612701002964205356,+62383327754,106,case,13-10-2022,18
207,TN5478612701002964205356,+420651404424,143,garbage can,24-02-2022,10
208,TN5478612701002964205356,+1253714047,380,tiger,26-11-2021,17
209,TN5478612701002964205356,+86533742427,386,knife,11-04-2022,12
210,KW82KSFYM4YY93ESZGLAMCNATMMBIG,+81509432607,296,usb stick,03-11-2022,15
211,KW82KSFYM4YY93ESZGLAMCNATMMBIG,+62559632457,72,computer,14-07-2022,19
212,KW82KSFYM4YY93ESZGLAMCNATMMBIG,+1981535764,401,piece of gum,25-12-2022,18
213,PL89877171017396818184443026,+81388309971,278,racket,16-04-2022,1
214,PL89877171017396818184443026,+30553990652,159,computer,13-06-2022,3
215,PL89877171017396818184443026,+86459893311,146,snail shell,03-07-2022,14
216,PL89877171017396818184443026,+998679555254,297,bottle of sunscreen,10-08-2022,7
217,PL89877171017396818184443026,+86831938040,395,wooden spoon,24-04-2022,7
218,FR695430719047MSWFWEIHCAO18,+46560441717,10,class ring,14-11-2022,15
219,FR695430719047MSWFWEIHCAO18,+86992997375,462,cellphone,28-01-2022,15
220,FR695430719047MSWFWEIHCAO18,+1269819738,319,cell phone,13-11-2022,8
221,FR695430719047MSWFWEIHCAO18,+86669902671,284,lamp,10-07-2022,2
222,GL4455269002179975,+30650257523,151,canteen,30-12-2021,2
223,GL4455269002179975,+33903778140,223,tree,11-04-2022,2
224,GL4455269002179975,+48712407558,335,postage stamp,02-05-2022,6
225,GL4455269002179975,+86943677325,170,car,06-01-2022,8
226,GL4455269002179975,+62588984030,171,stick,03-04-2022,11
227,SM04O2872816220NX2CRTU1F91Z,+385950817415,403,bottle of water,29-05-2022,15
228,SM04O2872816220NX2CRTU1F91Z,+30382841472,20,shark,11-08-2022,18
229,SM04O2872816220NX2CRTU1F91Z,+62992175280,115,roll of masking tape,18-03-2022,1
230,SM04O2872816220NX2CRTU1F91Z,+351818166039,318,seat belt,24-07-2022,12
231,SM04O2872816220NX2CRTU1F91Z,+86533742427,149,tiger,17-06-2022,15
232,FR2505908882660FTQILUB4R861,+420241544669,200,pinecone,15-03-2022,16
233,FR2505908882660FTQILUB4R861,+381704676772,175,table,12-04-2022,16
234,FR2505908882660FTQILUB4R861,+33609289929,266,football,28-06-2022,2
235,FR2505908882660FTQILUB4R861,+1981535764,227,towel,11-06-2022,1
236,CY8714298070SW8FV1GLHBWSTKYO,+7951251321,465,dagger,03-10-2022,8
237,CY8714298070SW8FV1GLHBWSTKYO,+30716659653,91,wooden spoon,27-07-2022,15
238,FR433271943275Q7IKGEEUQOE62,+33903778140,15,pasta strainer,17-08-2022,5
239,FR433271943275Q7IKGEEUQOE62,+46600402366,237,table,16-04-2022,3
240,FR433271943275Q7IKGEEUQOE62,+64517847391,483,sheep,06-10-2022,19
241,KZ57817DZXUEGJAWDPRF,+963438178950,251,rusty nail,14-10-2021,11
242,KZ57817DZXUEGJAWDPRF,+30650257523,331,card,12-11-2021,12
243,KZ57817DZXUEGJAWDPRF,+58301906375,107,painting,18-03-2022,13
244,NL78SXNX5876067470,+86170742330,211,white out,09-10-2022,11
245,PT76725017952203419820774,+52303509604,364,notepad,25-08-2022,11
246,SA4941E7VC2BUJG8DVLMIUB9,+86160784360,166,chalk,30-01-2022,9
247,SA4941E7VC2BUJG8DVLMIUB9,+977600398614,165,cartridge,17-10-2022,4
248,SA4941E7VC2BUJG8DVLMIUB9,+359295816922,431,check book,26-06-2022,15
249,SA4941E7VC2BUJG8DVLMIUB9,+380697464943,475,white out,04-08-2022,11
250,SA4941E7VC2BUJG8DVLMIUB9,+86972977227,482,postage stamp,23-01-2022,13
251,MK88922HU8SSC0WM810,+86735505159,129,computer,17-11-2021,15
252,CH1618474PWEBI8QAGREI,+86965300625,221,purse,04-12-2021,5
253,CH1618474PWEBI8QAGREI,+86963886634,435,dove,29-09-2021,6
254,HU87667080640745192379770387,+48725873946,443,bag,18-01-2022,17
255,HU87667080640745192379770387,+7623232605,150,scissors,23-02-2022,4
256,HU87667080640745192379770387,+62957321338,191,key chain,15-01-2022,13
257,SE0410756440958840317925,+86804847704,451,steak knife,03-11-2021,14
258,SE0410756440958840317925,+351503945954,125,knitting needles,10-10-2021,2
259,RO18EUJTUIXL9GMIVTAD47EI,+62367623861,379,class ring,15-12-2021,1
260,RO18EUJTUIXL9GMIVTAD47EI,+82972598207,22,bread,13-01-2022,13
261,RO18EUJTUIXL9GMIVTAD47EI,+86965300625,70,statuette,09-08-2021,12
262,FR1549583566069TR1N2XWOYX34,+55150644226,287,ice cube,23-07-2022,12
263,FR1549583566069TR1N2XWOYX34,+55150644226,131,nickel,12-07-2022,4
264,FR1549583566069TR1N2XWOYX34,+351280591908,305,bottle,08-07-2022,15
265,FR1549583566069TR1N2XWOYX34,+420177651224,187,fridge,12-11-2022,9
266,FR3481428835649QEVERDZJYP38,+385950817415,170,ribbon,19-06-2022,13
267,FR3481428835649QEVERDZJYP38,+55865473714,201,hair pin,09-07-2021,7
268,FR3481428835649QEVERDZJYP38,+1981535764,441,pillow,19-08-2021,6
269,FR3481428835649QEVERDZJYP38,+7623232605,343,rusty nail,20-04-2022,16
270,DK6058517087729622,+48232879749,229,racket,08-12-2021,2
271,DK6058517087729622,+62270954982,414,record player,05-07-2021,9
272,DK6058517087729622,+63119146720,290,chicken,14-09-2022,15
273,DK6058517087729622,+86242536696,396,lipstick,24-01-2022,1
274,DK6058517087729622,+86470459601,149,bottle of sunscreen,25-12-2021,12
275,LI9457531A6YJLWIJKNSQ,+351943860770,89,house,13-08-2021,1
276,LI9457531A6YJLWIJKNSQ,+81388309971,77,knitting needles,22-03-2022,7
277,LI9457531A6YJLWIJKNSQ,+504576408122,230,pen,11-08-2022,6
278,LI9457531A6YJLWIJKNSQ,+7682713586,43,candy wrapper,27-12-2022,13
279,LI9457531A6YJLWIJKNSQ,+33903778140,296,tennis ball,14-11-2021,7
280,NL76JNXX1868440926,+359295816922,283,chalk,23-06-2022,8
281,NL76JNXX1868440926,+86489453162,245,camera,20-02-2022,12
282,NL76JNXX1868440926,+7121813198,244,umbrella,16-10-2021,7
283,GI83NEWZEVPW4UU7XMWZ0HZ,+62302716489,323,roll of masking tape,21-12-2022,1
284,GI83NEWZEVPW4UU7XMWZ0HZ,+48736787227,79,cotton ball,30-09-2021,1
285,GI83NEWZEVPW4UU7XMWZ0HZ,+1981535764,134,pillow,08-06-2022,4
286,MD45BCMPTO0A8JEWCMIMULCR,+47624463848,243,baseball jersey,27-01-2022,3
287,MD45BCMPTO0A8JEWCMIMULCR,+55830177040,392,purse,19-05-2022,18
288,IE51AAOQ21828404077999,+46679191707,390,tweezers,29-04-2022,11
289,IE51AAOQ21828404077999,+81388309971,415,sheep,26-05-2022,2
290,IE51AAOQ21828404077999,+977600398614,398,hair pin,29-11-2021,13
291,BE14175804407331,+58351464046,190,spatula,19-09-2021,15
292,BE14175804407331,+387557570404,72,postage stamp,24-05-2022,16
293,BE14175804407331,+63280751319,146,computer,17-07-2021,19
294,AL5959600739QLBVKSV5UR8L5MCU,+86247969462,294,headphones,02-03-2022,10
295,AL5959600739QLBVKSV5UR8L5MCU,+86175470335,77,notepad,10-04-2022,1
296,AL5959600739QLBVKSV5UR8L5MCU,+86636562184,274,bottle of sunscreen,17-06-2022,15
297,TR0759790QLUOZUYZBIF6LUMC0,+62143725848,256,lion,05-03-2022,15
298,IE42UTTQ67174907923500,+84697674381,314,fridge,09-01-2022,12
299,IE42UTTQ67174907923500,+33466720357,412,lamp,24-12-2021,17
300,LB112232GXFEIRUSUKN8WRUCRGQM,+86912263165,299,yeti bottle,29-01-2022,14
301,LB112232GXFEIRUSUKN8WRUCRGQM,+48534507255,225,empty jar,22-03-2022,18
302,LB112232GXFEIRUSUKN8WRUCRGQM,+420265609440,194,knitting needles,16-04-2022,16
303,LB64197862DLT0DLQ7H8HKJHW7CI,+52197160608,138,towel,15-06-2022,16
304,PS08YUQBD0QXSCE7LOYO3WEIIFHOA,+351304729098,348,headphones,28-07-2022,1
305,PS08YUQBD0QXSCE7LOYO3WEIIFHOA,+34189306648,382,towel,16-03-2022,14
306,EE386688945979336861,+351741434882,157,house,26-04-2022,7
307,EE386688945979336861,+62964115952,466,bottle of syrup,05-07-2022,17
308,GT83QMU2BFPVMOYQBSZ9SLMMIWW3,+420763235017,86,purse,11-03-2022,18
309,GT83QMU2BFPVMOYQBSZ9SLMMIWW3,+62322887303,375,book,27-04-2022,10
310,GT83QMU2BFPVMOYQBSZ9SLMMIWW3,+351304729098,85,spatula,23-10-2022,3
311,GT83QMU2BFPVMOYQBSZ9SLMMIWW3,+62964115952,197,apple,15-10-2021,18
312,FR836087418377IWU8PVEGDVU13,+420177651224,409,chalkboard,01-01-2022,7
313,GR665961948ADBSX9QJRLACNGCS,+62743298887,446,purse,22-12-2021,5
314,GR665961948ADBSX9QJRLACNGCS,+420730609388,440,candy wrapper,23-09-2021,5
315,BA930876333848218316,+381704676772,306,sword,17-08-2022,5
316,BA930876333848218316,+81170280150,128,board game,01-12-2022,13
317,BA930876333848218316,+62124282896,306,bottle,21-07-2021,9
318,AL0870006466BDDYHJJGOUMQB7A6,+33926476161,106,bowl,29-04-2022,7
319,AL0870006466BDDYHJJGOUMQB7A6,+420145477570,435,lemon,23-04-2022,1
320,LU70851H7LSUB3GSRLFG,+63141500517,12,sheep,20-03-2022,18
321,LU70851H7LSUB3GSRLFG,+46600402366,178,chocolate,25-11-2022,2
322,FR5013365821287GQMMDD6OLU83,+46656659453,183,umbrella,12-10-2021,17
323,FR5013365821287GQMMDD6OLU83,+63646186195,265,bouquet of flowers,27-07-2022,15
324,FR5013365821287GQMMDD6OLU83,+386306882333,359,hammer,05-11-2021,4
325,FR5013365821287GQMMDD6OLU83,+7747639422,193,handbasket,15-11-2021,8
326,IT95C5136669136DOMHUVNPWXL1,+81170280150,407,shark,19-05-2022,13
327,BH67DBGDTWOO98T1IIB1GE,+48736787227,402,desk,06-03-2022,3
328,AT226036253155779986,+62964115952,212,feather,17-12-2022,9
329,AT226036253155779986,+86815519754,318,lotion,27-10-2022,11
330,AT226036253155779986,+62173565366,283,bag,17-10-2022,4
331,AT226036253155779986,+7121813198,277,net,22-07-2022,6
332,AT226036253155779986,+62342261629,256,jigsaw puzzle,13-04-2022,11
333,DO65YOCL31275685388452922839,+81509432607,327,purse,06-03-2022,4
334,DO65YOCL31275685388452922839,+62383327754,436,rubber stamp,03-05-2022,6
335,KW59IMZAU6XRJDDOMKHUQXXXQNGYBX,+264343441963,273,car,01-06-2022,6
336,DO39GE7C12482803957849368595,+33926476161,147,lock and key,16-04-2022,17
337,DO39GE7C12482803957849368595,+420145477570,318,puddle,31-03-2022,13
338,PL02388355872187260826304548,+86533742427,485,cars,16-10-2022,4
339,PL02388355872187260826304548,+353611976129,204,remote,20-02-2022,10
340,LI9802427CPUSD02PMERA,+261972212399,128,pinecone,29-11-2021,4
341,LI9802427CPUSD02PMERA,+7178860597,494,sandglass,14-09-2021,9
342,LI9802427CPUSD02PMERA,+387557570404,239,net,31-12-2022,5
343,LI9802427CPUSD02PMERA,+63854909810,378,can of chili,15-09-2022,6
344,GR522354528C95EVZDAXCLHWO6W,+86965300625,72,umbrella,27-12-2021,5
345,GR522354528C95EVZDAXCLHWO6W,+64517847391,58,ring,29-09-2022,2
346,GR522354528C95EVZDAXCLHWO6W,+387557570404,249,freezer,07-07-2022,12
347,GR522354528C95EVZDAXCLHWO6W,+86247969462,10,bottle of sunscreen,17-02-2022,6
348,GR522354528C95EVZDAXCLHWO6W,+351635245534,319,comic book,15-07-2022,6
349,GI02OSMLZCVPC3LI6P7EZUF,+86951558807,382,cd,18-10-2022,19
350,GI02OSMLZCVPC3LI6P7EZUF,+62270954982,482,tin can,20-09-2022,2
351,GI02OSMLZCVPC3LI6P7EZUF,+46656659453,463,fridge,09-12-2022,13
352,GI02OSMLZCVPC3LI6P7EZUF,+63646186195,407,wooden spoon,14-08-2022,1
353,MR2368945812321419374551561,+351741258569,451,purse,24-06-2022,10
354,MU38SPRZ6561085529865602003KQY,+48712407558,214,pin,25-02-2022,10
355,MU38SPRZ6561085529865602003KQY,+420241544669,324,spring,16-12-2021,13
356,MU38SPRZ6561085529865602003KQY,+62559632457,197,wedding ring,28-04-2022,7
357,GL5292163970877711,+507912939504,427,letter opener,30-08-2022,16
358,GL5292163970877711,+1255264315,218,mace,04-09-2021,19
359,GL5292163970877711,+48367560572,188,cotton ball,29-04-2022,2
360,GL5292163970877711,+81170280150,163,lotion,14-06-2022,4
361,GL5292163970877711,+7699849654,298,can of chili,10-03-2022,12
362,BG10EWTB1413962P6E6CZJ,+420241544669,461,statuette,11-05-2022,3
363,BG10EWTB1413962P6E6CZJ,+351741258569,16,socks,06-05-2022,18
364,BG10EWTB1413962P6E6CZJ,+355363144224,427,record player,11-10-2022,5
365,BG10EWTB1413962P6E6CZJ,+46993287170,128,globe,10-06-2022,4
366,BG10EWTB1413962P6E6CZJ,+86963886634,97,painting,19-05-2021,6
367,LI9151289N8ADOGNRY7JJ,+351818166039,233,mace,23-09-2022,3
368,LI9151289N8ADOGNRY7JJ,+33453775381,336,tree,08-02-2022,5
369,LI9151289N8ADOGNRY7JJ,+420763235017,90,batteries,16-05-2022,6
370,LI9151289N8ADOGNRY7JJ,+64517847391,373,tiger,27-01-2022,7
371,FR044345369650K70UZEP1PLB38,+7354293872,122,remote,07-08-2022,7
372,FR044345369650K70UZEP1PLB38,+55920649617,243,light bulb,14-10-2022,10
373,FR044345369650K70UZEP1PLB38,+86247969462,95,cucumber,25-04-2022,13
374,AE791992291992682614433,+86247969462,63,baseball jersey,14-01-2022,14
375,AE791992291992682614433,+7354293872,246,chalk,13-01-2022,17
376,AE791992291992682614433,+598356485598,214,tennis ball,10-11-2022,13
377,AZ32WDFXIMHARYKZEWVKS5QG5GQ7,+86163783592,55,dagger,21-04-2022,6
378,AZ32WDFXIMHARYKZEWVKS5QG5GQ7,+63854909810,27,letter opener,27-11-2022,13
379,AZ32WDFXIMHARYKZEWVKS5QG5GQ7,+420265609440,360,dove,21-11-2022,19
380,KW22OLNPISJDMT4SNHFR0DSPN5ANKQ,+55920649617,469,chalk,15-02-2022,11
381,KW22OLNPISJDMT4SNHFR0DSPN5ANKQ,+62588984030,381,mask,26-11-2022,15
382,KW22OLNPISJDMT4SNHFR0DSPN5ANKQ,+420763235017,148,net,27-10-2022,12
383,IT92R5558006844U0FADCFZP08W,+46560441717,177,bouquet of flowers,22-06-2022,4
384,IT92R5558006844U0FADCFZP08W,+62342261629,367,straw,17-04-2022,12
385,PS04VYBCQPFJWHXPFFNWDRHMH7Z9E,+55865473714,19,dagger,13-10-2021,2
386,PS04VYBCQPFJWHXPFFNWDRHMH7Z9E,+420651404424,160,iphone charger,15-03-2022,18
387,PS04VYBCQPFJWHXPFFNWDRHMH7Z9E,+33453775381,485,scissors,12-12-2022,18
388,PS04VYBCQPFJWHXPFFNWDRHMH7Z9E,+86488986722,216,stone,18-01-2022,5
389,KZ08583RLSRYBXSZMLZ4,+234983178188,358,football,20-08-2022,1
390,KZ08583RLSRYBXSZMLZ4,+86488986722,291,dagger,10-03-2022,15
391,FR654459310157FSFJXHSE1FU24,+62179678143,246,teddy bear,24-04-2022,10
392,FR654459310157FSFJXHSE1FU24,+86459893311,202,teddy bear,08-08-2022,5
393,BR1205660151330024495652954UY,+86373390113,70,coffee mug,22-11-2022,19
394,FR8531903426929BVM9A1DXCW93,+62977252507,205,shovel,01-10-2022,1
395,FR8531903426929BVM9A1DXCW93,+261972212399,231,sheep,03-01-2023,19
396,IL864925811367077730271,+62957321338,90,lamp,22-08-2022,17
397,LV72XXYBH0G42VAO1QZAS,+81119520694,90,pinecone,07-07-2022,10
398,LV72XXYBH0G42VAO1QZAS,+1858381995,272,purse,23-04-2022,10
399,LV72XXYBH0G42VAO1QZAS,+33592126224,85,feather,24-08-2022,9
400,GB48ENOZ97260071015756,+386306882333,97,record player,28-03-2022,16
401,GB48ENOZ97260071015756,+46656659453,236,spatula,27-02-2022,6
402,LT686535476410631841,+33710818637,240,pinecone,31-08-2022,6
403,LT686535476410631841,+62950452357,468,lotion,24-09-2022,14
404,MU79EOTT8963977338902634213BSU,+62478307271,129,stroller,01-01-2023,10
405,MU79EOTT8963977338902634213BSU,+62478307271,417,baseball jersey,21-03-2022,5
406,MU79EOTT8963977338902634213BSU,+62302716489,240,tin of popcorn,05-06-2022,12
407,MU79EOTT8963977338902634213BSU,+33903778140,499,paper,28-07-2022,12
408,FR241647887802ACKVGEEEQZM87,+86775132185,432,ball of yarn,24-05-2022,17
409,FR241647887802ACKVGEEEQZM87,+7992994041,275,class ring,03-01-2023,8
410,FR241647887802ACKVGEEEQZM87,+55830177040,236,necklace,28-11-2022,18
411,FR241647887802ACKVGEEEQZM87,+46560441717,385,handbasket,17-12-2021,11
412,FR241647887802ACKVGEEEQZM87,+998679555254,253,chalkboard,11-08-2022,14
413,DE87413056918276489411,+33609289929,239,wallet,04-07-2022,17
414,DE87413056918276489411,+55920649617,230,handbasket,01-08-2022,9
415,DO692LOA24615275459286419733,+998679555254,154,bed,03-06-2022,14
416,DO692LOA24615275459286419733,+64517847391,354,chalkboard,31-03-2022,2
417,DO692LOA24615275459286419733,+420730609388,295,painting,09-02-2022,6
418,TN9828137049969786960962,+504576408122,198,dictionary,09-10-2022,1
419,TN9828137049969786960962,+62984258573,123,straw,08-06-2022,10
420,TN9828137049969786960962,+46993287170,307,batteries,18-03-2022,2
421,TN9828137049969786960962,+62559632457,173,cd,14-11-2022,14
422,SK9128096539431151563108,+62964115952,258,plastic fork,13-11-2022,2
423,SK9128096539431151563108,+420730609388,74,paper,14-06-2022,15
424,SK9128096539431151563108,+420145477570,68,bottle of oil,19-06-2022,2
425,AL33908744009C521XY5QXTPUATG,+86923111730,387,controller,13-02-2022,5
426,AE236837503028130721519,+1676660306,340,tiger,25-07-2022,3
427,AE236837503028130721519,+81170280150,62,record player,12-09-2022,4
428,AE236837503028130721519,+86373390113,321,lemon,19-05-2022,18
429,AE236837503028130721519,+251706252365,493,lion,25-09-2022,19
430,AE236837503028130721519,+86992997375,470,piece of gum,11-12-2021,2
431,ME30014423925934878853,+355363144224,171,chalk,31-03-2022,3
432,ME30014423925934878853,+420177651224,476,wallet,09-12-2022,3
433,CZ7501037659587135778487,+48736787227,480,wedding ring,08-04-2021,17
434,CZ7501037659587135778487,+62950452357,84,bottle of lotion,14-03-2022,11
435,CZ7501037659587135778487,+48415605100,47,cookie tin,05-06-2022,12
436,CZ7501037659587135778487,+33609289929,206,controller,07-02-2022,8
437,IL786557961952878739199,+30382841472,461,stone,17-12-2022,3
438,IL786557961952878739199,+351635245534,341,freezer,14-12-2021,13
439,IL786557961952878739199,+33609289929,449,pinecone,24-07-2022,7
440,CH6793171T2FIYUY16UEY,+63141500517,125,toothpick,19-06-2022,3
441,CH6793171T2FIYUY16UEY,+264343441963,165,magnifying glass,05-06-2022,5
442,CH6793171T2FIYUY16UEY,+86459893311,173,knitting needles,20-06-2022,10
443,CH6793171T2FIYUY16UEY,+7623232605,352,slipper,16-03-2022,7
444,AL7735553150TGPITLB0SYRDI9PS,+30553990652,172,lock and key,08-11-2022,1
445,AL7735553150TGPITLB0SYRDI9PS,+86371887730,92,cucumber,13-12-2022,10
446,AL7735553150TGPITLB0SYRDI9PS,+264343441963,101,tree,26-09-2022,16
447,AL7735553150TGPITLB0SYRDI9PS,+30553990652,200,pencil,11-01-2023,18
448,AL7735553150TGPITLB0SYRDI9PS,+7992994041,31,notepad,28-12-2022,4
449,HR2046564264198251845,+976185289272,495,dagger,17-06-2022,1
450,HR2046564264198251845,+7542922911,377,chalkboard,31-03-2022,1
451,LU67780AHKNQAGUVIQCQ,+62143725848,275,fridge,23-07-2022,6
452,DE26201314004591017445,+55467267532,128,painting,14-09-2022,12
453,DE26201314004591017445,+47624463848,143,cars,28-02-2022,17
454,DE26201314004591017445,+52197160608,277,cd,16-05-2022,19
455,DE26201314004591017445,+55467267532,212,tree,13-05-2022,19
456,FR618914331395Y2P7V6AEBDG70,+48725873946,152,cellphone,28-06-2022,2
457,FR618914331395Y2P7V6AEBDG70,+7510828431,145,tree,10-01-2022,15
458,FR618914331395Y2P7V6AEBDG70,+48534507255,109,globe,12-07-2022,12
459,FR880802642577SKWA7FFSOSY93,+86917890545,267,wallet,04-08-2022,18
460,FR880802642577SKWA7FFSOSY93,+46993287170,223,toothpick,13-05-2022,4
461,FR880802642577SKWA7FFSOSY93,+420265609440,31,headphones,22-09-2022,17
462,FR880802642577SKWA7FFSOSY93,+27310363287,242,feather,22-01-2022,11
463,FR880802642577SKWA7FFSOSY93,+33466720357,332,dagger,06-01-2022,16
464,CH40257354COC2G42ATEJ,+86963886634,456,slipper,13-05-2021,11
465,CH40257354COC2G42ATEJ,+86804847704,250,fridge,17-11-2021,12
466,CH40257354COC2G42ATEJ,+7510828431,229,can of chili,31-12-2021,15
467,IL930759747392977098228,+62478307271,440,laptop,02-01-2023,7
468,SM21J8226711495E7QWVSFSIA8R,+81509432607,456,bottle,16-03-2022,5
469,SM21J8226711495E7QWVSFSIA8R,+86488986722,382,tennis ball,11-12-2021,4
470,CR5054394223774342612,+234983178188,163,sheep,25-06-2022,1
471,CR5054394223774342612,+46993287170,344,tennis racket,09-07-2022,11
472,CR5054394223774342612,+86939697780,180,slipper,20-05-2022,9
473,CZ4978198580333176676814,+30716659653,430,coffee mug,16-03-2022,10
474,CZ4978198580333176676814,+33903778140,56,ribbon,18-01-2022,1
475,CZ4978198580333176676814,+62342261629,41,hair pin,18-12-2021,9
476,KZ79698SAMINRDWP0SU3,+1916166972,440,spatula,06-11-2022,11
477,KZ79698SAMINRDWP0SU3,+45980120886,163,coffee mug,07-07-2022,18
478,KZ79698SAMINRDWP0SU3,+86470459601,181,piece of gum,19-06-2022,6
479,IE51HMAU92310220433666,+55200596687,414,paper,01-11-2022,15
480,IE51HMAU92310220433666,+1916166972,378,orange,29-09-2022,14
481,IE51HMAU92310220433666,+7510828431,182,wallet,01-11-2022,4
482,LB020531YBRENLULG71HLYYHAJFW,+62559632457,441,dictionary,19-07-2022,14
483,LB020531YBRENLULG71HLYYHAJFW,+58351464046,450,umbrella,18-10-2022,16
484,BE73412981269660,+86917890545,361,magazine,31-03-2022,16
485,BE73412981269660,+963438178950,159,cucumber,07-08-2021,10
486,BE73412981269660,+86489453162,73,garbage can,14-02-2022,2
487,BE73412981269660,+963829418752,432,cucumber,06-05-2021,7
488,BH89XBHG5UNJQVF7DMBYNQ,+234983178188,399,money,12-08-2022,12
489,BH89XBHG5UNJQVF7DMBYNQ,+58301906375,385,tweezers,04-09-2022,13
490,FR852149528972WKYPXKZBV9783,+46600402366,280,camera,10-09-2022,14
491,MD127KRR5IDXVHDKKSBDCYLZ,+381704676772,444,tennis ball,13-11-2022,12
492,MD127KRR5IDXVHDKKSBDCYLZ,+261972212399,66,rusty nail,01-10-2022,11
493,MD127KRR5IDXVHDKKSBDCYLZ,+351993280752,238,lock and key,26-07-2022,16
494,MD127KRR5IDXVHDKKSBDCYLZ,+86682692512,91,pen,12-03-2022,15
495,AD3436784333NJ8STCMDIPRF,+58351464046,242,frog leg,13-05-2022,13
496,AD3436784333NJ8STCMDIPRF,+62576760299,228,bouquet of flowers,29-07-2022,14
497,IL954780099934615738624,+30716659653,129,ice cube,10-11-2022,6
498,IL954780099934615738624,+55830177040,274,nail filer,12-04-2022,18
499,IL954780099934615738624,+86311454257,352,tin can,24-02-2022,16
500,PT79958979704247087374884,+598356485598,435,tree,21-02-2022,4
501,PT79958979704247087374884,+55467267532,453,dagger,17-07-2022,17
502,PT79958979704247087374884,+30650257523,134,thimble,26-04-2022,17
503,SM78N7809963212KRCYTRDYPGBA,+55200596687,476,hand mirror,19-06-2022,16
504,SM78N7809963212KRCYTRDYPGBA,+86831938040,266,usb stick,21-10-2022,10
505,HU68784313704422979806045343,+33501614782,14,paper,25-05-2022,19
506,FR545626506435USBYMLJZW4T92,+963829418752,341,hand mirror,28-06-2022,14
507,FR545626506435USBYMLJZW4T92,+84697674381,230,pinecone,17-02-2022,18
508,FR545626506435USBYMLJZW4T92,+66258975945,450,christmas ornament,30-09-2022,9
509,LT020042583090022848,+30716659653,23,dictionary,12-04-2022,2
510,LT020042583090022848,+86963886634,443,salt shaker,30-05-2021,6
511,LT020042583090022848,+256627243316,364,comic book,08-11-2022,10
512,LT020042583090022848,+234983178188,208,desk,05-10-2022,10
513,LT020042583090022848,+55880306456,131,pinecone,15-10-2022,17
514,IT12D7367339631MYHBUZNQDQFH,+66828961309,442,record player,20-12-2022,7
515,IT12D7367339631MYHBUZNQDQFH,+33453775381,83,rubber stamp,10-05-2022,15
516,IT12D7367339631MYHBUZNQDQFH,+1253714047,121,tin can,16-11-2021,1
517,IT12D7367339631MYHBUZNQDQFH,+48367560572,50,purse,04-09-2022,2
518,IT13H2361404392D7MFDQT0IDVL,+62413961092,199,fridge,01-02-2022,19
519,IT13H2361404392D7MFDQT0IDVL,+48367560572,42,shark,07-12-2022,16
520,DE24606440803858670949,+963829418752,490,record player,27-03-2022,6
521,DE24606440803858670949,+55865473714,360,hair pin,27-02-2022,13
522,DE24606440803858670949,+86965300625,423,chalk,26-04-2022,16
523,DE24606440803858670949,+86229326632,398,postage stamp,17-08-2022,1
524,CR6208159620834962189,+63820742955,231,knife,09-08-2022,8
525,CR6208159620834962189,+7712613785,284,check book,26-11-2022,2
526,PL66688800934580256377748627,+256627243316,33,usb stick,31-08-2022,2
527,PL66688800934580256377748627,+62124282896,76,cd,15-11-2021,13
528,PL66688800934580256377748627,+351993280752,450,mace,23-07-2022,15
529,PL66688800934580256377748627,+63602267287,279,tennis ball,02-11-2022,19
530,SM15Z7626700133IYW0DGUTCR6Q,+86682692512,159,slipper,11-12-2021,18
531,CR4377281577857817397,+86597808144,128,orange,21-11-2022,3
532,CR4377281577857817397,+351503945954,446,bottle of water,08-03-2022,13
533,MK41477DOYFWAI1W659,+680180249344,120,tennis racket,25-05-2022,15
534,MK41477DOYFWAI1W659,+30650257523,432,pen,10-04-2022,2
535,MK41477DOYFWAI1W659,+63470868442,478,cars,19-01-2022,8
536,BR7237078533304381976578605ED,+62179678143,348,stick,22-08-2022,10
537,BR7237078533304381976578605ED,+86632895706,433,sandal,17-08-2021,17
538,BR7237078533304381976578605ED,+63602609579,37,stroller,31-10-2021,5
539,BR7237078533304381976578605ED,+234983178188,113,rubber stamp,09-07-2022,16
540,SI24995381014793617,+55880306456,291,necklace,25-07-2021,4
541,SI24995381014793617,+86912263165,405,wallet,28-08-2021,7
542,SI24995381014793617,+66828961309,64,fridge,22-10-2021,3
543,DK5795947186416720,+46560441717,445,duffel bag,18-08-2022,8
544,DK5795947186416720,+7510828431,123,frog leg,11-03-2022,18
545,AT419337944819836915,+976519385905,496,puddle,08-09-2022,6
546,AT419337944819836915,+33592126224,500,door,10-09-2022,1
547,AT419337944819836915,+86858312577,435,slipper,01-05-2022,5
548,LT072751014736594693,+351304729098,453,door,21-06-2022,11
549,LT072751014736594693,+7510456563,160,can of beans,30-08-2021,19
550,LT072751014736594693,+55830177040,467,pillow,11-04-2022,6
551,MR3684476395740706147116764,+52303509604,63,coffee mug,08-02-2022,8
552,MR3684476395740706147116764,+63280751319,441,duffel bag,24-05-2022,3
553,FR5894022872945ACYX887VOH23,+234983178188,176,tree,15-01-2022,10
554,FR5894022872945ACYX887VOH23,+48367560572,497,football,13-06-2021,19
555,BG80BGKW2232103ST3GTY6,+86992997375,329,soccer ball,26-04-2022,17
556,BG80BGKW2232103ST3GTY6,+353611976129,408,letter opener,06-09-2022,16
557,BG80BGKW2232103ST3GTY6,+503446706572,343,spatula,28-09-2022,16
558,BG80BGKW2232103ST3GTY6,+86373390113,415,wallet,25-04-2022,9
559,BG80BGKW2232103ST3GTY6,+60363470416,359,box of chocolates,21-01-2022,14
560,GB72MTCS12171466615466,+30716659653,111,soccer ball,22-12-2022,10
561,GB72MTCS12171466615466,+1981535764,250,teddy bear,13-09-2022,8
562,GB72MTCS12171466615466,+598356485598,55,slipper,09-11-2021,14
563,GB72MTCS12171466615466,+55200596687,190,freezer,21-11-2021,5
564,FR828083090168ET6ILTDQURN59,+86242536696,253,jar,23-09-2022,12
565,FR828083090168ET6ILTDQURN59,+420651404424,187,pillow,02-10-2022,4
566,GE75WE8521088818461588,+86965300625,267,chocolate,09-05-2022,2
567,GE75WE8521088818461588,+351741434882,243,yoga mat,15-08-2022,10
568,FO5917849755420235,+420265609440,211,bag,28-02-2022,5
569,GR861288206OLQH2DAHVAN1RZMH,+7951251321,326,pinecone,26-03-2022,6
570,GR861288206OLQH2DAHVAN1RZMH,+86170742330,396,knitting needles,13-10-2022,9
571,GR861288206OLQH2DAHVAN1RZMH,+62367623861,359,postage stamp,05-02-2022,4
572,GR861288206OLQH2DAHVAN1RZMH,+7712613785,46,pasta strainer,07-08-2022,9
573,RO30KCWCK6YFATZUPK1JDJSU,+86917890545,262,class ring,06-04-2022,1
574,RO30KCWCK6YFATZUPK1JDJSU,+420265609440,277,bottle of glue,08-09-2022,13
575,RO13UPSSRHMVA84JH0TPPTVX,+351280591908,57,bouquet of flowers,01-07-2022,19
576,RO13UPSSRHMVA84JH0TPPTVX,+34189306648,357,coffee mug,27-07-2022,8
577,RO13UPSSRHMVA84JH0TPPTVX,+86917890545,58,stroller,17-08-2022,8
578,LI4086518PKMEK1TNNUIG,+7682713586,309,paper,16-06-2022,1
579,LI4086518PKMEK1TNNUIG,+359295816922,308,candy wrapper,06-12-2021,12
580,LI4086518PKMEK1TNNUIG,+598356485598,400,frog leg,23-03-2022,18
581,LI4086518PKMEK1TNNUIG,+1936301841,391,necklace,28-09-2022,14
582,NO5707298372619,+234983178188,108,bread,25-11-2021,5
583,NO5707298372619,+86735505159,190,puddle,09-04-2022,6
584,NO5707298372619,+7542922911,376,cellphone,30-11-2022,4
585,NO5707298372619,+507912939504,170,straw,19-11-2022,15
586,NO5707298372619,+7178860597,415,jump rope,18-01-2022,7
587,TR7857618UXWCWBI4V4IUMMBD5,+86163783592,156,seat belt,11-12-2021,17
588,BH28EQZSLZB0CFICEYOZHW,+86163783592,73,desk,25-12-2022,12
589,BH28EQZSLZB0CFICEYOZHW,+62367623861,83,sheep,14-11-2021,11
590,BH28EQZSLZB0CFICEYOZHW,+62322887303,464,notepad,23-09-2022,6
591,IS854519170803540031159058,+86160153206,307,necklace,04-09-2021,3
592,IS854519170803540031159058,+62574900553,113,dove,18-11-2022,7
593,IS854519170803540031159058,+1255264315,372,hand mirror,27-07-2021,16
594,FR768052907885WGR8C1JBYOU54,+86373390113,76,orange,23-09-2022,11
595,FR768052907885WGR8C1JBYOU54,+375406582221,120,dove,01-06-2022,11
596,IL706407341573205473112,+1916166972,264,thimble,11-01-2022,5
597,MD62NVLXRWUOQ1BVDGBQ1HOW,+33466720357,407,feather,13-07-2022,5
598,MD62NVLXRWUOQ1BVDGBQ1HOW,+60363470416,203,sheet of paper,27-06-2022,6
599,MD62NVLXRWUOQ1BVDGBQ1HOW,+420145477570,262,yeti bottle,15-09-2022,8
600,MD62NVLXRWUOQ1BVDGBQ1HOW,+86533742427,457,lime,02-11-2022,2
601,CH0777012CHPF0RNYLH5D,+62173565366,396,pasta strainer,28-05-2022,6
602,CH0777012CHPF0RNYLH5D,+385950817415,52,mobile phone,01-03-2022,13
603,CH0777012CHPF0RNYLH5D,+62950452357,220,headphones,24-03-2022,8
604,FR614281571412VPU8P4TMHZR26,+351741258569,261,racket,16-12-2022,13
605,FR614281571412VPU8P4TMHZR26,+1858381995,98,wooden spoon,20-12-2022,5
606,FR614281571412VPU8P4TMHZR26,+66828961309,24,thimble,23-07-2022,2
607,FR614281571412VPU8P4TMHZR26,+33609289929,304,letter opener,30-12-2022,19
608,SA95663L8AYYQFUGNYDUDYGY,+47994178946,300,rubber band,17-12-2022,10
609,SA95663L8AYYQFUGNYDUDYGY,+81509432607,408,tennis ball,02-12-2021,19
610,SA95663L8AYYQFUGNYDUDYGY,+86533742427,34,mask,10-12-2022,18
611,FR718643467428HIJYLT8CYGQ82,+351735299901,458,sandal,08-04-2022,16
612,FR718643467428HIJYLT8CYGQ82,+7354293872,187,lipstick,21-07-2022,11
613,FR718643467428HIJYLT8CYGQ82,+55865473714,390,piece of gum,17-08-2021,8
614,FR718643467428HIJYLT8CYGQ82,+351993280752,396,racket,09-10-2022,5
615,FR718643467428HIJYLT8CYGQ82,+375406582221,193,stroller,06-07-2022,9
616,LI7115490UEKKHC5HEOMC,+1916166972,194,desk,15-12-2022,16
617,LI7115490UEKKHC5HEOMC,+234983178188,36,cotton ball,23-06-2022,6
618,LI7115490UEKKHC5HEOMC,+1858381995,118,ribbon,23-06-2022,14
619,PK52YQMIKKNXKJTPECSBKECZ,+33466720357,349,ribbon,16-05-2022,8
620,PK52YQMIKKNXKJTPECSBKECZ,+63602609579,319,sheep,13-12-2021,7
621,PK52YQMIKKNXKJTPECSBKECZ,+234159349718,403,tin can,02-02-2022,17
622,PK52YQMIKKNXKJTPECSBKECZ,+86533770949,425,magazine,15-11-2022,7
623,PK52YQMIKKNXKJTPECSBKECZ,+7510456563,51,board game,11-03-2022,4
624,RO24FUJYCNJEVRWWMVTOBVYT,+351943860770,451,steak knife,03-01-2023,17
625,RO24FUJYCNJEVRWWMVTOBVYT,+86533742427,332,steak knife,12-07-2022,18
626,RO24FUJYCNJEVRWWMVTOBVYT,+63280751319,70,computer,08-06-2022,4
627,HU58313167784880213722880914,+62559632457,67,lime,09-01-2023,14
628,HU58313167784880213722880914,+234983178188,491,frog leg,17-11-2022,8
629,HU58313167784880213722880914,+62270954982,179,headphones,07-03-2022,15
630,FR823591936920GRRQXKU19RZ41,+48415605100,69,jump rope,09-09-2022,16
631,FR823591936920GRRQXKU19RZ41,+62977734861,84,rubber band,24-03-2022,8
632,FR823591936920GRRQXKU19RZ41,+52197160608,64,tennis racket,30-09-2022,5
633,FR823591936920GRRQXKU19RZ41,+420730609388,266,pail,05-04-2022,10
634,GR468571309BMGLC5BMOONSZWQT,+48534507255,382,knife,01-12-2022,4
635,GR468571309BMGLC5BMOONSZWQT,+420265609440,46,tennis ball,19-11-2022,9
636,LV70QKFNXIINGQFGQWTS8,+27310363287,478,salt shaker,13-10-2021,9
637,DO09YBQL07479057498667250098,+46679191707,477,apple,29-07-2022,1
638,DO09YBQL07479057498667250098,+81388309971,414,purse,14-01-2023,17
639,DO09YBQL07479057498667250098,+86972977227,173,painting,06-10-2022,2
640,MD352HZKLXD7BFBSGKEAUTNZ,+86247969462,318,bread,15-03-2022,13
641,MD352HZKLXD7BFBSGKEAUTNZ,+48156764940,339,bottle of lotion,05-03-2022,12
642,MD352HZKLXD7BFBSGKEAUTNZ,+27310363287,278,bread,03-02-2022,5
643,MD352HZKLXD7BFBSGKEAUTNZ,+977600398614,129,bowl,11-09-2022,4
644,MK2390315VYRI0CKX34,+52197160608,49,steak knife,28-09-2022,12
645,MK2390315VYRI0CKX34,+7510828431,200,knitting needles,20-01-2022,15
646,MK2390315VYRI0CKX34,+62367623861,497,hand mirror,06-07-2022,16
647,MK2390315VYRI0CKX34,+86533742427,196,tin of popcorn,22-01-2022,18
648,LI9371923OXAYHIGPTSWF,+46679191707,291,wooden spoon,01-02-2022,1
649,LI9371923OXAYHIGPTSWF,+375406582221,283,pin,02-07-2022,16
650,LI9371923OXAYHIGPTSWF,+27310363287,438,stick,06-09-2021,3
651,FR919332503670XLIEN3EAJAP79,+63854909810,145,toothpick,10-05-2022,2
652,FR919332503670XLIEN3EAJAP79,+33903778140,231,cars,13-05-2022,14
653,FR919332503670XLIEN3EAJAP79,+86459893311,479,orange,19-06-2022,15
654,CH9064317NC6X7QUDMO5B,+48415605100,271,frog leg,30-01-2022,8
655,CH9064317NC6X7QUDMO5B,+55150644226,453,shirt button,01-08-2021,19
656,CH9064317NC6X7QUDMO5B,+62322887303,150,piece of gum,19-09-2021,13
657,AZ66GLLCMWGFFSKTDRD2WLKPHLEU,+7623232605,30,sandal,03-10-2022,19
658,AZ66GLLCMWGFFSKTDRD2WLKPHLEU,+7542922911,249,book,19-08-2022,17
659,AZ66GLLCMWGFFSKTDRD2WLKPHLEU,+86858312577,68,spring,17-08-2022,8
660,DK2320762204856596,+385950817415,172,magazine,01-02-2022,1
661,CY95098509140KUMVLON9VLJIQD8,+381704676772,98,sandglass,14-03-2022,8
662,CY95098509140KUMVLON9VLJIQD8,+33903778140,364,board game,07-09-2022,17
663,CY95098509140KUMVLON9VLJIQD8,+7951251321,237,racket,19-11-2022,17
664,IS720835397310571562917668,+86160153206,387,duffel bag,31-10-2021,14
665,KZ5999506HVXYZY3JUJI,+1269819738,436,mask,13-12-2022,6
666,KZ5999506HVXYZY3JUJI,+7121813198,444,ring,09-10-2021,7
667,KZ5999506HVXYZY3JUJI,+86820120517,283,pedestal,28-09-2022,4
668,KZ5999506HVXYZY3JUJI,+967507351165,445,stone,29-01-2022,15
669,KZ5999506HVXYZY3JUJI,+7699849654,178,hair pin,23-11-2021,12
670,DE88503433710437310817,+86597808144,105,safe,08-08-2022,15
671,DE88503433710437310817,+62950452357,384,lotion,19-02-2022,7
672,DE88503433710437310817,+63470868442,124,bottle,17-01-2022,11
673,DE88503433710437310817,+420177651224,86,white out,09-07-2022,1
674,MU31ZXVS5616427840984886555RWZ,+63280751319,176,soccer ball,08-06-2021,19
675,MU31ZXVS5616427840984886555RWZ,+351993280752,159,racket,14-11-2022,10
676,MU31ZXVS5616427840984886555RWZ,+55865473714,287,iphone charger,21-06-2021,8
677,AZ64HEGTJCSUZBLP4MODQD5TXA2Y,+62270954982,318,shovel,30-10-2022,15
678,AZ64HEGTJCSUZBLP4MODQD5TXA2Y,+1858381995,469,box of markers,05-01-2022,7
679,SA82871FSUT7YMRSB9HYZFRQ,+55880306456,337,magnifying glass,17-11-2022,1
680,SA82871FSUT7YMRSB9HYZFRQ,+7510456563,492,sharpie,20-10-2022,5
681,SA82871FSUT7YMRSB9HYZFRQ,+1676660306,18,empty jar,25-09-2022,17
682,BH58MVVMELSVPCFDSZUQT8,+86632895706,446,light bulb,17-02-2022,12
683,FR3141806374742YTJQIW8M8V61,+977600398614,176,door,09-02-2022,4
684,FR3141806374742YTJQIW8M8V61,+358766715803,159,cd,11-07-2022,14
685,FR3141806374742YTJQIW8M8V61,+86632895706,215,purse,08-09-2022,7
686,FR3141806374742YTJQIW8M8V61,+47994178946,451,sticker book,19-03-2022,19
687,FR3141806374742YTJQIW8M8V61,+33466720357,308,mace,17-12-2021,18
688,HU15831059445261419254720391,+86242536696,272,mobile phone,28-07-2022,9
689,HU15831059445261419254720391,+7712613785,182,cotton ball,19-08-2022,17
690,BE55191200578333,+420265609440,403,jar,25-04-2022,8
691,BE55191200578333,+353611976129,126,lotion,22-02-2022,17
692,BE55191200578333,+251706252365,203,knitting needles,22-11-2021,14
693,BE55191200578333,+66828961309,76,dove,28-04-2022,14
694,BE55191200578333,+598356485598,223,sandglass,03-11-2021,13
695,SA3362YUBLXWH0QPSXXHHUFK,+420730609388,184,batteries,05-01-2023,15
696,SA3362YUBLXWH0QPSXXHHUFK,+387557570404,271,sandal,18-01-2022,9
697,SA3362YUBLXWH0QPSXXHHUFK,+1255264315,39,purse,10-11-2021,7
698,ES4028147503081363996112,+420177651224,482,bottle of lotion,14-05-2022,2
699,ES4028147503081363996112,+86459893311,397,pasta strainer,28-08-2022,8
700,ES4028147503081363996112,+1110430,278,shovel,09-03-2022,4
701,KZ64703VA9TXWV1O4CUM,+58351464046,124,slipper,03-12-2021,17
702,KZ64703VA9TXWV1O4CUM,+86488986722,66,record player,08-01-2022,17
703,KZ64703VA9TXWV1O4CUM,+1255264315,389,bottle of lotion,01-06-2021,5
704,LV98EVGAVWCBKYEZOLKU9,+1253714047,171,apple,11-08-2021,1
705,LV98EVGAVWCBKYEZOLKU9,+1676660306,72,ring,31-10-2022,9
706,LV98EVGAVWCBKYEZOLKU9,+30819752246,363,tree,08-06-2022,5
707,LV55XFBII6FKFXSK3PXAU,+62302716489,123,chalkboard,13-06-2022,9
708,LV55XFBII6FKFXSK3PXAU,+30716659653,423,tiger,07-06-2022,8
709,LV55XFBII6FKFXSK3PXAU,+1255264315,311,yeti bottle,21-07-2021,7
710,LV55XFBII6FKFXSK3PXAU,+48725873946,398,bag,29-11-2022,13
711,FR390919493726CUBB0X2AUQD94,+351818166039,331,table,12-03-2022,3
712,FR938173448585BAIZQZ14X8G91,+48415605100,204,toothpick,21-12-2022,14
713,FR938173448585BAIZQZ14X8G91,+86325804533,390,hammer,21-01-2022,10
714,FR938173448585BAIZQZ14X8G91,+86478157603,476,tennis racket,06-08-2022,12
715,FR938173448585BAIZQZ14X8G91,+351943860770,50,towel,06-06-2022,14
716,BH97ABMEE8WLEVCLROPPPE,+976519385905,30,box of markers,27-06-2021,16
717,BH97ABMEE8WLEVCLROPPPE,+86815519754,266,purse,11-12-2021,4
718,BH97ABMEE8WLEVCLROPPPE,+45980120886,63,apple,09-01-2023,3
719,BH97ABMEE8WLEVCLROPPPE,+7354293872,384,hair pin,04-01-2022,6
720,SI14376102936075049,+62143725848,397,bottle,27-12-2022,13
721,SI14376102936075049,+64517847391,481,dictionary,18-03-2022,12
722,SI14376102936075049,+387557570404,495,necklace,26-09-2022,19
723,CZ7345444139802983588544,+963829418752,393,steak knife,13-04-2022,18
724,CZ7345444139802983588544,+81170280150,141,slipper,26-06-2022,1
725,CZ7345444139802983588544,+63820742955,203,lemon,05-10-2022,4
726,CR3363379287437459602,+86160153206,136,lion,24-08-2022,2
727,CR3363379287437459602,+7510828431,161,racket,21-10-2021,16
728,CR3363379287437459602,+420145477570,404,purse,24-09-2022,3
729,SA7921PAVZLGBPQUVNDYCZNY,+1676660306,316,racket,19-10-2022,19
730,SA7921PAVZLGBPQUVNDYCZNY,+255459276653,367,magazine,25-10-2022,14
731,FR9031821508967Z4A0EKZ0F802,+1253714047,95,bowl,13-01-2022,11
732,FR9031821508967Z4A0EKZ0F802,+55880306456,416,sheep,18-02-2022,4
733,ME17166678628475535698,+86632895706,430,leaf blower,08-10-2021,14
734,ME17166678628475535698,+7510828431,158,tiger,23-08-2022,17
735,ME17166678628475535698,+33926476161,158,ice cube,29-10-2021,4
736,AZ82SJGCNRR6QR1HB8PBWOX5UT7D,+62367623861,94,pail,12-04-2022,1
737,FR263097337494WTJNN9YCWBB79,+86470459601,399,tennis ball,21-09-2021,6
738,FR263097337494WTJNN9YCWBB79,+48156764940,103,printer,11-08-2021,14
739,FR263097337494WTJNN9YCWBB79,+86858312577,371,puddle,05-03-2022,17
740,FR263097337494WTJNN9YCWBB79,+86163783592,379,spatula,26-09-2021,16
741,FR263097337494WTJNN9YCWBB79,+81509432607,474,bottle of glue,12-09-2021,13
742,FR554239335295BIZEUWV3CFF55,+7699849654,184,camera,31-05-2022,15
743,FR554239335295BIZEUWV3CFF55,+62143725848,143,comb,10-09-2022,3
744,FR554239335295BIZEUWV3CFF55,+680180249344,101,garbage can,18-02-2022,11
745,FR554239335295BIZEUWV3CFF55,+351741434882,108,jump rope,29-11-2022,14
746,FR554239335295BIZEUWV3CFF55,+30650257523,12,cartridge,28-08-2022,18
747,ME47023169616824130549,+7712613785,427,bottle,06-02-2022,16
748,ME47023169616824130549,+86923111730,146,tennis racket,04-11-2021,13
749,ME47023169616824130549,+86825102907,206,slipper,17-08-2022,4
750,FR984154852590FLGU1CSXJNA08,+351741434882,469,lamp,20-03-2022,8
751,FR984154852590FLGU1CSXJNA08,+86632895706,418,canteen,20-10-2022,18
752,FR984154852590FLGU1CSXJNA08,+351818166039,406,shark,07-09-2022,9
753,FR984154852590FLGU1CSXJNA08,+62143725848,474,cartridge,11-07-2022,7
754,FR984154852590FLGU1CSXJNA08,+48712407558,448,dagger,13-12-2022,16
755,MK607269Y52K7L4HG42,+86804847704,428,soccer ball,11-11-2022,4
756,MK607269Y52K7L4HG42,+86470459601,77,pencil,17-09-2022,17
757,DK1296358774419108,+7943494051,421,shovel,03-10-2022,13
758,DK1296358774419108,+86815519754,126,cars,08-02-2022,4
759,DK1296358774419108,+86229326632,495,umbrella,28-08-2022,1
760,DK1296358774419108,+420651404424,54,tree,12-01-2023,2
761,DK1296358774419108,+62478307271,387,comic book,09-07-2021,7
762,FR067220098632VIHYMPBGS8E97,+375406582221,266,bottle of oil,04-06-2022,12
763,FR067220098632VIHYMPBGS8E97,+62179678143,115,light bulb,14-08-2021,17
764,FR067220098632VIHYMPBGS8E97,+33453775381,162,piece of gum,31-01-2022,15
765,DK2114195689978254,+86368625073,144,stroller,04-05-2022,17
766,DK2114195689978254,+86373390113,82,racket,20-08-2022,18
767,DE14729572230611752366,+63820742955,422,teddy bear,05-09-2022,6
768,DE14729572230611752366,+63602609579,165,cookie tin,16-12-2021,1
769,DE14729572230611752366,+81119520694,237,bowl,14-06-2022,3
770,DE14729572230611752366,+62743298887,344,teddy bear,10-04-2022,9
771,LI2942803QDOD3E000JXV,+351943860770,135,can of beans,12-12-2021,18
772,LI2942803QDOD3E000JXV,+55467267532,117,spool of ribbon,11-03-2022,12
773,LI2942803QDOD3E000JXV,+86923111730,193,cars,19-02-2022,9
774,LI2942803QDOD3E000JXV,+33903778140,88,steak knife,31-12-2021,7
775,FR553701618541DD6XFVKOG0J19,+86160784360,302,leaf blower,24-05-2022,11
776,FR553701618541DD6XFVKOG0J19,+30553990652,159,lime,21-03-2022,14
777,LB941675UDL4DF8O5J2L71XJLEFK,+420763235017,193,bouquet of flowers,07-06-2022,12
778,LB941675UDL4DF8O5J2L71XJLEFK,+33501614782,124,bag,20-07-2022,10
779,LB941675UDL4DF8O5J2L71XJLEFK,+30553990652,374,batteries,11-01-2023,11
780,LB941675UDL4DF8O5J2L71XJLEFK,+33710818637,228,pasta strainer,10-08-2022,6
781,LB941675UDL4DF8O5J2L71XJLEFK,+84697674381,119,cell phone,25-03-2022,3
782,GI75AYZZSTSK4O602XYWK5Y,+86533770949,451,bottle of glue,25-12-2022,11
783,GI75AYZZSTSK4O602XYWK5Y,+7747639422,49,box of baking soda,28-04-2022,16
784,GI75AYZZSTSK4O602XYWK5Y,+60363470416,264,jump rope,27-11-2022,4
785,GI75AYZZSTSK4O602XYWK5Y,+86325804533,29,controller,29-10-2022,1
786,BG40TPDR774015VYLUI0BM,+351993280752,270,dictionary,10-01-2022,15
787,BG40TPDR774015VYLUI0BM,+62957321338,327,cell phone,17-09-2021,3
788,BG40TPDR774015VYLUI0BM,+375406582221,424,can of beans,19-05-2022,12
789,GR610161458JIHV88MPLUUKPWJ5,+7354293872,295,tiger,14-04-2022,12
790,GR610161458JIHV88MPLUUKPWJ5,+48415605100,38,light bulb,20-12-2022,7
791,GR610161458JIHV88MPLUUKPWJ5,+1936301841,50,thread,25-12-2021,16
792,SK8004144805657907594151,+375406582221,472,toothpick,21-06-2022,10
793,SK8004144805657907594151,+1255264315,72,rubber band,07-12-2021,6
794,SK8004144805657907594151,+62992175280,217,pillow,25-10-2022,13
795,SK8004144805657907594151,+86371887730,450,lotion,10-09-2022,16
796,NL16YIIT3067429023,+47994178946,102,football,27-08-2022,12
797,NL16YIIT3067429023,+385950817415,322,bouquet of flowers,22-10-2022,14
798,NL16YIIT3067429023,+86311454257,393,straw,17-12-2021,18
799,FR303288991256XXMQKCMLZAD26,+386306882333,448,magazine,22-08-2022,13
800,FR303288991256XXMQKCMLZAD26,+351741258569,478,orange,08-09-2022,15
801,FR303288991256XXMQKCMLZAD26,+62950452357,232,headphones,04-05-2022,7
802,ME29934419048456282390,+251595469263,183,tree,11-12-2022,9
803,ME29934419048456282390,+351741434882,277,dictionary,11-07-2022,19
804,ME29934419048456282390,+30716659653,220,fridge,29-12-2022,13
805,ME29934419048456282390,+1110430,479,bottle of sunscreen,15-11-2022,15
806,ME29934419048456282390,+86229326632,465,salt shaker,12-11-2022,16
807,ES6345491053851602647405,+33592126224,127,pillow,21-09-2021,11
808,ES6345491053851602647405,+64517847391,226,toothpick,31-12-2021,7
809,ES6345491053851602647405,+30819752246,431,ball of yarn,18-03-2022,15
810,FO0906938323937245,+62559632457,70,lemon,12-01-2023,10
811,FO0906938323937245,+7682713586,235,bowl,10-01-2023,1
812,ES1439225274313147027314,+261972212399,123,bread,27-11-2022,7
813,ES1439225274313147027314,+353611976129,479,dictionary,07-04-2022,14
814,SA5545H45I8QO6OZPKC1AJ1H,+48712407558,50,net,30-10-2022,12
815,SA5545H45I8QO6OZPKC1AJ1H,+1676660306,156,net,19-10-2022,14
816,SA5545H45I8QO6OZPKC1AJ1H,+680180249344,350,dagger,02-12-2021,7
817,BG60XTTX845800OI22AMHG,+64517847391,374,slipper,02-03-2022,9
818,BG60XTTX845800OI22AMHG,+420177651224,153,hair pin,07-03-2022,18
819,PS73OBEGHFSEYBLYFMH8L3QPGVQC9,+351741434882,84,soccer ball,08-04-2022,16
820,PS73OBEGHFSEYBLYFMH8L3QPGVQC9,+967507351165,112,yeti bottle,26-03-2022,11
821,PS73OBEGHFSEYBLYFMH8L3QPGVQC9,+86939697780,349,record player,03-01-2022,15
822,PS73OBEGHFSEYBLYFMH8L3QPGVQC9,+86597808144,25,rubber band,19-03-2022,16
823,MK238558E9MGV3EF749,+7178860597,279,jigsaw puzzle,23-12-2021,8
824,MK238558E9MGV3EF749,+66258975945,292,pasta strainer,25-06-2022,10
825,MK238558E9MGV3EF749,+63854909810,223,house,06-02-2022,1
826,IT56S7325864523V7YMRWOSUY1J,+7712613785,392,spatula,23-02-2022,15
827,IT56S7325864523V7YMRWOSUY1J,+49976428080,172,purse,14-01-2022,6
828,IT56S7325864523V7YMRWOSUY1J,+81388309971,431,orange,18-04-2022,5
829,KW34WPWJBK15F3I0MTKUOEIJI89LLT,+33903778140,463,ribbon,21-05-2022,11
830,SK4311453993730578618418,+256627243316,318,case,19-07-2022,19
831,SK4311453993730578618418,+66258975945,40,apple,09-07-2022,5
832,SK4311453993730578618418,+62270954982,439,headphones,09-12-2022,14
833,SK4311453993730578618418,+86992997375,372,spatula,26-11-2022,19
834,GE05PJ4309768640882233,+62342261629,30,hammer,11-03-2022,9
835,GE05PJ4309768640882233,+86912263165,30,wedding ring,08-05-2022,11
836,GE05PJ4309768640882233,+62413961092,141,stick,27-03-2022,4
837,GE05PJ4309768640882233,+967507351165,395,purse,13-04-2022,13
838,PS81ZQCHDLD7M5SDZUWZNKSYSTCMO,+256627243316,471,case,23-10-2021,17
839,PS81ZQCHDLD7M5SDZUWZNKSYSTCMO,+7682713586,402,cookie tin,05-04-2022,5
840,PS81ZQCHDLD7M5SDZUWZNKSYSTCMO,+86825102907,99,toothpick,04-03-2022,18
841,PS81ZQCHDLD7M5SDZUWZNKSYSTCMO,+86636562184,362,dictionary,03-01-2023,3
842,AD0357942949XKSMVLBOOIBA,+234983178188,211,hair pin,12-06-2022,2
843,AD0357942949XKSMVLBOOIBA,+55880306456,28,spatula,23-02-2022,11
844,SE4479248889724865310316,+351735299901,223,purse,14-05-2022,9
845,SE4479248889724865310316,+375406582221,388,bottle of water,16-06-2022,17
846,SE4479248889724865310316,+48712407558,413,hand mirror,27-04-2022,14
847,SE4479248889724865310316,+967507351165,66,pinecone,14-08-2022,8
848,SA6793YOGHIU7ALTAZLFWAKU,+86163783592,42,bottle of glue,03-02-2022,16
849,SA6793YOGHIU7ALTAZLFWAKU,+86939697780,449,headphones,18-05-2022,8
850,SA6793YOGHIU7ALTAZLFWAKU,+62322887303,238,bottle of syrup,02-06-2022,6
851,SA6793YOGHIU7ALTAZLFWAKU,+598356485598,52,check book,19-07-2022,12
852,AD6546708196DCNFM1FYRYWR,+48725873946,451,piece of gum,10-12-2022,4
853,AD6546708196DCNFM1FYRYWR,+63602267287,338,straw,13-01-2022,13
854,AT406845176291948939,+86533742427,178,purse,12-01-2022,15
855,AT406845176291948939,+256627243316,97,dove,17-04-2022,18
856,BE78314242337572,+86325804533,77,sandglass,11-01-2023,14
857,BE78314242337572,+48999197762,427,bow,15-03-2022,6
858,BE78314242337572,+81119520694,417,bed,22-11-2022,19
859,BE78314242337572,+976519385905,449,hair pin,23-06-2022,13
860,SE2575710596688421800564,+58301906375,203,yoga mat,10-04-2022,11
861,SE2575710596688421800564,+7682713586,92,jump rope,09-12-2022,17
862,RS34859514741464869106,+86325804533,494,chocolate,09-01-2023,9
863,RS34859514741464869106,+7178860597,475,class ring,24-05-2021,18
864,RS34859514741464869106,+63208838517,308,pin,28-09-2022,1
865,RS34859514741464869106,+63141500517,378,sword,13-01-2022,4
866,MT81YCZR60394SJQRWKMUNVEAIDXKPA,+251595469263,68,dove,09-07-2021,14
867,MT81YCZR60394SJQRWKMUNVEAIDXKPA,+86247969462,46,coffee mug,17-10-2021,10
868,MT81YCZR60394SJQRWKMUNVEAIDXKPA,+62977734861,311,door,09-05-2021,17
869,MT81YCZR60394SJQRWKMUNVEAIDXKPA,+1269819738,252,hand mirror,26-06-2021,6
870,MT81YCZR60394SJQRWKMUNVEAIDXKPA,+7178860597,36,belt,01-06-2021,18
871,FR1543277896585ZIK0CSQLQV29,+7510456563,227,safe,13-06-2022,8
872,FR1543277896585ZIK0CSQLQV29,+48232879749,226,iphone charger,03-07-2022,6
873,FR521761738278VD4WOODAQLA67,+261972212399,151,dagger,23-12-2021,7
874,FR521761738278VD4WOODAQLA67,+86478157603,207,safe,26-01-2022,17
875,FR521761738278VD4WOODAQLA67,+86229326632,453,puddle,24-10-2022,9
876,FR521761738278VD4WOODAQLA67,+86163783592,180,cars,20-12-2022,19
877,FR521761738278VD4WOODAQLA67,+381435926508,108,purse,22-08-2022,16
878,AZ73BFASXO7TAC1SDXQLYB2RTNGJ,+86175470335,377,sword,12-10-2022,1
879,AZ73BFASXO7TAC1SDXQLYB2RTNGJ,+351280591908,391,notepad,22-07-2022,15
880,SI27477425351749407,+62413961092,70,sheet of paper,26-01-2022,8
881,SI27477425351749407,+46993287170,117,seat belt,14-12-2022,4
882,SI27477425351749407,+86775132185,168,bow,10-10-2022,10
883,SI27477425351749407,+86368625073,113,cell phone,30-10-2022,14
884,FR162511973191FEJLUSCLSYA55,+86325804533,276,lotion,07-08-2022,7
885,FR162511973191FEJLUSCLSYA55,+47624463848,74,yoga mat,30-12-2021,18
886,FR162511973191FEJLUSCLSYA55,+48712407558,253,bouquet of flowers,28-04-2022,15
887,AT312563855247280428,+86831938040,460,letter opener,19-08-2022,3
888,AT312563855247280428,+504576408122,314,book,10-10-2022,12
889,AT312563855247280428,+1676660306,249,yeti bottle,28-10-2022,13
890,AT312563855247280428,+86160784360,499,dove,20-11-2021,12
891,AT312563855247280428,+86247969462,38,statuette,25-12-2021,13
892,FR0871364849612TYD80JXEME62,+63602609579,131,rubber stamp,07-10-2021,17
893,FR936121328389LQQGOASLWT796,+33453775381,370,tiger,19-07-2022,6
894,FR936121328389LQQGOASLWT796,+63141500517,200,lamp,07-08-2022,17
895,FR936121328389LQQGOASLWT796,+62173565366,475,duffel bag,28-05-2022,4
896,FR936121328389LQQGOASLWT796,+46656659453,475,cd,24-09-2022,19
897,NL57TYWJ4684226641,+86804847704,493,controller,19-12-2021,18
898,IL489787960417879635203,+420730609388,43,chicken,20-01-2022,19
899,IL489787960417879635203,+86815519754,212,sandal,10-01-2022,10
900,IL489787960417879635203,+46600402366,41,coffee mug,03-02-2022,12
901,IL489787960417879635203,+62302716489,161,baseball jersey,10-12-2021,12
902,IL489787960417879635203,+86489453162,386,comic book,13-02-2022,6
903,AD9785172221O1G3LAZ3EHAY,+55880306456,84,baseball jersey,18-05-2022,11
904,AD9785172221O1G3LAZ3EHAY,+86951558807,370,pedestal,26-10-2022,13
905,AD9785172221O1G3LAZ3EHAY,+55830177040,53,bed,16-12-2022,13
906,AD9785172221O1G3LAZ3EHAY,+33453775381,500,batteries,18-07-2022,9
907,EE853716562864970222,+30819752246,166,comb,27-05-2022,1
908,EE853716562864970222,+86478157603,495,bouquet of flowers,24-08-2022,7
909,EE853716562864970222,+351304729098,183,house,19-10-2022,11
910,FR957095196666WZCFKX7UIOC49,+86489453162,306,frog leg,17-02-2022,12
911,FR957095196666WZCFKX7UIOC49,+63280751319,247,paper,05-04-2022,11
912,FR957095196666WZCFKX7UIOC49,+381435926508,83,wedding ring,04-11-2022,2
913,FR957095196666WZCFKX7UIOC49,+86632895706,333,cars,07-10-2021,8
914,MT69HUPA88465GU9WRY2OMXLZEBAK28,+55467267532,115,bread,23-09-2022,12
915,MT69HUPA88465GU9WRY2OMXLZEBAK28,+62984258573,200,box,26-12-2022,12
916,FR1177144071868EIO0XBPAQH30,+251595469263,31,wand,18-09-2022,12
917,FR1177144071868EIO0XBPAQH30,+62143725848,190,box of markers,21-09-2022,17
918,FR1177144071868EIO0XBPAQH30,+976519385905,157,baseball jersey,08-11-2022,3
919,FR1177144071868EIO0XBPAQH30,+46656659453,59,comb,13-01-2022,6
920,DE02655198100986171775,+1676660306,430,magazine,07-06-2022,3
921,DE02655198100986171775,+1269819738,280,mace,20-06-2022,6
922,DE02655198100986171775,+507912939504,75,slipper,19-12-2022,9
923,SA3042VLBFLEND4YGUQOFAGX,+33710818637,70,wooden spoon,26-11-2022,17
924,SA3042VLBFLEND4YGUQOFAGX,+212505116115,193,white out,29-03-2022,6
925,LT515349342197999350,+381704676772,480,printer,25-03-2022,6
926,LT515349342197999350,+66258975945,220,coffee mug,15-09-2022,15
927,LT515349342197999350,+351304729098,16,roll of masking tape,07-10-2022,15
928,GB76IQCB97160799774998,+86163783592,370,teddy bear,07-11-2021,16
929,GB76IQCB97160799774998,+55766704671,69,door,03-08-2021,3
930,PS02JZSFMNUORGS30HF7NQVLWYEHP,+64517847391,274,cartridge,15-03-2022,6
931,PS02JZSFMNUORGS30HF7NQVLWYEHP,+251706252365,200,stone,07-11-2021,6
932,PS02JZSFMNUORGS30HF7NQVLWYEHP,+86229326632,376,purse,29-05-2022,18
933,PS02JZSFMNUORGS30HF7NQVLWYEHP,+1255264315,395,tennis ball,07-05-2021,8
934,PS02JZSFMNUORGS30HF7NQVLWYEHP,+55467267532,18,chalk,18-04-2022,15
935,PK16JVLT9WUDT2GTNRJXDCWX,+251706252365,214,pail,21-01-2022,19
936,PK16JVLT9WUDT2GTNRJXDCWX,+1936301841,486,freezer,05-11-2022,3
937,PK16JVLT9WUDT2GTNRJXDCWX,+7623232605,142,chalk,09-09-2022,1
938,PK16JVLT9WUDT2GTNRJXDCWX,+86965300625,203,rubber stamp,25-08-2021,5
939,BR6719619074764247260759846PC,+47994178946,313,leash,23-05-2022,13
940,BR6719619074764247260759846PC,+7992994041,426,computer,21-09-2022,4
941,BR6719619074764247260759846PC,+81388309971,370,notepad,22-05-2022,2
942,BR6719619074764247260759846PC,+976519385905,220,sword,30-05-2022,13
943,IE64VVRQ32687269365888,+86992997375,166,can of beans,10-08-2021,15
944,IE64VVRQ32687269365888,+7943494051,92,batteries,25-12-2022,15
945,IE64VVRQ32687269365888,+33466720357,357,sandal,20-10-2022,13
946,PT96360701922156082244556,+46679191707,38,mobile phone,14-12-2021,11
947,PT96360701922156082244556,+1253714047,485,key chain,21-07-2021,17
948,PT96360701922156082244556,+351503945954,149,rubber band,30-08-2021,2
949,PT96360701922156082244556,+967507351165,285,check book,30-12-2021,5
950,SA8805TF9YHK68JRJYE64GMK,+420145477570,208,class ring,31-05-2022,3
951,SA8805TF9YHK68JRJYE64GMK,+46993287170,493,bottle of sunscreen,16-08-2022,4
952,SA8805TF9YHK68JRJYE64GMK,+351818166039,77,pencil,27-11-2022,6
953,SA8805TF9YHK68JRJYE64GMK,+62576760299,133,lemon,10-06-2022,13
954,SA8805TF9YHK68JRJYE64GMK,+251595469263,438,cartridge,09-12-2022,17
955,BR0310713915481509546647092WZ,+7121813198,309,sword,14-05-2022,10
956,BR0310713915481509546647092WZ,+351888588829,471,slipper,08-06-2022,8
957,BR0310713915481509546647092WZ,+359295816922,188,empty jar,13-01-2022,10
958,BR0310713915481509546647092WZ,+7682713586,457,comb,03-05-2022,7
959,BR0310713915481509546647092WZ,+46993287170,293,bottle of oil,12-07-2022,12
960,IL563665854804309369837,+1981535764,286,pencil,01-04-2021,2
961,IL563665854804309369837,+86682692512,214,magazine,24-05-2021,18
962,IL563665854804309369837,+963438178950,306,lime,04-08-2021,6
963,PT54876113908975191283835,+1110430,329,tiger,01-12-2021,15
964,PT54876113908975191283835,+62342261629,486,bowl,10-11-2021,12
965,FR052117707973ENFZR7TSHFB68,+46993287170,371,tree,12-08-2022,12
966,FR052117707973ENFZR7TSHFB68,+264343441963,385,towel,01-06-2022,11
967,FR052117707973ENFZR7TSHFB68,+86163783592,394,bottle of glue,19-08-2022,14
968,FR266343225064PCVUZ6NADSB73,+86815519754,470,lime,04-06-2022,17
969,FR266343225064PCVUZ6NADSB73,+86470459601,253,leash,02-07-2022,4
970,CZ4646558313350058759499,+86797408241,441,tennis racket,08-02-2022,18
971,CZ4646558313350058759499,+55150644226,54,fridge,13-09-2022,3
972,CZ4646558313350058759499,+62342261629,228,controller,05-03-2022,4
973,CZ4646558313350058759499,+680180249344,54,statuette,25-01-2022,4
974,BA975439577438062611,+33501614782,418,seat belt,19-08-2022,4
975,BA975439577438062611,+86965300625,63,mobile phone,06-02-2022,14
976,BA975439577438062611,+84697674381,442,headphones,24-02-2022,4
977,BA975439577438062611,+351304729098,193,computer,26-02-2022,16
978,FR972388823743M5JPHUZ8VN953,+7623232605,20,wedding ring,24-04-2022,14
979,FR972388823743M5JPHUZ8VN953,+86804847704,290,coffee mug,09-12-2022,1
980,FR972388823743M5JPHUZ8VN953,+86992997375,63,sheep,08-11-2022,4
981,VG31PSVD3306916511040551,+48725873946,114,computer,29-12-2022,6
982,VG31PSVD3306916511040551,+63119146720,126,cookie tin,11-06-2022,16
983,VG31PSVD3306916511040551,+976185289272,236,ball of yarn,13-11-2022,9
984,VG31PSVD3306916511040551,+86533742427,174,purse,16-10-2022,9
985,CY32592408595KQLQUM1CG60C779,+62950452357,365,safe,19-09-2022,13
986,CY32592408595KQLQUM1CG60C779,+48415605100,355,belt,20-07-2022,18
987,CY32592408595KQLQUM1CG60C779,+52303509604,435,slipper,17-04-2022,3
988,CY32592408595KQLQUM1CG60C779,+86912263165,173,check book,29-06-2022,15
989,AL0632649694SYHHMSPXSYAET4R2,+55920649617,66,box of baking soda,30-06-2022,10
990,LU40354T9JDUQ2D13TJD,+86533770949,222,chalk,05-06-2022,13
991,LU40354T9JDUQ2D13TJD,+503446706572,384,controller,23-08-2022,11
992,LU40354T9JDUQ2D13TJD,+420763235017,489,dictionary,02-04-2022,9
993,LU40354T9JDUQ2D13TJD,+251706252365,34,stone,10-07-2022,3
994,LU40354T9JDUQ2D13TJD,+1676660306,123,bottle of lotion,03-02-2022,19
995,IE72QVSZ87136645799851,+1253714047,312,ribbon,30-09-2021,4
996,IE72QVSZ87136645799851,+351943860770,165,nail filer,01-11-2021,18
997,IE72QVSZ87136645799851,+7178860597,33,knitting needles,30-01-2022,2
998,FR380744423606NAPDXC8TKRV13,+86825102907,212,door,14-08-2022,18
999,FR380744423606NAPDXC8TKRV13,+62588984030,185,notepad,10-06-2022,10
1000,MU31UEWC1168158191908027236MKS,+62342261629,78,purse,31-01-2022,14
1001,MU31UEWC1168158191908027236MKS,+86965300625,225,spatula,15-01-2022,17
1002,MU31UEWC1168158191908027236MKS,+7712613785,326,box of chocolates,03-02-2022,1
1003,MU31UEWC1168158191908027236MKS,+967507351165,41,feather,09-03-2022,17
1004,CH6569821IBPATSHZIOIH,+264343441963,254,key chain,02-10-2022,15
1005,CH6569821IBPATSHZIOIH,+86533742427,440,rusty nail,11-04-2022,15
1006,CH6569821IBPATSHZIOIH,+62478307271,480,case,09-05-2022,18
1007,CH6569821IBPATSHZIOIH,+7586777818,471,tree,02-09-2022,15
1008,FR273037025062NQTUZGL8HIC68,+7121813198,400,sheep,30-05-2022,18
1009,FR273037025062NQTUZGL8HIC68,+63820742955,466,chocolate,11-06-2022,5
1010,FR273037025062NQTUZGL8HIC68,+351943860770,165,hand mirror,18-03-2022,18
1011,AD9218574272NDERR6HYZMER,+48156764940,404,dove,15-03-2022,6
1012,AD9218574272NDERR6HYZMER,+86775132185,311,baseball jersey,17-12-2021,13
1013,DE40064213356819991051,+47994178946,393,check book,24-12-2021,15
1014,DE40064213356819991051,+351818166039,414,umbrella,28-07-2021,18
1015,DE40064213356819991051,+62992175280,285,seat belt,07-04-2022,17
1016,DE40064213356819991051,+351635245534,397,check book,18-03-2022,7
1017,FR637609456526U9RDEVHO5CB69,+86170742330,418,pail,23-10-2022,5
1018,AE595235723883635853522,+234159349718,37,freezer,09-01-2023,11
1019,AE595235723883635853522,+30819752246,396,lemon,16-07-2022,16
1020,RS23635468475653514503,+30553990652,307,ribbon,04-04-2022,2
1021,RS23635468475653514503,+212505116115,294,chalk,08-01-2023,19
1022,RS23635468475653514503,+86797408241,55,racket,06-03-2022,19
1023,RS23635468475653514503,+234983178188,268,tiger,29-11-2021,5
1024,BH68VDGEO3AQYIO5773CF6,+48712407558,434,sticker book,25-07-2021,3
1025,GR398289153L5EKN5JL8GVUGQ9D,+351741434882,363,orange,20-09-2022,1
1026,GR398289153L5EKN5JL8GVUGQ9D,+27310363287,293,computer,28-01-2022,12
1027,GR398289153L5EKN5JL8GVUGQ9D,+86242536696,118,chalk,03-03-2022,14
1028,FR912313790044NAWFTQTOP3742,+46656659453,204,check book,07-03-2022,12
1029,FR912313790044NAWFTQTOP3742,+504748907859,18,painting,29-09-2022,13
1030,FR912313790044NAWFTQTOP3742,+62977734861,364,cd,07-09-2022,3
1031,FR912313790044NAWFTQTOP3742,+62322887303,425,chalkboard,14-10-2021,7
1032,FR912313790044NAWFTQTOP3742,+86489453162,117,statuette,14-02-2022,19
1033,DE77222806807739559532,+63646186195,215,sandal,25-08-2022,19
1034,DE77222806807739559532,+351741258569,49,comic book,01-10-2022,2
1035,DE77222806807739559532,+7542922911,181,scissors,19-09-2022,19
1036,DE77222806807739559532,+62992175280,266,snail shell,30-10-2022,10
1037,FR569310056713SC8KZOLNQYJ12,+86912263165,93,wand,20-11-2021,14
1038,FR569310056713SC8KZOLNQYJ12,+420651404424,342,tree,12-03-2022,6
1039,FR569310056713SC8KZOLNQYJ12,+420265609440,32,bottle,18-07-2022,17
1040,SM67I59744507953ATHJ7DUIE9D,+86478157603,459,can of beans,14-12-2021,3
1041,SM67I59744507953ATHJ7DUIE9D,+82972598207,52,tennis racket,17-08-2021,2
1042,SM67I59744507953ATHJ7DUIE9D,+55865473714,480,shovel,07-07-2021,1
1043,LV85LQVR5CYMZNTJEAENO,+503446706572,396,cell phone,24-08-2022,12
1044,LV85LQVR5CYMZNTJEAENO,+63602267287,232,garbage can,28-07-2022,12
1045,FR9236728895752YBZZQ60JCF08,+86943677325,258,leaf blower,04-07-2022,1
1046,FR9236728895752YBZZQ60JCF08,+86917890545,249,globe,28-06-2022,3
1047,FR9236728895752YBZZQ60JCF08,+33903778140,197,computer,28-07-2022,14
1048,VG35WZDA4882933705963825,+63602609579,181,car,03-12-2021,7
1049,VG35WZDA4882933705963825,+420730609388,155,leash,15-02-2022,5
1050,VG35WZDA4882933705963825,+358766715803,285,wallet,07-03-2022,5
1051,VG35WZDA4882933705963825,+212505116115,43,pillow,29-05-2022,17
1052,FI5111950414945047,+48156764940,281,pail,31-03-2022,8
1053,FI5111950414945047,+7586777818,142,pen,13-09-2022,15
1054,FI5111950414945047,+86311454257,339,mobile phone,09-01-2023,7
1055,FI5111950414945047,+86311454257,209,bottle of lotion,18-06-2022,19
1056,FR980951897243NIURNICRP1L79,+1981535764,165,laptop,24-01-2022,5
1057,FR980951897243NIURNICRP1L79,+81170280150,421,slipper,03-09-2022,17
1058,FR980951897243NIURNICRP1L79,+420177651224,358,table,15-06-2022,11
1059,CZ5240340767680109789049,+62270954982,344,bow,14-09-2021,17
1060,RS27535419511289380411,+1255264315,112,spool of ribbon,05-10-2021,10
1061,RS27535419511289380411,+1269819738,182,frog leg,20-11-2022,5
1062,RS27535419511289380411,+7682713586,261,box of markers,30-05-2022,19
1063,KZ22464M1ORDJRMKIJGA,+46993287170,379,feather,03-11-2022,5
1064,KZ22464M1ORDJRMKIJGA,+86160153206,435,magnifying glass,25-01-2022,6
1065,KZ22464M1ORDJRMKIJGA,+86735505159,302,bottle of water,28-06-2022,2
1066,KZ22464M1ORDJRMKIJGA,+62964115952,71,sheet of paper,30-05-2022,14
1067,KZ22464M1ORDJRMKIJGA,+45980120886,63,racket,27-02-2022,6
1068,PK91LXHIO89K2LVOSOZPAQWO,+7542922911,79,painting,25-07-2022,19
1069,PK91LXHIO89K2LVOSOZPAQWO,+62992175280,260,toothpick,26-09-2022,5
1070,MR2233184551320834197541398,+86825102907,37,baseball jersey,29-08-2022,13
1071,MR2233184551320834197541398,+420145477570,336,puddle,12-09-2022,1
