StandingOrderID,Sender,Receiver,Amount,Title,Frequency,StartDate,EndDate
1,CY9215826814N5WF0EAUVLRJNYEP,FR156859604172LTRQ0ETNXXL69,369,Delivery services,2,12-04-2022,11-06-2022
2,CY9215826814N5WF0EAUVLRJNYEP,PK52YQMIKKNXKJTPECSBKECZ,201,Legal services,2,14-02-2022,05-05-2022
3,CY9215826814N5WF0EAUVLRJNYEP,ME17166678628475535698,230,Insurance services,4,03-09-2022,07-01-2023
4,CY9215826814N5WF0EAUVLRJNYEP,PT32784241761371374262171,490,Security services,8,26-09-2021,05-06-2022
5,IS467634787117169699889043,CR6208159620834962189,293,Consulting services,3,16-07-2021,06-11-2021
6,IS467634787117169699889043,DO692LOA24615275459286419733,458,Construction services,2,25-07-2021,16-10-2021
7,IS467634787117169699889043,MR2368945812321419374551561,186,Legal services,2,02-08-2021,23-10-2021
8,IS467634787117169699889043,PT76725017952203419820774,256,Legal services,2,06-12-2021,06-02-2022
9,CY12037553938HANCACNARCJXUQ2,CZ4978198580333176676814,485,Legal services,1,13-08-2021,11-10-2021
10,CY12037553938HANCACNARCJXUQ2,FR919332503670XLIEN3EAJAP79,24,Construction services,1,26-04-2022,29-05-2022
11,CY12037553938HANCACNARCJXUQ2,BH97ABMEE8WLEVCLROPPPE,236,Delivery services,6,01-04-2022,15-10-2022
12,CY12037553938HANCACNARCJXUQ2,GB40XYTB95618940277915,451,Event planning services,11,20-01-2022,22-12-2022
13,PT07106690676316508649610,DE14729572230611752366,212,Event planning services,2,20-01-2022,24-03-2022
14,PT07106690676316508649610,SI16655849116473450,266,Software services,4,14-05-2022,26-09-2022
15,FR45266161274652TMVIVPQ5L01,AZ64HEGTJCSUZBLP4MODQD5TXA2Y,283,Marketing services,3,10-10-2021,31-01-2022
16,FR45266161274652TMVIVPQ5L01,GL4455269002179975,19,Security services,2,30-12-2021,06-03-2022
17,FR45266161274652TMVIVPQ5L01,BG96DUOA015893RAOVD5AK,473,Event planning services,3,21-11-2021,16-03-2022
18,LT696654847411372478,CR4377281577857817397,66,Delivery services,3,16-07-2022,18-10-2022
19,LT696654847411372478,FR8950951953808OSTKJGGULZ02,197,Delivery services,2,19-02-2022,26-04-2022
20,LT696654847411372478,ME06010270545643065544,29,Finance services,8,31-12-2021,26-09-2022
21,SI97275105530910376,DE40064213356819991051,181,Insurance services,9,17-12-2021,25-09-2022
22,SI97275105530910376,SE2575710596688421800564,354,Event planning services,6,24-03-2022,19-10-2022
23,SI97275105530910376,IL864925811367077730271,295,Legal services,5,30-03-2022,16-09-2022
24,ES3876567973341776820457,SA95663L8AYYQFUGNYDUDYGY,150,Consulting services,5,24-07-2022,21-12-2022
25,ES3876567973341776820457,FR980228933378SS3VLX9UACU28,252,Travel services,3,22-09-2022,29-12-2022
26,ES3876567973341776820457,BH72VEUO4WGT154P1GOGKD,129,Consulting services,2,06-10-2022,27-12-2022
27,PT29499781625205195427425,MR2368945812321419374551561,118,Marketing services,5,14-08-2021,07-02-2022
28,AE953455736311284747558,LU51482S5LB0GJSVOYPP,440,Security services,6,06-06-2022,28-12-2022
29,AE953455736311284747558,SK4311453993730578618418,97,Travel services,7,25-05-2022,23-12-2022
30,AE953455736311284747558,CH6793171T2FIYUY16UEY,466,Event planning services,3,25-01-2022,03-05-2022
31,AE953455736311284747558,IS928892874631938551679674,350,Insurance services,2,31-08-2022,05-11-2022
32,FR1502944963172WZYK2TOUP756,KW60GHNXNSHUOVNJSBVP2SQ00JCM0P,336,Construction services,1,13-04-2022,30-05-2022
33,FR1502944963172WZYK2TOUP756,SI90561448213410524,44,Consulting services,2,05-11-2021,19-01-2022
34,FR1502944963172WZYK2TOUP756,KW82KSFYM4YY93ESZGLAMCNATMMBIG,179,Event planning services,2,19-08-2022,15-11-2022
35,FR219161520100MAECISS28QI76,BH67DBGDTWOO98T1IIB1GE,498,Finance services,5,22-05-2022,28-10-2022
36,FR980228933378SS3VLX9UACU28,IL757842282767511621870,455,Security services,2,11-04-2021,02-07-2021
37,FR815550418281TQ84CJY8Q0X83,FR3481428835649QEVERDZJYP38,225,Marketing services,3,02-09-2022,05-12-2022
38,FR815550418281TQ84CJY8Q0X83,HU15831059445261419254720391,342,Security services,1,29-10-2022,14-12-2022
39,FR815550418281TQ84CJY8Q0X83,FR980951897243NIURNICRP1L79,254,Legal services,2,28-02-2022,27-05-2022
40,GL5255650205989485,FR980951897243NIURNICRP1L79,345,Software services,14,12-10-2021,22-12-2022
41,GL5255650205989485,AT419337944819836915,271,Consulting services,5,14-07-2022,09-01-2023
42,KW85AYMHPBVBCVXTBEXRORUCADITVV,RS27535419511289380411,235,Training services,5,31-05-2022,13-11-2022
43,LV27TOASEFYALHPH5RNMJ,LI7115490UEKKHC5HEOMC,348,Finance services,2,14-09-2021,27-11-2021
44,LV27TOASEFYALHPH5RNMJ,FR9782327987451AYUC37U0EF51,218,Delivery services,4,01-11-2021,13-03-2022
45,AL8021214616W9VCCKPNSEDHIGBK,RO18EUJTUIXL9GMIVTAD47EI,402,Security services,3,01-01-2022,11-04-2022
46,IL757842282767511621870,IE51AAOQ21828404077999,68,Finance services,2,03-05-2021,09-07-2021
47,IL757842282767511621870,FR637609456526U9RDEVHO5CB69,86,Legal services,3,14-05-2021,07-09-2021
48,IL757842282767511621870,CZ7501037659587135778487,143,Consulting services,1,24-04-2021,15-06-2021
49,IL757842282767511621870,PK16OVGG5TABA3XNX7GFS7OG,163,Legal services,3,07-04-2021,18-07-2021
50,CR5710841972545014452,AE791992291992682614433,115,Event planning services,2,04-01-2022,23-03-2022
51,KZ10710KAXRKBV4ETOSD,NL76JNXX1868440926,106,Travel services,2,17-03-2022,03-06-2022
52,KZ10710KAXRKBV4ETOSD,LI9802427CPUSD02PMERA,121,Insurance services,1,31-08-2022,22-10-2022
53,FR023968166162QFMI9LTRFYP13,FR067220098632VIHYMPBGS8E97,417,Legal services,5,05-09-2021,04-02-2022
54,ME70575675621862483580,GL4455269002179975,168,Marketing services,6,22-09-2021,08-04-2022
55,ME70575675621862483580,DK5795947186416720,44,Travel services,5,29-01-2022,28-06-2022
56,FR866323816569TBEYXL0UTTS96,FR554239335295BIZEUWV3CFF55,453,Health and wellness services,4,20-06-2022,05-11-2022
57,FR866323816569TBEYXL0UTTS96,NO5707298372619,223,Construction services,1,20-10-2022,16-12-2022
58,FR866323816569TBEYXL0UTTS96,GT83QMU2BFPVMOYQBSZ9SLMMIWW3,143,Construction services,3,27-09-2022,12-01-2023
59,BG38CTRP707888CHJO8ZXK,SA6793YOGHIU7ALTAZLFWAKU,428,Waste management services,4,27-03-2022,08-08-2022
60,BG38CTRP707888CHJO8ZXK,HU58313167784880213722880914,490,Insurance services,2,27-08-2022,21-11-2022
61,BG38CTRP707888CHJO8ZXK,HR2684646346109894181,482,Software services,2,13-07-2022,17-09-2022
62,SI14540525320707650,HU58313167784880213722880914,14,Security services,2,20-02-2022,01-05-2022
63,SI14540525320707650,GB40XYTB95618940277915,401,Marketing services,5,11-06-2022,21-11-2022
64,SI14540525320707650,MT81YCZR60394SJQRWKMUNVEAIDXKPA,352,Waste management services,2,29-09-2021,16-12-2021
65,PK06PYDX9IKDYX2W6BCBMLX1,DE42771744757544870860,463,Finance services,7,12-05-2022,08-12-2022
66,PK06PYDX9IKDYX2W6BCBMLX1,FR1177144071868EIO0XBPAQH30,497,Travel services,13,09-12-2021,14-01-2023
67,MC252479540832T14TYUTCAJX17,KZ64703VA9TXWV1O4CUM,396,Training services,7,20-02-2022,21-09-2022
68,MC252479540832T14TYUTCAJX17,LI94577706TCILDNRABOC,240,Legal services,3,27-08-2022,13-12-2022
69,MC252479540832T14TYUTCAJX17,AD9785172221O1G3LAZ3EHAY,15,Waste management services,2,21-05-2022,15-08-2022
70,IS928892874631938551679674,FR912313790044NAWFTQTOP3742,277,Health and wellness services,2,27-05-2022,15-08-2022
71,IS928892874631938551679674,SA6793YOGHIU7ALTAZLFWAKU,447,Legal services,6,23-01-2022,03-08-2022
72,PL43281800397501597971052578,PT29499781625205195427425,101,Finance services,3,23-10-2021,30-01-2022
73,PL43281800397501597971052578,HU15831059445261419254720391,371,Software services,1,10-11-2021,11-12-2021
74,FR794576365824OBDHH9XQU3Z48,FR8531903426929BVM9A1DXCW93,317,Security services,2,11-09-2022,25-11-2022
75,MD02BZL3BAJBVBOSVTVUCZLH,FO0906938323937245,451,Waste management services,7,04-04-2022,17-11-2022
76,DE42771744757544870860,HR2684646346109894181,410,Travel services,19,27-05-2021,07-01-2023
77,DE42771744757544870860,DE02655198100986171775,213,Health and wellness services,5,13-05-2022,03-11-2022
78,DE42771744757544870860,PK06PYDX9IKDYX2W6BCBMLX1,200,Insurance services,12,08-11-2021,07-11-2022
79,FR8885856433902PFBER7MY9W00,BH89XBHG5UNJQVF7DMBYNQ,265,Legal services,5,21-03-2021,05-09-2021
80,FR8885856433902PFBER7MY9W00,FR746574562519JBFAYYCZ5KX70,361,Training services,9,29-01-2022,21-11-2022
81,FR8885856433902PFBER7MY9W00,BA038977631439091374,82,Legal services,5,13-02-2022,25-07-2022
82,FR8885856433902PFBER7MY9W00,LI6447144YSY4Z7BZZZRK,427,Event planning services,1,16-08-2022,18-09-2022
83,PL48063123299606189735634665,AZ64HEGTJCSUZBLP4MODQD5TXA2Y,304,Event planning services,1,04-06-2022,06-07-2022
84,LI94577706TCILDNRABOC,GT83QMU2BFPVMOYQBSZ9SLMMIWW3,308,Health and wellness services,5,24-03-2022,31-08-2022
85,LI94577706TCILDNRABOC,LB020531YBRENLULG71HLYYHAJFW,120,Consulting services,9,22-10-2021,14-08-2022
86,LI94577706TCILDNRABOC,SA7921PAVZLGBPQUVNDYCZNY,122,Insurance services,5,13-05-2022,20-10-2022
87,ES7295078258162113141744,CH0777012CHPF0RNYLH5D,291,Security services,1,18-10-2021,13-12-2021
88,ES7295078258162113141744,IL786557961952878739199,219,Legal services,1,07-10-2021,14-11-2021
89,MD730CGGIQL7X7HD8J48NWXZ,DE02655198100986171775,301,Security services,2,19-06-2022,02-09-2022
90,MD730CGGIQL7X7HD8J48NWXZ,DE02655198100986171775,330,Finance services,2,07-06-2022,24-08-2022
91,MD730CGGIQL7X7HD8J48NWXZ,LT686535476410631841,245,Event planning services,4,12-05-2022,18-09-2022
92,MD730CGGIQL7X7HD8J48NWXZ,MU38SPRZ6561085529865602003KQY,369,Construction services,4,01-05-2022,06-09-2022
93,BG13JEIC509423NAXUKOLW,SK8004144805657907594151,219,Waste management services,4,11-08-2022,29-12-2022
94,BG13JEIC509423NAXUKOLW,AE791992291992682614433,198,Delivery services,3,17-09-2022,21-12-2022
95,BG13JEIC509423NAXUKOLW,FR1177144071868EIO0XBPAQH30,185,Insurance services,10,17-02-2022,12-01-2023
96,NO8650701288944,FR273037025062NQTUZGL8HIC68,98,Travel services,8,11-04-2022,28-12-2022
97,ME06010270545643065544,PK96UAFUYAA6NVVXOQDYXM6R,24,Delivery services,5,23-02-2022,11-08-2022
98,MK885706QX8UYFKTF20,FI5111950414945047,237,Health and wellness services,2,01-06-2022,19-08-2022
99,MK885706QX8UYFKTF20,CH0777012CHPF0RNYLH5D,260,Insurance services,1,04-07-2022,25-08-2022
100,MK885706QX8UYFKTF20,PK06PYDX9IKDYX2W6BCBMLX1,120,Software services,2,27-05-2022,30-07-2022
101,NO2855437598422,MK238558E9MGV3EF749,440,Waste management services,12,02-11-2021,10-11-2022
102,NO2855437598422,MC252479540832T14TYUTCAJX17,180,Consulting services,1,10-12-2021,18-01-2022
103,LI2033561S5WMFJ5ZBQZX,ES4028147503081363996112,361,Consulting services,1,20-06-2022,06-08-2022
104,LI2033561S5WMFJ5ZBQZX,FR794576365824OBDHH9XQU3Z48,285,Finance services,6,25-01-2022,20-08-2022
105,LI2033561S5WMFJ5ZBQZX,IL864925811367077730271,416,Event planning services,2,05-10-2022,08-12-2022
106,FR6770020963208J1UCIEIWYZ93,FR880802642577SKWA7FFSOSY93,196,Waste management services,5,04-04-2022,03-09-2022
107,FR6770020963208J1UCIEIWYZ93,AD9785172221O1G3LAZ3EHAY,396,Waste management services,2,23-05-2022,09-08-2022
108,FR664530848066PZS7RTSBPDX82,LV85LQVR5CYMZNTJEAENO,153,Construction services,2,23-10-2021,19-01-2022
109,FR664530848066PZS7RTSBPDX82,FR6770020963208J1UCIEIWYZ93,33,Waste management services,3,24-10-2021,24-01-2022
110,FR664530848066PZS7RTSBPDX82,IL240866025059159431398,11,Software services,1,10-01-2022,21-02-2022
111,RO38TDIXDHGRSSBIIEBSAHNZ,BA930876333848218316,436,Marketing services,10,21-11-2021,11-10-2022
112,RO38TDIXDHGRSSBIIEBSAHNZ,BR1205660151330024495652954UY,135,Consulting services,5,02-04-2022,25-09-2022
113,FR666537258783X8OMC04VFTC42,DE24606440803858670949,157,Construction services,6,03-04-2022,02-10-2022
114,FR666537258783X8OMC04VFTC42,FR823591936920GRRQXKU19RZ41,99,Travel services,7,12-12-2021,25-07-2022
115,FR666537258783X8OMC04VFTC42,AT406845176291948939,170,Waste management services,1,27-03-2022,14-05-2022
116,KW60GHNXNSHUOVNJSBVP2SQ00JCM0P,MU79EOTT8963977338902634213BSU,336,Delivery services,1,07-05-2022,02-07-2022
117,KW60GHNXNSHUOVNJSBVP2SQ00JCM0P,FR718643467428HIJYLT8CYGQ82,10,Health and wellness services,2,01-02-2022,17-04-2022
118,KW60GHNXNSHUOVNJSBVP2SQ00JCM0P,CH584827884PGVRUBCRFO,343,Health and wellness services,2,18-12-2021,09-03-2022
119,HR2750206937399363641,MK76101XO6RF8MT6N44,410,Software services,7,28-01-2022,10-09-2022
120,LI6447144YSY4Z7BZZZRK,FR5013365821287GQMMDD6OLU83,304,Event planning services,8,09-05-2022,12-01-2023
121,LI6447144YSY4Z7BZZZRK,AZ66GLLCMWGFFSKTDRD2WLKPHLEU,94,Security services,4,23-06-2022,31-10-2022
122,FR9782327987451AYUC37U0EF51,FR236631003080GIYTWDCWVFH78,461,Finance services,8,04-04-2022,17-12-2022
123,FR9782327987451AYUC37U0EF51,BG38CTRP707888CHJO8ZXK,158,Construction services,5,20-04-2022,20-09-2022
124,LU51482S5LB0GJSVOYPP,CR5710841972545014452,141,Software services,2,25-01-2022,05-04-2022
125,LU51482S5LB0GJSVOYPP,FI2219198455116224,296,Delivery services,8,30-01-2022,16-10-2022
126,SI74825760997584571,FR3481428835649QEVERDZJYP38,72,Delivery services,10,24-02-2021,16-01-2022
127,SI74825760997584571,KZ57817DZXUEGJAWDPRF,73,Construction services,1,23-10-2021,03-12-2021
128,MC574513984017FXNQQKOYBLQ33,PK16JVLT9WUDT2GTNRJXDCWX,236,Construction services,3,04-11-2021,15-02-2022
129,MC574513984017FXNQQKOYBLQ33,AE595235723883635853522,431,Legal services,3,27-07-2022,29-10-2022
130,MC574513984017FXNQQKOYBLQ33,RO13UPSSRHMVA84JH0TPPTVX,262,Security services,12,21-10-2021,13-11-2022
131,BA038977631439091374,TN5478612701002964205356,202,Marketing services,3,21-07-2022,20-10-2022
132,BA038977631439091374,MU31UEWC1168158191908027236MKS,21,Legal services,3,26-11-2021,12-03-2022
133,PL11799872834331665811266572,FR390919493726CUBB0X2AUQD94,366,Delivery services,1,26-12-2021,28-01-2022
134,PL11799872834331665811266572,CY95098509140KUMVLON9VLJIQD8,67,Consulting services,3,21-12-2021,30-03-2022
135,SI16655849116473450,IL954780099934615738624,40,Health and wellness services,3,19-03-2022,10-07-2022
136,FR415369337789HNEDLEYCLTX34,HU68784313704422979806045343,436,Delivery services,1,02-10-2022,24-11-2022
137,FR415369337789HNEDLEYCLTX34,SK9128096539431151563108,336,Travel services,3,13-08-2021,24-11-2021
138,FR415369337789HNEDLEYCLTX34,LU67780AHKNQAGUVIQCQ,364,Travel services,6,09-04-2022,21-10-2022
139,FR262813619748PNCVTCELAXG12,AT419337944819836915,120,Finance services,3,11-03-2022,22-06-2022
140,PT32784241761371374262171,FR9236728895752YBZZQ60JCF08,145,Training services,1,09-05-2022,04-07-2022
141,PT32784241761371374262171,CH40257354COC2G42ATEJ,380,Legal services,12,18-11-2021,23-11-2022
142,PT32784241761371374262171,RO30KCWCK6YFATZUPK1JDJSU,354,Software services,11,04-11-2021,26-10-2022
143,ME97661623675960265882,SA3042VLBFLEND4YGUQOFAGX,17,Consulting services,6,15-05-2022,26-11-2022
144,ME97661623675960265882,SI14540525320707650,467,Software services,1,25-04-2022,27-05-2022
145,ME97661623675960265882,GB76IQCB97160799774998,183,Delivery services,5,18-10-2021,05-04-2022
146,FR555370117262M8MHCS4TW0778,SI74825760997584571,301,Software services,15,02-06-2021,04-09-2022
147,FR555370117262M8MHCS4TW0778,GB40XYTB95618940277915,30,Event planning services,2,24-12-2021,21-03-2022
148,FR555370117262M8MHCS4TW0778,AT406845176291948939,26,Consulting services,5,12-01-2022,23-06-2022
149,KW82KSFYM4YY93ESZGLAMCNATMMBIG,CR5710841972545014452,431,Travel services,4,30-05-2022,27-09-2022
150,KW82KSFYM4YY93ESZGLAMCNATMMBIG,LI2033561S5WMFJ5ZBQZX,267,Training services,10,23-10-2021,21-08-2022
151,KW82KSFYM4YY93ESZGLAMCNATMMBIG,ES3876567973341776820457,385,Finance services,1,29-10-2022,06-12-2022
152,PL89877171017396818184443026,PS04VYBCQPFJWHXPFFNWDRHMH7Z9E,55,Legal services,2,03-03-2022,16-05-2022
153,GR560395974CG6TT9ZR8OFADHFE,RS34859514741464869106,116,Security services,3,27-06-2022,10-10-2022
154,FR695430719047MSWFWEIHCAO18,SK9128096539431151563108,402,Waste management services,5,05-07-2022,20-12-2022
155,FR695430719047MSWFWEIHCAO18,IL240866025059159431398,24,Travel services,5,17-05-2022,24-10-2022
156,GL4455269002179975,ES1439225274313147027314,330,Software services,7,07-02-2022,26-09-2022
157,GL4455269002179975,SE4479248889724865310316,337,Consulting services,4,15-04-2022,02-09-2022
158,SM04O2872816220NX2CRTU1F91Z,PT79958979704247087374884,91,Event planning services,1,12-03-2022,09-05-2022
159,SM04O2872816220NX2CRTU1F91Z,FR936121328389LQQGOASLWT796,289,Construction services,3,23-04-2022,07-08-2022
160,SM04O2872816220NX2CRTU1F91Z,MK41477DOYFWAI1W659,169,Event planning services,1,23-05-2022,23-06-2022
161,SM04O2872816220NX2CRTU1F91Z,NO8650701288944,481,Software services,2,26-04-2022,04-07-2022
162,FR2505908882660FTQILUB4R861,AL0632649694SYHHMSPXSYAET4R2,271,Finance services,2,05-05-2022,13-07-2022
163,FR2505908882660FTQILUB4R861,SM83P90892886318JNTNUYDHWF0,33,Delivery services,1,23-09-2021,04-11-2021
164,CY8714298070SW8FV1GLHBWSTKYO,AZ82SJGCNRR6QR1HB8PBWOX5UT7D,346,Security services,9,21-02-2022,02-12-2022
165,FR433271943275Q7IKGEEUQOE62,LB941675UDL4DF8O5J2L71XJLEFK,172,Waste management services,4,17-08-2022,29-12-2022
166,FR433271943275Q7IKGEEUQOE62,AT406845176291948939,453,Security services,2,20-03-2022,27-05-2022
167,FR433271943275Q7IKGEEUQOE62,AE208442104089089423018,488,Marketing services,9,04-02-2022,17-11-2022
168,KZ57817DZXUEGJAWDPRF,DO692LOA24615275459286419733,175,Marketing services,1,08-11-2021,10-12-2021
169,NL78SXNX5876067470,ES4028147503081363996112,99,Legal services,3,08-06-2022,10-09-2022
170,NL78SXNX5876067470,DE87413056918276489411,269,Travel services,1,30-05-2022,08-07-2022
171,NL78SXNX5876067470,FR1502944963172WZYK2TOUP756,288,Health and wellness services,7,21-05-2022,30-12-2022
172,PT76725017952203419820774,IT95C5136669136DOMHUVNPWXL1,435,Training services,5,21-03-2022,06-09-2022
173,PT76725017952203419820774,BG10EWTB1413962P6E6CZJ,409,Construction services,1,02-12-2022,03-01-2023
174,MK88922HU8SSC0WM810,IL954780099934615738624,218,Marketing services,14,10-10-2021,28-12-2022
175,MK88922HU8SSC0WM810,DE26201314004591017445,405,Finance services,9,27-03-2022,29-12-2022
176,MK88922HU8SSC0WM810,SI16655849116473450,128,Finance services,1,23-08-2022,26-09-2022
177,MK88922HU8SSC0WM810,CR3363379287437459602,100,Finance services,2,08-01-2022,19-03-2022
178,CH1618474PWEBI8QAGREI,CY9215826814N5WF0EAUVLRJNYEP,366,Health and wellness services,1,31-12-2021,12-02-2022
179,CH1618474PWEBI8QAGREI,NL76JNXX1868440926,255,Security services,6,16-11-2021,24-05-2022
180,CH1618474PWEBI8QAGREI,TN5478612701002964205356,476,Waste management services,1,25-01-2022,24-03-2022
181,HU87667080640745192379770387,CH40257354COC2G42ATEJ,123,Event planning services,3,18-06-2021,12-10-2021
182,FR1549583566069TR1N2XWOYX34,LU51482S5LB0GJSVOYPP,231,Waste management services,1,14-08-2022,04-10-2022
183,FR1549583566069TR1N2XWOYX34,MK76101XO6RF8MT6N44,219,Security services,3,03-09-2022,16-12-2022
184,FR1549583566069TR1N2XWOYX34,BG13JEIC509423NAXUKOLW,35,Finance services,4,28-07-2022,04-12-2022
185,FR1549583566069TR1N2XWOYX34,BH58MVVMELSVPCFDSZUQT8,126,Event planning services,1,26-11-2022,30-12-2022
186,FR3481428835649QEVERDZJYP38,FR262813619748PNCVTCELAXG12,169,Travel services,5,15-01-2022,17-06-2022
187,DK6058517087729622,LI9457531A6YJLWIJKNSQ,463,Software services,4,05-07-2021,29-11-2021
188,DK6058517087729622,AZ82SJGCNRR6QR1HB8PBWOX5UT7D,365,Event planning services,7,11-04-2022,25-11-2022
189,LI9457531A6YJLWIJKNSQ,RO38TDIXDHGRSSBIIEBSAHNZ,443,Delivery services,8,25-12-2021,15-09-2022
190,LI9457531A6YJLWIJKNSQ,HU87667080640745192379770387,487,Delivery services,1,18-07-2021,13-09-2021
191,NL76JNXX1868440926,FR266343225064PCVUZ6NADSB73,305,Health and wellness services,2,26-01-2022,17-04-2022
192,GI83NEWZEVPW4UU7XMWZ0HZ,SM15Z7626700133IYW0DGUTCR6Q,64,Finance services,5,05-02-2022,17-07-2022
193,MD45BCMPTO0A8JEWCMIMULCR,RO24FUJYCNJEVRWWMVTOBVYT,36,Finance services,3,12-05-2022,31-08-2022
194,MD45BCMPTO0A8JEWCMIMULCR,FR614281571412VPU8P4TMHZR26,463,Security services,1,21-11-2022,28-12-2022
195,MD45BCMPTO0A8JEWCMIMULCR,VG31PSVD3306916511040551,23,Travel services,1,24-09-2022,27-10-2022
196,IE51AAOQ21828404077999,RO30KCWCK6YFATZUPK1JDJSU,124,Health and wellness services,9,13-09-2021,09-07-2022
197,BE14175804407331,FR521761738278VD4WOODAQLA67,18,Software services,6,11-06-2022,25-12-2022
198,BE14175804407331,FR866323816569TBEYXL0UTTS96,336,Insurance services,1,26-06-2022,03-08-2022
199,AL5959600739QLBVKSV5UR8L5MCU,AD9413090105NCMC3VM1EDKD,15,Legal services,2,14-05-2022,03-08-2022
200,TR0759790QLUOZUYZBIF6LUMC0,FR0871364849612TYD80JXEME62,404,Marketing services,9,30-01-2022,23-11-2022
201,TR0759790QLUOZUYZBIF6LUMC0,FR794576365824OBDHH9XQU3Z48,40,Delivery services,11,05-01-2022,08-12-2022
202,TR0759790QLUOZUYZBIF6LUMC0,FR852149528972WKYPXKZBV9783,248,Training services,10,18-01-2022,01-12-2022
203,IE42UTTQ67174907923500,MK238558E9MGV3EF749,64,Training services,2,31-10-2021,09-01-2022
204,IE42UTTQ67174907923500,AD6546708196DCNFM1FYRYWR,178,Travel services,1,02-01-2022,06-02-2022
205,IE42UTTQ67174907923500,FR8885856433902PFBER7MY9W00,77,Finance services,2,15-08-2021,07-11-2021
206,LB112232GXFEIRUSUKN8WRUCRGQM,FR823591936920GRRQXKU19RZ41,15,Legal services,3,17-10-2021,03-02-2022
207,LB112232GXFEIRUSUKN8WRUCRGQM,CZ5240340767680109789049,359,Construction services,4,08-10-2021,09-02-2022
208,LB64197862DLT0DLQ7H8HKJHW7CI,SK8004144805657907594151,118,Finance services,6,02-06-2022,19-12-2022
209,LB64197862DLT0DLQ7H8HKJHW7CI,DE88503433710437310817,345,Delivery services,2,05-07-2022,04-09-2022
210,LB64197862DLT0DLQ7H8HKJHW7CI,IS854519170803540031159058,14,Construction services,6,26-06-2022,05-01-2023
211,BG96DUOA015893RAOVD5AK,LI7115490UEKKHC5HEOMC,304,Marketing services,1,05-07-2022,14-08-2022
212,BG96DUOA015893RAOVD5AK,FR5041164036327DMV1CRBHOK58,130,Software services,1,12-07-2022,31-08-2022
213,BG96DUOA015893RAOVD5AK,SI90561448213410524,270,Travel services,1,04-09-2021,13-10-2021
214,EE386688945979336861,CY12037553938HANCACNARCJXUQ2,429,Delivery services,2,10-06-2022,18-08-2022
215,EE386688945979336861,DE42771744757544870860,316,Security services,3,21-08-2021,29-11-2021
216,EE386688945979336861,FR1177144071868EIO0XBPAQH30,328,Legal services,2,24-10-2022,06-01-2023
217,GT83QMU2BFPVMOYQBSZ9SLMMIWW3,LV55XFBII6FKFXSK3PXAU,217,Insurance services,8,03-04-2022,03-12-2022
218,FR5041164036327DMV1CRBHOK58,PT29499781625205195427425,63,Construction services,5,26-01-2022,08-07-2022
219,FR5041164036327DMV1CRBHOK58,CY8714298070SW8FV1GLHBWSTKYO,331,Finance services,3,30-09-2022,06-01-2023
220,FR5041164036327DMV1CRBHOK58,AD3436784333NJ8STCMDIPRF,481,Security services,3,29-05-2022,10-09-2022
221,FR5041164036327DMV1CRBHOK58,PS04VYBCQPFJWHXPFFNWDRHMH7Z9E,409,Waste management services,3,28-02-2022,20-06-2022
222,FR836087418377IWU8PVEGDVU13,FR794576365824OBDHH9XQU3Z48,156,Legal services,1,06-10-2021,12-11-2021
223,FR836087418377IWU8PVEGDVU13,AE953455736311284747558,190,Finance services,2,25-10-2021,27-12-2021
224,FR836087418377IWU8PVEGDVU13,KW59IMZAU6XRJDDOMKHUQXXXQNGYBX,386,Security services,3,07-10-2021,21-01-2022
225,FR836087418377IWU8PVEGDVU13,GI02OSMLZCVPC3LI6P7EZUF,119,Legal services,3,02-10-2021,24-01-2022
226,BH54PCIVYK9ZY4NPXRS8O3,ES4028147503081363996112,170,Waste management services,2,23-05-2022,25-07-2022
227,BH54PCIVYK9ZY4NPXRS8O3,FR162511973191FEJLUSCLSYA55,143,Finance services,2,05-05-2022,01-08-2022
228,BH54PCIVYK9ZY4NPXRS8O3,CH584827884PGVRUBCRFO,141,Finance services,1,06-06-2022,02-08-2022
229,GR665961948ADBSX9QJRLACNGCS,SM83P90892886318JNTNUYDHWF0,248,Event planning services,6,14-01-2022,06-08-2022
230,GR665961948ADBSX9QJRLACNGCS,BA038977631439091374,75,Construction services,4,13-03-2022,22-07-2022
231,BA930876333848218316,BH68VDGEO3AQYIO5773CF6,23,Marketing services,8,02-03-2022,26-11-2022
232,BA930876333848218316,FR263097337494WTJNN9YCWBB79,140,Finance services,3,30-08-2021,17-12-2021
233,AL0870006466BDDYHJJGOUMQB7A6,AE669617962979556956338,447,Marketing services,2,30-11-2021,08-02-2022
234,FR5013365821287GQMMDD6OLU83,FR067220098632VIHYMPBGS8E97,259,Consulting services,4,08-09-2021,29-01-2022
235,IT95C5136669136DOMHUVNPWXL1,LB941675UDL4DF8O5J2L71XJLEFK,451,Finance services,6,21-05-2022,07-12-2022
236,IT95C5136669136DOMHUVNPWXL1,IT56S7325864523V7YMRWOSUY1J,495,Marketing services,14,07-05-2021,08-07-2022
237,BH67DBGDTWOO98T1IIB1GE,CH6569821IBPATSHZIOIH,323,Event planning services,1,08-09-2022,06-11-2022
238,BH67DBGDTWOO98T1IIB1GE,MR2368945812321419374551561,285,Security services,2,09-08-2022,05-11-2022
239,BH67DBGDTWOO98T1IIB1GE,PT76725017952203419820774,360,Software services,1,18-09-2022,12-11-2022
240,AT226036253155779986,SE0410756440958840317925,128,Travel services,2,10-11-2021,17-01-2022
241,AT226036253155779986,PK06PYDX9IKDYX2W6BCBMLX1,393,Consulting services,5,25-04-2022,24-09-2022
242,DO65YOCL31275685388452922839,DE02655198100986171775,233,Consulting services,3,06-08-2022,02-12-2022
243,DO65YOCL31275685388452922839,AZ73BFASXO7TAC1SDXQLYB2RTNGJ,344,Waste management services,3,26-03-2022,30-06-2022
244,KW59IMZAU6XRJDDOMKHUQXXXQNGYBX,ME65998433026079128554,333,Insurance services,3,01-09-2022,28-12-2022
245,KW59IMZAU6XRJDDOMKHUQXXXQNGYBX,GT83QMU2BFPVMOYQBSZ9SLMMIWW3,437,Event planning services,2,02-06-2022,10-08-2022
246,DO39GE7C12482803957849368595,BH28EQZSLZB0CFICEYOZHW,225,Construction services,8,30-12-2021,31-08-2022
247,DO39GE7C12482803957849368595,KZ5999506HVXYZY3JUJI,299,Legal services,2,21-07-2022,15-10-2022
248,DO39GE7C12482803957849368595,SA95663L8AYYQFUGNYDUDYGY,185,Travel services,1,27-08-2022,01-10-2022
249,DO39GE7C12482803957849368595,NO5707298372619,265,Insurance services,2,16-05-2022,08-08-2022
250,PL02388355872187260826304548,DO39GE7C12482803957849368595,275,Training services,4,18-01-2022,21-05-2022
251,PL02388355872187260826304548,DO09YBQL07479057498667250098,89,Training services,1,04-07-2022,26-08-2022
252,PL02388355872187260826304548,AT081187867286884882,69,Construction services,3,18-08-2022,08-12-2022
253,LI9802427CPUSD02PMERA,FR555370117262M8MHCS4TW0778,40,Delivery services,15,21-09-2021,11-01-2023
254,LI9802427CPUSD02PMERA,IL930759747392977098228,464,Delivery services,10,18-11-2021,28-09-2022
255,GR522354528C95EVZDAXCLHWO6W,FR5041164036327DMV1CRBHOK58,140,Event planning services,7,31-05-2022,30-12-2022
256,GR522354528C95EVZDAXCLHWO6W,LB941675UDL4DF8O5J2L71XJLEFK,155,Insurance services,5,16-07-2022,09-01-2023
257,GI02OSMLZCVPC3LI6P7EZUF,MT69HUPA88465GU9WRY2OMXLZEBAK28,47,Construction services,3,02-03-2022,19-06-2022
258,GI02OSMLZCVPC3LI6P7EZUF,FR614281571412VPU8P4TMHZR26,317,Legal services,5,11-08-2022,12-01-2023
259,GI02OSMLZCVPC3LI6P7EZUF,MK88922HU8SSC0WM810,88,Finance services,6,04-04-2022,09-10-2022
260,GI02OSMLZCVPC3LI6P7EZUF,SK8004144805657907594151,406,Delivery services,3,23-05-2022,26-08-2022
261,MR2368945812321419374551561,PL66688800934580256377748627,254,Delivery services,10,10-03-2022,12-01-2023
262,MR2368945812321419374551561,KZ5999506HVXYZY3JUJI,323,Finance services,13,04-09-2021,26-10-2022
263,MR2368945812321419374551561,NL16YIIT3067429023,185,Security services,1,08-09-2021,15-10-2021
264,GL5292163970877711,FR5894022872945ACYX887VOH23,381,Construction services,3,12-09-2022,03-01-2023
265,GL5292163970877711,FR614281571412VPU8P4TMHZR26,174,Marketing services,3,24-06-2022,21-10-2022
266,GL5292163970877711,HR2684646346109894181,236,Training services,2,24-05-2022,06-08-2022
267,GL5292163970877711,GL5255650205989485,495,Security services,5,30-12-2021,18-06-2022
268,BG10EWTB1413962P6E6CZJ,KW85AYMHPBVBCVXTBEXRORUCADITVV,265,Health and wellness services,9,01-09-2021,05-06-2022
269,BG10EWTB1413962P6E6CZJ,FR654459310157FSFJXHSE1FU24,249,Event planning services,2,05-03-2022,05-05-2022
270,BG10EWTB1413962P6E6CZJ,GR522354528C95EVZDAXCLHWO6W,399,Training services,5,23-07-2022,08-01-2023
271,LI9151289N8ADOGNRY7JJ,SK8004144805657907594151,182,Consulting services,2,06-08-2022,05-10-2022
272,LI9151289N8ADOGNRY7JJ,SM79Q3694121719TOU8ASQA0WSB,76,Construction services,3,24-11-2021,18-03-2022
273,LI9151289N8ADOGNRY7JJ,MU31ZXVS5616427840984886555RWZ,294,Insurance services,4,09-06-2022,26-10-2022
274,FR044345369650K70UZEP1PLB38,FR569310056713SC8KZOLNQYJ12,231,Marketing services,1,15-06-2022,29-07-2022
275,FR044345369650K70UZEP1PLB38,GB72MTCS12171466615466,127,Travel services,6,22-05-2022,04-12-2022
276,FR044345369650K70UZEP1PLB38,FR5013365821287GQMMDD6OLU83,65,Software services,8,07-05-2022,14-01-2023
277,FR044345369650K70UZEP1PLB38,CH9064317NC6X7QUDMO5B,254,Waste management services,3,08-12-2021,09-03-2022
278,AE791992291992682614433,IT56S7325864523V7YMRWOSUY1J,320,Software services,14,07-10-2021,17-12-2022
279,AE791992291992682614433,BH72VEUO4WGT154P1GOGKD,375,Training services,6,25-05-2022,18-12-2022
280,AE791992291992682614433,AL0632649694SYHHMSPXSYAET4R2,500,Construction services,4,23-07-2022,30-11-2022
281,AZ32WDFXIMHARYKZEWVKS5QG5GQ7,MD352HZKLXD7BFBSGKEAUTNZ,125,Health and wellness services,6,10-06-2022,02-01-2023
282,AZ32WDFXIMHARYKZEWVKS5QG5GQ7,LT515349342197999350,234,Event planning services,5,28-06-2022,11-12-2022
283,KW22OLNPISJDMT4SNHFR0DSPN5ANKQ,PT13236191257141033561499,151,Finance services,16,28-08-2021,22-12-2022
284,IT92R5558006844U0FADCFZP08W,ES1439225274313147027314,406,Event planning services,1,06-06-2022,09-07-2022
285,IT92R5558006844U0FADCFZP08W,PS73OBEGHFSEYBLYFMH8L3QPGVQC9,439,Health and wellness services,1,23-06-2022,03-08-2022
286,IT92R5558006844U0FADCFZP08W,MK885706QX8UYFKTF20,219,Software services,1,26-05-2022,28-06-2022
287,TR0242141JKJFDPUYFQ4BG1CHR,ES3876567973341776820457,163,Security services,3,14-05-2022,27-08-2022
288,TR0242141JKJFDPUYFQ4BG1CHR,KW82KSFYM4YY93ESZGLAMCNATMMBIG,147,Insurance services,5,02-05-2022,05-10-2022
289,KZ08583RLSRYBXSZMLZ4,MT29TBTL85012OVGSQ22YFNLREHDKPT,425,Insurance services,2,06-06-2022,27-08-2022
290,KZ08583RLSRYBXSZMLZ4,MC252479540832T14TYUTCAJX17,342,Software services,7,13-12-2021,23-07-2022
291,KZ08583RLSRYBXSZMLZ4,FR5041164036327DMV1CRBHOK58,136,Delivery services,5,08-05-2022,21-10-2022
292,FR654459310157FSFJXHSE1FU24,FR1543277896585ZIK0CSQLQV29,419,Waste management services,3,17-04-2022,04-08-2022
293,FR654459310157FSFJXHSE1FU24,BE55191200578333,48,Event planning services,2,19-01-2022,10-04-2022
294,BR1205660151330024495652954UY,LU51482S5LB0GJSVOYPP,51,Construction services,3,14-05-2022,28-08-2022
295,FR8531903426929BVM9A1DXCW93,PT32784241761371374262171,369,Training services,5,23-11-2021,10-05-2022
296,IL864925811367077730271,RO13UPSSRHMVA84JH0TPPTVX,414,Consulting services,1,27-10-2022,13-12-2022
297,IL864925811367077730271,HU90888651622857489620287790,39,Health and wellness services,4,26-04-2022,13-09-2022
298,IL864925811367077730271,GL5292163970877711,412,Delivery services,3,22-06-2022,20-09-2022
299,LV72XXYBH0G42VAO1QZAS,FR9782327987451AYUC37U0EF51,171,Delivery services,4,24-08-2022,12-01-2023
300,LV72XXYBH0G42VAO1QZAS,IE51HMAU92310220433666,244,Insurance services,1,03-06-2022,05-07-2022
301,LT686535476410631841,SA3362YUBLXWH0QPSXXHHUFK,160,Security services,3,26-03-2022,22-07-2022
302,LT686535476410631841,FR5013365821287GQMMDD6OLU83,271,Insurance services,6,02-11-2021,06-05-2022
303,MU79EOTT8963977338902634213BSU,LV85LQVR5CYMZNTJEAENO,183,Finance services,7,05-06-2022,07-01-2023
304,FR241647887802ACKVGEEEQZM87,AZ66GLLCMWGFFSKTDRD2WLKPHLEU,421,Insurance services,1,22-02-2022,09-04-2022
305,FR241647887802ACKVGEEEQZM87,CZ7345444139802983588544,373,Health and wellness services,3,03-07-2022,04-10-2022
306,FR241647887802ACKVGEEEQZM87,DK2114195689978254,86,Marketing services,2,25-09-2022,10-12-2022
307,DE87413056918276489411,KZ64703VA9TXWV1O4CUM,109,Training services,1,04-06-2022,02-08-2022
308,DE87413056918276489411,KW82KSFYM4YY93ESZGLAMCNATMMBIG,158,Construction services,1,17-06-2022,02-08-2022
309,DE87413056918276489411,IL930759747392977098228,295,Delivery services,1,21-06-2022,03-08-2022
310,DO692LOA24615275459286419733,BG10EWTB1413962P6E6CZJ,469,Waste management services,13,02-12-2021,27-12-2022
311,TN9828137049969786960962,GT83QMU2BFPVMOYQBSZ9SLMMIWW3,161,Consulting services,2,10-03-2022,27-05-2022
312,TN9828137049969786960962,CR5054394223774342612,362,Consulting services,3,25-01-2022,01-05-2022
313,TN9828137049969786960962,DE14729572230611752366,359,Construction services,10,22-01-2022,05-12-2022
314,SK9128096539431151563108,SM15Z7626700133IYW0DGUTCR6Q,378,Finance services,7,28-12-2021,06-08-2022
315,SK9128096539431151563108,VG35WZDA4882933705963825,315,Event planning services,4,07-07-2021,03-12-2021
316,AL33908744009C521XY5QXTPUATG,SK8004144805657907594151,130,Travel services,4,24-05-2022,22-09-2022
317,AL33908744009C521XY5QXTPUATG,BE14175804407331,213,Legal services,9,28-11-2021,20-09-2022
318,AL33908744009C521XY5QXTPUATG,MR2233184551320834197541398,29,Travel services,2,17-03-2022,26-05-2022
319,AE236837503028130721519,PL11799872834331665811266572,420,Travel services,1,25-01-2022,02-03-2022
320,AE236837503028130721519,DK1296358774419108,494,Waste management services,17,29-04-2021,12-10-2022
321,ME30014423925934878853,BG10EWTB1413962P6E6CZJ,457,Finance services,6,16-11-2021,30-05-2022
322,ME30014423925934878853,FR45266161274652TMVIVPQ5L01,30,Delivery services,6,20-08-2021,06-03-2022
323,CZ7501037659587135778487,BG80BGKW2232103ST3GTY6,366,Health and wellness services,6,22-10-2021,20-04-2022
324,CZ7501037659587135778487,AZ66GLLCMWGFFSKTDRD2WLKPHLEU,103,Health and wellness services,7,23-08-2021,29-03-2022
325,IL786557961952878739199,KZ64703VA9TXWV1O4CUM,121,Software services,4,30-10-2021,13-03-2022
326,CH6793171T2FIYUY16UEY,AZ73BFASXO7TAC1SDXQLYB2RTNGJ,437,Marketing services,8,07-02-2022,17-10-2022
327,CH6793171T2FIYUY16UEY,BA975439577438062611,233,Delivery services,4,22-02-2022,14-07-2022
328,HR2046564264198251845,PS81ZQCHDLD7M5SDZUWZNKSYSTCMO,223,Marketing services,1,14-07-2022,21-08-2022
329,HR2046564264198251845,CR3363379287437459602,464,Legal services,2,24-01-2022,07-04-2022
330,HR2046564264198251845,BH54PCIVYK9ZY4NPXRS8O3,412,Consulting services,2,12-05-2022,20-07-2022
331,LU67780AHKNQAGUVIQCQ,FI5111950414945047,162,Software services,2,11-10-2022,20-12-2022
332,LU67780AHKNQAGUVIQCQ,LB64197862DLT0DLQ7H8HKJHW7CI,95,Insurance services,3,27-08-2022,11-12-2022
333,DE26201314004591017445,FR695430719047MSWFWEIHCAO18,133,Security services,2,02-08-2022,17-10-2022
334,DE26201314004591017445,FI2219198455116224,14,Health and wellness services,7,06-04-2022,05-11-2022
335,DE26201314004591017445,CY32592408595KQLQUM1CG60C779,399,Consulting services,1,11-10-2022,08-12-2022
336,FR618914331395Y2P7V6AEBDG70,ME47023169616824130549,121,Insurance services,2,13-01-2022,28-03-2022
337,FR618914331395Y2P7V6AEBDG70,AD0357942949XKSMVLBOOIBA,326,Waste management services,3,04-06-2022,05-09-2022
338,FR618914331395Y2P7V6AEBDG70,SK8004144805657907594151,489,Security services,2,23-10-2022,28-12-2022
339,FR618914331395Y2P7V6AEBDG70,DE40064213356819991051,132,Construction services,17,13-08-2021,10-01-2023
340,FR880802642577SKWA7FFSOSY93,DE40064213356819991051,458,Finance services,6,02-02-2022,04-08-2022
341,FR880802642577SKWA7FFSOSY93,LI9371923OXAYHIGPTSWF,370,Training services,3,20-01-2022,22-04-2022
342,CH40257354COC2G42ATEJ,AT312563855247280428,101,Training services,11,04-06-2021,18-05-2022
343,CH40257354COC2G42ATEJ,ME17166678628475535698,200,Travel services,1,28-02-2022,18-04-2022
344,LB3423188JABVMUC6GSTMJQWP8DR,SE4479248889724865310316,317,Waste management services,6,12-03-2022,07-10-2022
345,IL930759747392977098228,CY9873342199LFMKFAYXM2EDQHLW,59,Health and wellness services,2,07-06-2022,18-08-2022
346,IL930759747392977098228,LB941675UDL4DF8O5J2L71XJLEFK,96,Finance services,6,29-05-2022,30-11-2022
347,IL930759747392977098228,MU79EOTT8963977338902634213BSU,127,Delivery services,6,07-04-2022,11-10-2022
348,IL930759747392977098228,IL864925811367077730271,432,Marketing services,4,17-07-2022,02-12-2022
349,SM21J8226711495E7QWVSFSIA8R,IL786557961952878739199,272,Legal services,6,01-03-2022,10-09-2022
350,SM21J8226711495E7QWVSFSIA8R,BH67DBGDTWOO98T1IIB1GE,267,Event planning services,1,22-10-2022,05-12-2022
351,AE669617962979556956338,IL757842282767511621870,352,Security services,1,23-06-2021,29-07-2021
352,CR5054394223774342612,AT312563855247280428,199,Training services,2,10-03-2022,27-05-2022
353,CR5054394223774342612,FR0871364849612TYD80JXEME62,32,Marketing services,7,10-03-2022,19-10-2022
354,CZ4978198580333176676814,IT95C5136669136DOMHUVNPWXL1,339,Software services,5,30-03-2021,31-08-2021
355,CZ4978198580333176676814,MT96UJMO84351ISUKDQAC1BVUSET7YZ,187,Construction services,2,22-12-2021,11-03-2022
356,CZ4978198580333176676814,SM79Q3694121719TOU8ASQA0WSB,371,Construction services,1,23-10-2021,25-11-2021
357,KZ79698SAMINRDWP0SU3,FR236631003080GIYTWDCWVFH78,495,Delivery services,5,21-05-2022,24-10-2022
358,KZ79698SAMINRDWP0SU3,PL89877171017396818184443026,39,Consulting services,1,27-06-2022,13-08-2022
359,KZ79698SAMINRDWP0SU3,FR980951897243NIURNICRP1L79,177,Health and wellness services,6,29-05-2022,24-12-2022
360,IE51HMAU92310220433666,KW22OLNPISJDMT4SNHFR0DSPN5ANKQ,105,Legal services,1,14-11-2022,28-12-2022
361,IE51HMAU92310220433666,PT13236191257141033561499,158,Delivery services,1,13-10-2022,02-12-2022
362,IE51HMAU92310220433666,HU15831059445261419254720391,211,Construction services,2,20-07-2022,23-09-2022
363,IE51HMAU92310220433666,MU79EOTT8963977338902634213BSU,17,Waste management services,2,24-08-2022,07-11-2022
364,LB020531YBRENLULG71HLYYHAJFW,LI9457531A6YJLWIJKNSQ,396,Consulting services,1,11-06-2022,27-07-2022
365,BE73412981269660,FR866323816569TBEYXL0UTTS96,55,Travel services,3,25-08-2022,08-12-2022
366,BE73412981269660,MU38SPRZ6561085529865602003KQY,379,Event planning services,3,18-10-2021,25-01-2022
367,BH89XBHG5UNJQVF7DMBYNQ,BE73412981269660,166,Construction services,9,15-09-2021,20-06-2022
368,FR852149528972WKYPXKZBV9783,FR8950951953808OSTKJGGULZ02,65,Waste management services,1,26-03-2022,07-05-2022
369,FR852149528972WKYPXKZBV9783,HU90888651622857489620287790,331,Legal services,6,23-06-2022,14-01-2023
370,FR852149528972WKYPXKZBV9783,PL02388355872187260826304548,218,Marketing services,6,28-05-2022,10-12-2022
371,FR852149528972WKYPXKZBV9783,CH40257354COC2G42ATEJ,344,Training services,2,22-09-2022,28-11-2022
372,MD127KRR5IDXVHDKKSBDCYLZ,IT56S7325864523V7YMRWOSUY1J,323,Travel services,4,03-07-2022,31-10-2022
373,MD127KRR5IDXVHDKKSBDCYLZ,PK52YQMIKKNXKJTPECSBKECZ,366,Consulting services,1,15-06-2022,01-08-2022
374,MD127KRR5IDXVHDKKSBDCYLZ,KW22OLNPISJDMT4SNHFR0DSPN5ANKQ,225,Finance services,1,15-11-2022,27-12-2022
375,AD3436784333NJ8STCMDIPRF,SI16655849116473450,282,Training services,2,14-06-2022,08-09-2022
376,AD3436784333NJ8STCMDIPRF,MT29TBTL85012OVGSQ22YFNLREHDKPT,215,Travel services,2,19-03-2022,24-05-2022
377,FR355719122719UPWYHQHCWEX12,PK06PYDX9IKDYX2W6BCBMLX1,182,Training services,3,26-03-2022,13-07-2022
378,FR355719122719UPWYHQHCWEX12,DE87413056918276489411,465,Waste management services,1,05-05-2022,14-06-2022
379,FR355719122719UPWYHQHCWEX12,FR241647887802ACKVGEEEQZM87,312,Legal services,1,26-11-2021,14-01-2022
380,CY9873342199LFMKFAYXM2EDQHLW,LU67780AHKNQAGUVIQCQ,272,Health and wellness services,7,24-04-2022,06-12-2022
381,IL954780099934615738624,FR980228933378SS3VLX9UACU28,402,Finance services,7,23-04-2021,26-11-2021
382,IL954780099934615738624,FR9236728895752YBZZQ60JCF08,358,Delivery services,2,14-08-2022,25-10-2022
383,IL954780099934615738624,SA8805TF9YHK68JRJYE64GMK,451,Travel services,5,26-05-2022,25-10-2022
384,PT79958979704247087374884,SI27477425351749407,409,Training services,1,06-12-2022,11-01-2023
385,PT79958979704247087374884,SA7921PAVZLGBPQUVNDYCZNY,492,Insurance services,3,23-08-2022,25-11-2022
386,PT79958979704247087374884,ME65998433026079128554,410,Health and wellness services,4,01-07-2022,27-11-2022
387,SM78N7809963212KRCYTRDYPGBA,NO2855437598422,329,Health and wellness services,7,14-02-2022,21-09-2022
388,HU68784313704422979806045343,AD0357942949XKSMVLBOOIBA,218,Waste management services,1,29-10-2022,30-11-2022
389,HU68784313704422979806045343,PL02388355872187260826304548,103,Security services,4,30-06-2022,04-11-2022
390,HU68784313704422979806045343,HU15831059445261419254720391,310,Waste management services,6,01-05-2022,26-11-2022
391,HU68784313704422979806045343,AL33908744009C521XY5QXTPUATG,158,Delivery services,3,08-09-2022,30-12-2022
392,FR545626506435USBYMLJZW4T92,HR2046564264198251845,393,Event planning services,9,02-01-2022,23-10-2022
393,FR545626506435USBYMLJZW4T92,ES6345491053851602647405,265,Software services,2,03-10-2021,26-12-2021
394,LT020042583090022848,CR5710841972545014452,387,Health and wellness services,1,26-05-2022,16-07-2022
395,LT020042583090022848,PS73OBEGHFSEYBLYFMH8L3QPGVQC9,311,Insurance services,15,16-09-2021,05-01-2023
396,LT020042583090022848,CY8714298070SW8FV1GLHBWSTKYO,33,Travel services,6,27-11-2021,15-06-2022
397,IT13H2361404392D7MFDQT0IDVL,AE953455736311284747558,277,Delivery services,2,26-09-2022,24-12-2022
398,IT13H2361404392D7MFDQT0IDVL,KZ22464M1ORDJRMKIJGA,401,Software services,4,10-05-2022,11-09-2022
399,IT13H2361404392D7MFDQT0IDVL,AE953455736311284747558,337,Construction services,5,24-02-2022,15-08-2022
400,DE24606440803858670949,BE14175804407331,389,Marketing services,3,04-06-2022,28-09-2022
401,DE24606440803858670949,FR052117707973ENFZR7TSHFB68,391,Marketing services,1,23-09-2022,25-10-2022
402,DE24606440803858670949,FR269578997927ZXUFJFD0UIZ87,343,Marketing services,1,25-08-2022,08-10-2022
403,CR6208159620834962189,SK9128096539431151563108,49,Health and wellness services,9,13-12-2021,12-09-2022
404,CR6208159620834962189,SI27477425351749407,72,Marketing services,3,28-01-2022,25-05-2022
405,CR6208159620834962189,SA4941E7VC2BUJG8DVLMIUB9,39,Event planning services,13,28-07-2021,27-08-2022
406,PL66688800934580256377748627,MR2233184551320834197541398,443,Insurance services,1,01-05-2022,23-06-2022
407,PL66688800934580256377748627,FR6770020963208J1UCIEIWYZ93,447,Security services,1,24-08-2022,06-10-2022
408,PL66688800934580256377748627,SI14376102936075049,300,Delivery services,5,07-05-2022,23-10-2022
409,SM15Z7626700133IYW0DGUTCR6Q,SM83P90892886318JNTNUYDHWF0,161,Delivery services,2,12-05-2022,15-07-2022
410,SM15Z7626700133IYW0DGUTCR6Q,MC574513984017FXNQQKOYBLQ33,78,Waste management services,4,12-01-2022,14-05-2022
411,CR4377281577857817397,MK34727GCD89ZBFDW30,423,Legal services,5,03-06-2022,11-11-2022
412,CR4377281577857817397,LT686535476410631841,113,Consulting services,4,25-06-2022,11-11-2022
413,MK41477DOYFWAI1W659,FI5111950414945047,259,Security services,3,03-06-2022,08-09-2022
414,MT29TBTL85012OVGSQ22YFNLREHDKPT,FR618914331395Y2P7V6AEBDG70,337,Health and wellness services,5,08-07-2022,25-12-2022
415,SI24995381014793617,FR794576365824OBDHH9XQU3Z48,111,Training services,2,08-09-2021,13-11-2021
416,SI24995381014793617,FR980228933378SS3VLX9UACU28,426,Insurance services,2,17-05-2021,26-07-2021
417,DK5795947186416720,MR3684476395740706147116764,429,Finance services,8,29-03-2022,01-12-2022
418,DK5795947186416720,ES3876567973341776820457,80,Legal services,1,20-07-2022,08-09-2022
419,DK5795947186416720,CZ7501037659587135778487,296,Finance services,1,31-05-2022,04-07-2022
420,AT419337944819836915,KW59IMZAU6XRJDDOMKHUQXXXQNGYBX,337,Finance services,8,23-03-2022,19-11-2022
421,AT419337944819836915,CZ4646558313350058759499,301,Construction services,4,14-04-2022,21-08-2022
422,LT072751014736594693,NO5707298372619,369,Finance services,1,09-08-2022,07-10-2022
423,MR3684476395740706147116764,VG31PSVD3306916511040551,144,Waste management services,3,23-12-2021,19-04-2022
424,MR3684476395740706147116764,MK76101XO6RF8MT6N44,260,Finance services,7,23-05-2022,13-01-2023
425,FR5894022872945ACYX887VOH23,FI2219198455116224,32,Security services,9,26-07-2021,13-05-2022
426,PT13236191257141033561499,BH80CEBOTKLJM2BUKX42VF,446,Travel services,4,14-07-2022,13-11-2022
427,PT13236191257141033561499,KZ08583RLSRYBXSZMLZ4,24,Training services,3,02-09-2021,20-12-2021
428,PK16OVGG5TABA3XNX7GFS7OG,IL706407341573205473112,276,Event planning services,5,14-12-2021,23-05-2022
429,PK16OVGG5TABA3XNX7GFS7OG,MD02BZL3BAJBVBOSVTVUCZLH,91,Finance services,1,21-07-2022,02-09-2022
430,PK16OVGG5TABA3XNX7GFS7OG,FR521761738278VD4WOODAQLA67,422,Software services,2,05-06-2022,16-08-2022
431,BG80BGKW2232103ST3GTY6,FR9236728895752YBZZQ60JCF08,456,Finance services,4,23-08-2022,30-12-2022
432,BG80BGKW2232103ST3GTY6,DE88503433710437310817,456,Security services,3,21-09-2021,29-12-2021
433,BG80BGKW2232103ST3GTY6,FR555370117262M8MHCS4TW0778,440,Security services,3,11-06-2022,21-09-2022
434,GB40XYTB95618940277915,HU58313167784880213722880914,400,Consulting services,1,01-10-2022,11-11-2022
435,GB40XYTB95618940277915,CH6793171T2FIYUY16UEY,46,Marketing services,3,07-09-2022,10-12-2022
436,GB40XYTB95618940277915,KZ79698SAMINRDWP0SU3,158,Legal services,2,09-07-2022,13-09-2022
437,FR828083090168ET6ILTDQURN59,AE953455736311284747558,491,Consulting services,5,04-04-2022,18-09-2022
438,FR828083090168ET6ILTDQURN59,PS73OBEGHFSEYBLYFMH8L3QPGVQC9,462,Security services,2,21-08-2022,17-11-2022
439,FR828083090168ET6ILTDQURN59,ES6345491053851602647405,119,Delivery services,1,02-02-2022,14-03-2022
440,GE75WE8521088818461588,SE0410756440958840317925,216,Travel services,4,20-11-2021,09-04-2022
441,GE75WE8521088818461588,GI83NEWZEVPW4UU7XMWZ0HZ,61,Training services,1,01-11-2022,13-12-2022
442,GE75WE8521088818461588,AE669617962979556956338,261,Training services,4,15-11-2021,21-03-2022
443,FO5917849755420235,FR815550418281TQ84CJY8Q0X83,432,Finance services,2,21-12-2021,20-02-2022
444,GR861288206OLQH2DAHVAN1RZMH,CY95098509140KUMVLON9VLJIQD8,173,Security services,5,21-10-2021,05-04-2022
445,RO30KCWCK6YFATZUPK1JDJSU,AZ73BFASXO7TAC1SDXQLYB2RTNGJ,125,Training services,2,01-06-2022,25-08-2022
446,RO30KCWCK6YFATZUPK1JDJSU,CZ7345444139802983588544,143,Software services,1,29-06-2022,11-08-2022
447,RO30KCWCK6YFATZUPK1JDJSU,EE386688945979336861,223,Delivery services,3,18-04-2022,30-07-2022
448,RO13UPSSRHMVA84JH0TPPTVX,MD02BZL3BAJBVBOSVTVUCZLH,456,Construction services,1,13-11-2022,15-12-2022
449,RO13UPSSRHMVA84JH0TPPTVX,MK885706QX8UYFKTF20,410,Travel services,5,07-06-2022,22-11-2022
450,RO13UPSSRHMVA84JH0TPPTVX,KW22OLNPISJDMT4SNHFR0DSPN5ANKQ,293,Legal services,9,15-10-2021,22-07-2022
451,RO13UPSSRHMVA84JH0TPPTVX,FR273037025062NQTUZGL8HIC68,132,Event planning services,3,02-03-2022,27-06-2022
452,LI4086518PKMEK1TNNUIG,FR828083090168ET6ILTDQURN59,463,Travel services,2,08-03-2022,18-05-2022
453,NO5707298372619,MK607269Y52K7L4HG42,241,Waste management services,3,17-06-2022,03-10-2022
454,NO5707298372619,CH584827884PGVRUBCRFO,109,Construction services,8,05-01-2022,01-10-2022
455,NO5707298372619,SM83P90892886318JNTNUYDHWF0,232,Consulting services,6,11-11-2021,14-05-2022
456,TR7857618UXWCWBI4V4IUMMBD5,DK2320762204856596,48,Marketing services,2,10-01-2022,13-03-2022
457,TR7857618UXWCWBI4V4IUMMBD5,NL76JNXX1868440926,319,Finance services,3,16-02-2022,15-06-2022
458,TR7857618UXWCWBI4V4IUMMBD5,SA4941E7VC2BUJG8DVLMIUB9,354,Consulting services,4,02-03-2022,28-07-2022
459,BH28EQZSLZB0CFICEYOZHW,FR823591936920GRRQXKU19RZ41,482,Waste management services,9,30-03-2022,29-12-2022
460,BH28EQZSLZB0CFICEYOZHW,FR1502944963172WZYK2TOUP756,421,Health and wellness services,1,22-07-2022,12-09-2022
461,IS854519170803540031159058,CZ7501037659587135778487,294,Finance services,7,17-12-2021,15-07-2022
462,IS854519170803540031159058,FR828083090168ET6ILTDQURN59,335,Training services,5,05-03-2022,08-08-2022
463,FR768052907885WGR8C1JBYOU54,IS720835397310571562917668,257,Waste management services,5,02-07-2021,17-12-2021
464,FR768052907885WGR8C1JBYOU54,DE14729572230611752366,485,Software services,4,21-08-2022,23-12-2022
465,FR768052907885WGR8C1JBYOU54,BG60XTTX845800OI22AMHG,492,Consulting services,1,09-12-2021,17-01-2022
466,IL706407341573205473112,FR718643467428HIJYLT8CYGQ82,288,Travel services,6,24-04-2022,01-11-2022
467,IL706407341573205473112,LV85LQVR5CYMZNTJEAENO,240,Training services,1,20-04-2022,12-06-2022
468,MD62NVLXRWUOQ1BVDGBQ1HOW,FR8531903426929BVM9A1DXCW93,440,Security services,2,05-06-2022,30-08-2022
469,MD62NVLXRWUOQ1BVDGBQ1HOW,PK96UAFUYAA6NVVXOQDYXM6R,389,Insurance services,3,06-06-2022,27-09-2022
470,MD62NVLXRWUOQ1BVDGBQ1HOW,MT29TBTL85012OVGSQ22YFNLREHDKPT,418,Finance services,1,01-07-2022,09-08-2022
471,CH0777012CHPF0RNYLH5D,BH54PCIVYK9ZY4NPXRS8O3,28,Insurance services,1,26-05-2022,13-07-2022
472,CH0777012CHPF0RNYLH5D,GR522354528C95EVZDAXCLHWO6W,284,Event planning services,1,11-06-2022,31-07-2022
473,CH0777012CHPF0RNYLH5D,RS23635468475653514503,282,Event planning services,6,15-03-2022,07-10-2022
474,SA95663L8AYYQFUGNYDUDYGY,DO09YBQL07479057498667250098,158,Event planning services,1,17-03-2022,19-04-2022
475,SA95663L8AYYQFUGNYDUDYGY,IE64VVRQ32687269365888,175,Construction services,3,03-11-2021,11-02-2022
476,FR718643467428HIJYLT8CYGQ82,AZ64HEGTJCSUZBLP4MODQD5TXA2Y,329,Insurance services,1,23-07-2022,18-09-2022
477,FR718643467428HIJYLT8CYGQ82,HR2046564264198251845,79,Training services,3,06-07-2022,30-10-2022
478,FR718643467428HIJYLT8CYGQ82,IL240866025059159431398,44,Legal services,2,03-07-2022,14-09-2022
479,LI7115490UEKKHC5HEOMC,PL48063123299606189735634665,68,Waste management services,1,30-05-2022,04-07-2022
480,LI7115490UEKKHC5HEOMC,AT678813955725840852,343,Construction services,2,06-05-2022,18-07-2022
481,LI7115490UEKKHC5HEOMC,LI94577706TCILDNRABOC,66,Finance services,7,16-04-2022,15-11-2022
482,PK52YQMIKKNXKJTPECSBKECZ,FR521761738278VD4WOODAQLA67,67,Finance services,10,17-02-2022,28-12-2022
483,PK52YQMIKKNXKJTPECSBKECZ,SM04O2872816220NX2CRTU1F91Z,30,Finance services,3,04-04-2022,07-07-2022
484,PK52YQMIKKNXKJTPECSBKECZ,SK9128096539431151563108,173,Event planning services,3,18-12-2021,03-04-2022
485,PK52YQMIKKNXKJTPECSBKECZ,FR067220098632VIHYMPBGS8E97,276,Consulting services,5,20-01-2022,16-07-2022
486,RO24FUJYCNJEVRWWMVTOBVYT,BH97ABMEE8WLEVCLROPPPE,137,Construction services,10,08-02-2022,10-12-2022
487,HU58313167784880213722880914,MU31UEWC1168158191908027236MKS,189,Waste management services,1,06-02-2022,15-03-2022
488,HU58313167784880213722880914,MR2368945812321419374551561,194,Marketing services,3,26-06-2022,30-09-2022
489,FR823591936920GRRQXKU19RZ41,IS928892874631938551679674,133,Consulting services,12,23-12-2021,09-01-2023
490,GR468571309BMGLC5BMOONSZWQT,VG31PSVD3306916511040551,125,Waste management services,3,13-11-2021,20-02-2022
491,GR468571309BMGLC5BMOONSZWQT,TN9828137049969786960962,277,Delivery services,8,19-03-2022,05-12-2022
492,NO7274412447600,MD02BZL3BAJBVBOSVTVUCZLH,133,Training services,8,22-04-2022,01-01-2023
493,NO7274412447600,RS27535419511289380411,263,Marketing services,6,04-06-2022,17-12-2022
494,NO7274412447600,LT696654847411372478,450,Waste management services,3,14-03-2022,30-06-2022
495,LV70QKFNXIINGQFGQWTS8,CY8714298070SW8FV1GLHBWSTKYO,484,Software services,13,16-08-2021,11-09-2022
496,LV70QKFNXIINGQFGQWTS8,MD127KRR5IDXVHDKKSBDCYLZ,63,Marketing services,1,19-08-2022,10-10-2022
497,LV70QKFNXIINGQFGQWTS8,SA5545H45I8QO6OZPKC1AJ1H,220,Security services,1,18-09-2021,06-11-2021
498,DO09YBQL07479057498667250098,DE42771744757544870860,146,Software services,5,31-08-2021,13-02-2022
499,MD352HZKLXD7BFBSGKEAUTNZ,BH67DBGDTWOO98T1IIB1GE,78,Legal services,3,04-08-2022,01-12-2022
500,MD352HZKLXD7BFBSGKEAUTNZ,MD45BCMPTO0A8JEWCMIMULCR,318,Waste management services,5,14-02-2022,06-08-2022
501,MK2390315VYRI0CKX34,TN2192558651311039733353,271,Security services,5,19-04-2022,23-09-2022
502,MK2390315VYRI0CKX34,DK2114195689978254,498,Security services,6,19-05-2022,15-11-2022
503,LI9371923OXAYHIGPTSWF,CY5122402135SHM0H4LXR6ZNAKUI,345,Event planning services,13,30-09-2021,03-11-2022
504,LI9371923OXAYHIGPTSWF,FR044345369650K70UZEP1PLB38,407,Construction services,3,04-07-2022,07-10-2022
505,FR919332503670XLIEN3EAJAP79,SI14376102936075049,126,Finance services,1,23-04-2022,06-06-2022
506,CH9064317NC6X7QUDMO5B,HU58313167784880213722880914,132,Travel services,2,23-10-2021,26-12-2021
507,CH9064317NC6X7QUDMO5B,AE236837503028130721519,265,Travel services,1,14-08-2021,18-09-2021
508,AZ66GLLCMWGFFSKTDRD2WLKPHLEU,SI16655849116473450,172,Finance services,6,16-04-2022,20-10-2022
509,PT49707589011545865450544,FR023968166162QFMI9LTRFYP13,65,Finance services,2,02-07-2021,12-09-2021
510,CY95098509140KUMVLON9VLJIQD8,GB76IQCB97160799774998,203,Security services,11,31-10-2021,20-10-2022
511,CY95098509140KUMVLON9VLJIQD8,NL57TYWJ4684226641,106,Consulting services,5,10-02-2022,22-07-2022
512,IS720835397310571562917668,BE14175804407331,255,Legal services,6,10-07-2021,08-01-2022
513,IS720835397310571562917668,SM67I59744507953ATHJ7DUIE9D,151,Event planning services,3,11-08-2021,24-11-2021
514,KZ5999506HVXYZY3JUJI,SI16655849116473450,312,Waste management services,3,21-03-2022,30-06-2022
515,KZ5999506HVXYZY3JUJI,IL864925811367077730271,411,Delivery services,6,23-05-2022,20-11-2022
516,DE88503433710437310817,FR263097337494WTJNN9YCWBB79,236,Health and wellness services,6,27-06-2021,21-01-2022
517,AT678813955725840852,FR303288991256XXMQKCMLZAD26,470,Training services,2,16-04-2022,17-06-2022
518,AT678813955725840852,IS928892874631938551679674,327,Health and wellness services,8,27-11-2021,02-08-2022
519,AT678813955725840852,KW60GHNXNSHUOVNJSBVP2SQ00JCM0P,473,Event planning services,1,12-02-2022,02-04-2022
520,MU31ZXVS5616427840984886555RWZ,NO5707298372619,305,Construction services,4,09-02-2022,12-06-2022
521,MU31ZXVS5616427840984886555RWZ,EE853716562864970222,124,Legal services,5,14-02-2022,26-07-2022
522,MU31ZXVS5616427840984886555RWZ,CY9873342199LFMKFAYXM2EDQHLW,305,Finance services,1,20-03-2022,23-04-2022
523,MU31ZXVS5616427840984886555RWZ,ES1439225274313147027314,40,Insurance services,8,28-01-2022,01-10-2022
524,AZ64HEGTJCSUZBLP4MODQD5TXA2Y,IL864925811367077730271,144,Finance services,1,12-11-2022,18-12-2022
525,SA82871FSUT7YMRSB9HYZFRQ,FR3481428835649QEVERDZJYP38,309,Training services,5,16-04-2022,23-09-2022
526,SA82871FSUT7YMRSB9HYZFRQ,FR972388823743M5JPHUZ8VN953,298,Delivery services,1,03-10-2022,18-11-2022
527,SA82871FSUT7YMRSB9HYZFRQ,KZ5999506HVXYZY3JUJI,387,Travel services,4,27-08-2022,02-01-2023
528,SA82871FSUT7YMRSB9HYZFRQ,MT96UJMO84351ISUKDQAC1BVUSET7YZ,357,Delivery services,7,02-04-2022,17-11-2022
529,BH58MVVMELSVPCFDSZUQT8,IS928892874631938551679674,104,Marketing services,10,09-02-2022,17-12-2022
530,FR3141806374742YTJQIW8M8V61,FR957095196666WZCFKX7UIOC49,277,Waste management services,8,15-10-2021,14-06-2022
531,FR3141806374742YTJQIW8M8V61,SA82871FSUT7YMRSB9HYZFRQ,481,Training services,2,18-08-2022,13-11-2022
532,FR3141806374742YTJQIW8M8V61,BG96DUOA015893RAOVD5AK,487,Travel services,2,08-06-2022,24-08-2022
533,HU15831059445261419254720391,PT96360701922156082244556,57,Health and wellness services,2,01-12-2021,04-02-2022
534,HU15831059445261419254720391,FR1502944963172WZYK2TOUP756,425,Legal services,4,12-04-2022,30-08-2022
535,HU15831059445261419254720391,ES4028147503081363996112,338,Finance services,8,06-11-2021,19-07-2022
536,FR236631003080GIYTWDCWVFH78,BG96DUOA015893RAOVD5AK,29,Marketing services,9,09-02-2022,26-11-2022
537,FR236631003080GIYTWDCWVFH78,BR1205660151330024495652954UY,446,Waste management services,4,17-07-2022,26-11-2022
538,FR236631003080GIYTWDCWVFH78,PT79958979704247087374884,164,Event planning services,5,20-02-2022,16-08-2022
539,BE55191200578333,FR695430719047MSWFWEIHCAO18,373,Travel services,1,27-12-2021,11-02-2022
540,SA3362YUBLXWH0QPSXXHHUFK,FI2219198455116224,72,Security services,9,28-12-2021,15-10-2022
541,SA3362YUBLXWH0QPSXXHHUFK,FR5013365821287GQMMDD6OLU83,81,Construction services,5,19-06-2022,04-12-2022
542,SA3362YUBLXWH0QPSXXHHUFK,SI74825760997584571,429,Consulting services,9,16-03-2022,14-12-2022
543,SA3362YUBLXWH0QPSXXHHUFK,KW82KSFYM4YY93ESZGLAMCNATMMBIG,70,Delivery services,11,30-12-2021,24-12-2022
544,ES4028147503081363996112,LB020531YBRENLULG71HLYYHAJFW,393,Finance services,9,07-04-2022,05-01-2023
545,ES4028147503081363996112,IS854519170803540031159058,72,Software services,3,15-06-2022,14-09-2022
546,ES4028147503081363996112,FR273037025062NQTUZGL8HIC68,161,Training services,3,18-03-2022,13-07-2022
547,KZ64703VA9TXWV1O4CUM,FR936121328389LQQGOASLWT796,425,Security services,4,16-07-2022,24-11-2022
548,KZ64703VA9TXWV1O4CUM,SE4479248889724865310316,51,Software services,3,20-08-2022,23-11-2022
549,KZ64703VA9TXWV1O4CUM,FR695430719047MSWFWEIHCAO18,380,Security services,8,13-12-2021,22-08-2022
550,LV98EVGAVWCBKYEZOLKU9,ME29934419048456282390,318,Legal services,2,28-09-2022,03-12-2022
551,LV98EVGAVWCBKYEZOLKU9,NO1086289381692,21,Marketing services,2,27-03-2022,17-06-2022
552,LV98EVGAVWCBKYEZOLKU9,DO39GE7C12482803957849368595,290,Finance services,7,12-02-2022,10-09-2022
553,LV55XFBII6FKFXSK3PXAU,FR241647887802ACKVGEEEQZM87,256,Event planning services,2,15-08-2022,03-11-2022
554,FR390919493726CUBB0X2AUQD94,FR263097337494WTJNN9YCWBB79,372,Finance services,4,15-09-2021,18-01-2022
555,FR390919493726CUBB0X2AUQD94,GI75AYZZSTSK4O602XYWK5Y,298,Insurance services,6,05-06-2022,20-12-2022
556,ME65998433026079128554,AZ73BFASXO7TAC1SDXQLYB2RTNGJ,457,Health and wellness services,2,30-07-2022,20-10-2022
557,ME65998433026079128554,SI24995381014793617,81,Travel services,1,29-10-2021,06-12-2021
558,FR938173448585BAIZQZ14X8G91,RS34859514741464869106,292,Security services,4,18-07-2022,16-11-2022
559,BH97ABMEE8WLEVCLROPPPE,FR269578997927ZXUFJFD0UIZ87,376,Finance services,2,16-02-2022,22-04-2022
560,BH97ABMEE8WLEVCLROPPPE,PT07106690676316508649610,130,Insurance services,9,09-12-2021,24-09-2022
561,BH97ABMEE8WLEVCLROPPPE,LV72XXYBH0G42VAO1QZAS,340,Finance services,2,08-04-2022,21-06-2022
562,SI14376102936075049,CR6208159620834962189,255,Insurance services,9,26-08-2021,09-06-2022
563,SI14376102936075049,DE26201314004591017445,177,Finance services,5,18-05-2022,04-11-2022
564,CZ7345444139802983588544,DE40064213356819991051,31,Event planning services,2,10-09-2022,04-12-2022
565,CZ7345444139802983588544,AT081187867286884882,70,Insurance services,4,05-08-2022,01-01-2023
566,CZ7345444139802983588544,FI2219198455116224,393,Consulting services,2,24-06-2022,01-09-2022
567,HU90888651622857489620287790,PK16JVLT9WUDT2GTNRJXDCWX,310,Construction services,1,22-10-2022,18-12-2022
568,HU90888651622857489620287790,ES4028147503081363996112,423,Delivery services,8,20-04-2022,06-01-2023
569,HU90888651622857489620287790,FR1502944963172WZYK2TOUP756,485,Security services,7,08-05-2022,01-01-2023
570,CR3363379287437459602,LI9457531A6YJLWIJKNSQ,270,Delivery services,2,01-08-2021,01-10-2021
571,CR3363379287437459602,AZ66GLLCMWGFFSKTDRD2WLKPHLEU,425,Insurance services,10,16-01-2022,22-11-2022
572,SA7921PAVZLGBPQUVNDYCZNY,ME29934419048456282390,251,Marketing services,5,01-06-2022,20-11-2022
573,SA7921PAVZLGBPQUVNDYCZNY,FR984154852590FLGU1CSXJNA08,441,Delivery services,3,15-08-2022,19-11-2022
574,FR9031821508967Z4A0EKZ0F802,IL757842282767511621870,489,Event planning services,2,14-11-2021,17-01-2022
575,FR9031821508967Z4A0EKZ0F802,SA8805TF9YHK68JRJYE64GMK,75,Security services,1,16-03-2022,21-04-2022
576,FR9031821508967Z4A0EKZ0F802,GE75WE8521088818461588,102,Training services,2,13-03-2022,20-05-2022
577,ME17166678628475535698,CH0777012CHPF0RNYLH5D,491,Software services,9,05-12-2021,30-09-2022
578,ME17166678628475535698,CH6793171T2FIYUY16UEY,327,Waste management services,1,06-01-2022,04-03-2022
579,AZ82SJGCNRR6QR1HB8PBWOX5UT7D,IE72QVSZ87136645799851,172,Software services,1,05-11-2022,23-12-2022
580,AZ82SJGCNRR6QR1HB8PBWOX5UT7D,HU68784313704422979806045343,337,Event planning services,2,20-09-2022,10-12-2022
581,FR263097337494WTJNN9YCWBB79,SK9128096539431151563108,324,Construction services,2,20-07-2021,22-09-2021
582,FR263097337494WTJNN9YCWBB79,IT56S7325864523V7YMRWOSUY1J,163,Insurance services,1,06-08-2021,10-09-2021
583,FR554239335295BIZEUWV3CFF55,BR0310713915481509546647092WZ,77,Construction services,5,21-07-2022,11-01-2023
584,FR554239335295BIZEUWV3CFF55,FR666537258783X8OMC04VFTC42,422,Waste management services,6,19-06-2022,01-01-2023
585,ME47023169616824130549,AD0357942949XKSMVLBOOIBA,119,Software services,5,02-04-2022,22-09-2022
586,ME47023169616824130549,GB76IQCB97160799774998,218,Legal services,12,28-11-2021,25-11-2022
587,ME47023169616824130549,PS73OBEGHFSEYBLYFMH8L3QPGVQC9,398,Training services,4,16-05-2022,22-09-2022
588,FR984154852590FLGU1CSXJNA08,CH584827884PGVRUBCRFO,258,Marketing services,5,30-04-2022,03-10-2022
589,DK1296358774419108,ME06010270545643065544,299,Delivery services,4,21-06-2022,02-11-2022
590,DK1296358774419108,IS720835397310571562917668,359,Construction services,7,16-06-2021,01-02-2022
591,DK1296358774419108,FR023968166162QFMI9LTRFYP13,212,Consulting services,1,19-04-2021,30-05-2021
592,MT96UJMO84351ISUKDQAC1BVUSET7YZ,FR023968166162QFMI9LTRFYP13,78,Delivery services,1,24-10-2021,12-12-2021
593,MT96UJMO84351ISUKDQAC1BVUSET7YZ,MC252479540832T14TYUTCAJX17,145,Travel services,11,30-12-2021,29-11-2022
594,MT96UJMO84351ISUKDQAC1BVUSET7YZ,DO09YBQL07479057498667250098,31,Delivery services,7,30-12-2021,30-07-2022
595,FR067220098632VIHYMPBGS8E97,MK607269Y52K7L4HG42,196,Travel services,3,07-06-2022,15-09-2022
596,FR067220098632VIHYMPBGS8E97,AD0357942949XKSMVLBOOIBA,248,Event planning services,1,03-06-2022,05-07-2022
597,FR067220098632VIHYMPBGS8E97,NO2855437598422,447,Software services,2,19-08-2021,02-11-2021
598,DK2114195689978254,SK8004144805657907594151,159,Legal services,4,13-08-2022,04-01-2023
599,DK2114195689978254,SM04O2872816220NX2CRTU1F91Z,28,Security services,1,19-05-2022,11-07-2022
600,DE14729572230611752366,PS81ZQCHDLD7M5SDZUWZNKSYSTCMO,373,Consulting services,9,06-01-2022,13-10-2022
601,LI2942803QDOD3E000JXV,SM15Z7626700133IYW0DGUTCR6Q,60,Legal services,1,09-11-2021,16-12-2021
602,FR746574562519JBFAYYCZ5KX70,BA975439577438062611,315,Construction services,3,11-04-2022,03-08-2022
603,FR746574562519JBFAYYCZ5KX70,SA82871FSUT7YMRSB9HYZFRQ,282,Event planning services,2,16-10-2022,27-12-2022
604,FR746574562519JBFAYYCZ5KX70,FR5041164036327DMV1CRBHOK58,132,Legal services,7,04-04-2022,14-11-2022
605,FR553701618541DD6XFVKOG0J19,DE88503433710437310817,457,Delivery services,3,04-03-2022,20-06-2022
606,FR553701618541DD6XFVKOG0J19,FR746574562519JBFAYYCZ5KX70,350,Finance services,6,22-12-2021,11-07-2022
607,FR553701618541DD6XFVKOG0J19,KW82KSFYM4YY93ESZGLAMCNATMMBIG,336,Finance services,6,01-10-2021,13-04-2022
608,LB941675UDL4DF8O5J2L71XJLEFK,GR398289153L5EKN5JL8GVUGQ9D,22,Travel services,2,07-09-2022,15-11-2022
609,LB941675UDL4DF8O5J2L71XJLEFK,MK88922HU8SSC0WM810,390,Training services,2,14-08-2022,01-11-2022
610,LB941675UDL4DF8O5J2L71XJLEFK,ME47023169616824130549,234,Finance services,4,08-06-2022,10-10-2022
611,GI75AYZZSTSK4O602XYWK5Y,RS34859514741464869106,279,Consulting services,5,03-07-2022,09-12-2022
612,GI75AYZZSTSK4O602XYWK5Y,FR415369337789HNEDLEYCLTX34,63,Delivery services,1,22-07-2022,31-08-2022
613,GI75AYZZSTSK4O602XYWK5Y,GR468571309BMGLC5BMOONSZWQT,333,Travel services,2,16-06-2022,06-09-2022
614,BG40TPDR774015VYLUI0BM,CR6208159620834962189,190,Legal services,3,20-08-2021,22-11-2021
615,BG40TPDR774015VYLUI0BM,AZ82SJGCNRR6QR1HB8PBWOX5UT7D,180,Security services,1,08-12-2021,27-01-2022
616,GR610161458JIHV88MPLUUKPWJ5,CZ7345444139802983588544,320,Legal services,5,14-07-2022,04-01-2023
617,GR610161458JIHV88MPLUUKPWJ5,RO38TDIXDHGRSSBIIEBSAHNZ,96,Legal services,2,13-03-2022,05-06-2022
618,SK8004144805657907594151,MR2233184551320834197541398,56,Construction services,1,25-07-2022,20-09-2022
619,SK8004144805657907594151,FR262813619748PNCVTCELAXG12,199,Insurance services,2,13-05-2022,27-07-2022
620,SK8004144805657907594151,KW22OLNPISJDMT4SNHFR0DSPN5ANKQ,383,Construction services,3,11-08-2022,09-11-2022
621,NL16YIIT3067429023,FR654459310157FSFJXHSE1FU24,365,Health and wellness services,11,17-12-2021,12-11-2022
622,NL16YIIT3067429023,MU31UEWC1168158191908027236MKS,123,Delivery services,4,28-11-2021,26-04-2022
623,FR303288991256XXMQKCMLZAD26,FR236631003080GIYTWDCWVFH78,394,Insurance services,4,05-05-2022,05-09-2022
624,HR2684646346109894181,IL563665854804309369837,118,Event planning services,9,13-01-2022,07-11-2022
625,HR2684646346109894181,LT696654847411372478,109,Software services,5,06-08-2021,07-01-2022
626,HR2684646346109894181,AZ66GLLCMWGFFSKTDRD2WLKPHLEU,293,Training services,13,31-08-2021,02-10-2022
627,ME29934419048456282390,FR768052907885WGR8C1JBYOU54,101,Waste management services,2,26-06-2022,14-09-2022
628,ME29934419048456282390,LI94577706TCILDNRABOC,335,Construction services,3,24-06-2022,13-10-2022
629,ME29934419048456282390,FR3141806374742YTJQIW8M8V61,20,Security services,6,12-06-2022,23-12-2022
630,ES6345491053851602647405,LI9457531A6YJLWIJKNSQ,135,Waste management services,4,17-10-2021,23-02-2022
631,ES6345491053851602647405,LU40354T9JDUQ2D13TJD,187,Travel services,3,15-08-2021,08-12-2021
632,ES6345491053851602647405,KZ5999506HVXYZY3JUJI,112,Legal services,1,04-11-2021,24-12-2021
633,FO0906938323937245,IE72QVSZ87136645799851,204,Consulting services,4,25-12-2021,28-04-2022
634,FO0906938323937245,DE42771744757544870860,270,Legal services,3,09-01-2022,06-05-2022
635,FO0906938323937245,CH0777012CHPF0RNYLH5D,435,Waste management services,2,02-01-2022,05-03-2022
636,ES1439225274313147027314,KZ10710KAXRKBV4ETOSD,160,Software services,1,30-11-2022,07-01-2023
637,ES1439225274313147027314,AE791992291992682614433,136,Consulting services,1,23-06-2022,15-08-2022
638,ES1439225274313147027314,CH40257354COC2G42ATEJ,154,Marketing services,2,16-08-2022,21-10-2022
639,AT671585863609047907,SA8805TF9YHK68JRJYE64GMK,303,Security services,1,27-08-2022,17-10-2022
640,AT671585863609047907,KZ5999506HVXYZY3JUJI,202,Health and wellness services,5,20-03-2022,10-09-2022
641,BG60XTTX845800OI22AMHG,FR3481428835649QEVERDZJYP38,79,Consulting services,1,11-01-2022,26-02-2022
642,BG60XTTX845800OI22AMHG,IE64VVRQ32687269365888,236,Waste management services,1,05-12-2021,05-01-2022
643,PS73OBEGHFSEYBLYFMH8L3QPGVQC9,FR1543277896585ZIK0CSQLQV29,225,Marketing services,5,27-04-2022,09-10-2022
644,MK238558E9MGV3EF749,BH58MVVMELSVPCFDSZUQT8,237,Event planning services,16,22-02-2021,13-07-2022
645,IT56S7325864523V7YMRWOSUY1J,VG31PSVD3306916511040551,61,Software services,2,20-09-2022,30-11-2022
646,IT56S7325864523V7YMRWOSUY1J,KZ08583RLSRYBXSZMLZ4,236,Training services,5,15-08-2021,03-02-2022
647,IT56S7325864523V7YMRWOSUY1J,CY8714298070SW8FV1GLHBWSTKYO,137,Consulting services,4,04-11-2021,10-03-2022
648,IT56S7325864523V7YMRWOSUY1J,MU79EOTT8963977338902634213BSU,203,Travel services,6,27-05-2022,04-12-2022
649,KW34WPWJBK15F3I0MTKUOEIJI89LLT,LV85LQVR5CYMZNTJEAENO,25,Training services,2,10-08-2022,30-10-2022
650,KW34WPWJBK15F3I0MTKUOEIJI89LLT,DK2320762204856596,28,Health and wellness services,3,04-01-2022,16-04-2022
651,CY5122402135SHM0H4LXR6ZNAKUI,AL8021214616W9VCCKPNSEDHIGBK,341,Health and wellness services,5,29-09-2021,23-03-2022
652,CY5122402135SHM0H4LXR6ZNAKUI,BA975439577438062611,342,Marketing services,1,14-09-2022,16-10-2022
653,GE05PJ4309768640882233,NO2855437598422,201,Health and wellness services,4,15-03-2022,17-07-2022
654,GE05PJ4309768640882233,FR521761738278VD4WOODAQLA67,186,Marketing services,4,10-06-2022,06-11-2022
655,GE05PJ4309768640882233,CH584827884PGVRUBCRFO,195,Insurance services,3,20-06-2022,19-09-2022
656,GE05PJ4309768640882233,NO5707298372619,393,Travel services,4,08-08-2022,24-12-2022
657,PS81ZQCHDLD7M5SDZUWZNKSYSTCMO,KW59IMZAU6XRJDDOMKHUQXXXQNGYBX,115,Insurance services,4,08-02-2022,15-06-2022
658,PS81ZQCHDLD7M5SDZUWZNKSYSTCMO,FR269578997927ZXUFJFD0UIZ87,419,Event planning services,1,21-08-2022,10-10-2022
659,PS81ZQCHDLD7M5SDZUWZNKSYSTCMO,AE595235723883635853522,258,Health and wellness services,3,22-09-2022,14-01-2023
660,AD0357942949XKSMVLBOOIBA,PT07106690676316508649610,114,Insurance services,3,15-02-2022,10-06-2022
661,AD0357942949XKSMVLBOOIBA,GL4455269002179975,243,Health and wellness services,7,30-09-2021,13-05-2022
662,AD0357942949XKSMVLBOOIBA,MR2368945812321419374551561,288,Travel services,8,02-02-2022,24-10-2022
663,SE4479248889724865310316,DO39GE7C12482803957849368595,188,Event planning services,2,30-03-2022,09-06-2022
664,SE4479248889724865310316,KZ08583RLSRYBXSZMLZ4,227,Security services,3,16-05-2022,15-08-2022
665,SE4479248889724865310316,CH9064317NC6X7QUDMO5B,135,Consulting services,1,08-01-2022,26-02-2022
666,SA6793YOGHIU7ALTAZLFWAKU,IS928892874631938551679674,338,Marketing services,4,17-04-2022,12-09-2022
667,SA6793YOGHIU7ALTAZLFWAKU,MD352HZKLXD7BFBSGKEAUTNZ,27,Finance services,5,10-07-2022,25-12-2022
668,SA6793YOGHIU7ALTAZLFWAKU,IL489787960417879635203,125,Finance services,2,14-09-2021,21-11-2021
669,SA6793YOGHIU7ALTAZLFWAKU,TN9828137049969786960962,418,Travel services,2,02-05-2022,25-07-2022
670,AD6546708196DCNFM1FYRYWR,MR2233184551320834197541398,324,Marketing services,9,31-07-2021,10-05-2022
671,AD6546708196DCNFM1FYRYWR,KZ57817DZXUEGJAWDPRF,155,Health and wellness services,2,28-10-2021,10-01-2022
672,AD6546708196DCNFM1FYRYWR,FR273037025062NQTUZGL8HIC68,302,Legal services,5,27-04-2022,09-10-2022
673,AD6546708196DCNFM1FYRYWR,PS73OBEGHFSEYBLYFMH8L3QPGVQC9,168,Consulting services,6,14-06-2022,30-12-2022
674,PK96UAFUYAA6NVVXOQDYXM6R,AE208442104089089423018,347,Delivery services,1,24-07-2022,14-09-2022
675,BH72VEUO4WGT154P1GOGKD,DK6058517087729622,19,Travel services,5,09-04-2022,02-10-2022
676,BE78314242337572,BG80BGKW2232103ST3GTY6,457,Insurance services,2,15-02-2022,21-04-2022
677,BE78314242337572,FR521761738278VD4WOODAQLA67,175,Event planning services,9,05-01-2022,19-10-2022
678,BE78314242337572,FR1177144071868EIO0XBPAQH30,186,Training services,6,20-02-2022,22-08-2022
679,SE2575710596688421800564,FR2505908882660FTQILUB4R861,19,Delivery services,2,11-01-2022,17-03-2022
680,SE2575710596688421800564,AL0632649694SYHHMSPXSYAET4R2,234,Insurance services,8,18-04-2022,10-01-2023
681,RS34859514741464869106,AE791992291992682614433,203,Software services,10,19-11-2021,20-09-2022
682,RS34859514741464869106,FR052117707973ENFZR7TSHFB68,471,Consulting services,1,03-11-2022,17-12-2022
683,RS34859514741464869106,FR1543277896585ZIK0CSQLQV29,448,Insurance services,1,15-09-2022,28-10-2022
684,RS34859514741464869106,AZ82SJGCNRR6QR1HB8PBWOX5UT7D,463,Travel services,2,05-10-2022,16-12-2022
685,MT81YCZR60394SJQRWKMUNVEAIDXKPA,BH68VDGEO3AQYIO5773CF6,165,Waste management services,2,26-03-2021,20-06-2021
686,MT81YCZR60394SJQRWKMUNVEAIDXKPA,PT13236191257141033561499,11,Finance services,1,29-04-2021,02-06-2021
687,MT81YCZR60394SJQRWKMUNVEAIDXKPA,LU51482S5LB0GJSVOYPP,186,Delivery services,1,27-08-2021,21-10-2021
688,FR1543277896585ZIK0CSQLQV29,FR044345369650K70UZEP1PLB38,15,Legal services,4,25-08-2022,24-12-2022
689,FR1543277896585ZIK0CSQLQV29,DK6058517087729622,408,Construction services,4,03-07-2022,13-11-2022
690,FR1543277896585ZIK0CSQLQV29,LI7115490UEKKHC5HEOMC,403,Construction services,4,14-08-2022,20-12-2022
691,FR521761738278VD4WOODAQLA67,DO09YBQL07479057498667250098,374,Construction services,4,05-03-2022,10-07-2022
692,FR521761738278VD4WOODAQLA67,FR156859604172LTRQ0ETNXXL69,249,Health and wellness services,4,17-02-2022,22-06-2022
693,SI27477425351749407,FR023968166162QFMI9LTRFYP13,345,Consulting services,5,14-09-2021,05-03-2022
694,FR162511973191FEJLUSCLSYA55,PL43281800397501597971052578,422,Training services,3,04-01-2022,06-04-2022
695,FR162511973191FEJLUSCLSYA55,AT671585863609047907,384,Health and wellness services,1,22-05-2022,26-06-2022
696,AT312563855247280428,FR866323816569TBEYXL0UTTS96,222,Waste management services,1,11-05-2022,20-06-2022
697,AT312563855247280428,PL02388355872187260826304548,458,Insurance services,12,31-07-2021,19-08-2022
698,AT312563855247280428,RS23635468475653514503,139,Construction services,9,25-02-2022,22-11-2022
699,AT312563855247280428,IT92R5558006844U0FADCFZP08W,274,Security services,1,25-06-2022,30-07-2022
700,FR0871364849612TYD80JXEME62,AZ82SJGCNRR6QR1HB8PBWOX5UT7D,28,Legal services,2,22-02-2022,06-05-2022
701,FR0871364849612TYD80JXEME62,LB64197862DLT0DLQ7H8HKJHW7CI,80,Travel services,5,19-07-2022,23-12-2022
702,FR0871364849612TYD80JXEME62,GR522354528C95EVZDAXCLHWO6W,70,Security services,4,25-03-2022,28-07-2022
703,FR936121328389LQQGOASLWT796,KZ10710KAXRKBV4ETOSD,473,Construction services,2,22-07-2022,23-09-2022
704,NL57TYWJ4684226641,CZ4978198580333176676814,479,Health and wellness services,3,10-11-2021,28-02-2022
705,NL57TYWJ4684226641,AE208442104089089423018,353,Finance services,3,23-03-2022,13-07-2022
706,NO1086289381692,IS720835397310571562917668,73,Event planning services,1,19-11-2021,17-01-2022
707,NO1086289381692,DE02655198100986171775,185,Travel services,4,03-07-2022,21-11-2022
708,IL489787960417879635203,GB76IQCB97160799774998,268,Waste management services,2,02-11-2021,20-01-2022
709,IL489787960417879635203,CY12037553938HANCACNARCJXUQ2,217,Delivery services,3,17-10-2021,10-02-2022
710,IL489787960417879635203,FR9236728895752YBZZQ60JCF08,43,Travel services,1,24-02-2022,15-04-2022
711,AD9785172221O1G3LAZ3EHAY,FR1543277896585ZIK0CSQLQV29,468,Marketing services,4,27-07-2022,21-12-2022
712,AD9785172221O1G3LAZ3EHAY,FR637609456526U9RDEVHO5CB69,266,Construction services,2,15-06-2022,10-09-2022
713,AD9785172221O1G3LAZ3EHAY,FR355719122719UPWYHQHCWEX12,319,Finance services,3,10-08-2022,30-11-2022
714,AD9785172221O1G3LAZ3EHAY,AZ64HEGTJCSUZBLP4MODQD5TXA2Y,155,Health and wellness services,1,19-09-2022,25-10-2022
715,EE853716562864970222,FO5917849755420235,99,Finance services,1,04-08-2021,25-09-2021
716,EE853716562864970222,KW34WPWJBK15F3I0MTKUOEIJI89LLT,54,Security services,2,06-09-2022,13-11-2022
717,EE853716562864970222,ME65998433026079128554,62,Consulting services,8,05-04-2022,17-12-2022
718,FR957095196666WZCFKX7UIOC49,PL11799872834331665811266572,344,Travel services,2,10-01-2022,18-03-2022
719,MT69HUPA88465GU9WRY2OMXLZEBAK28,SI97275105530910376,446,Travel services,4,03-09-2021,14-01-2022
720,MT69HUPA88465GU9WRY2OMXLZEBAK28,PK52YQMIKKNXKJTPECSBKECZ,89,Delivery services,3,14-04-2022,22-07-2022
721,MT69HUPA88465GU9WRY2OMXLZEBAK28,SI74825760997584571,310,Finance services,14,19-03-2021,06-06-2022
722,DE02655198100986171775,HU78408361769375686963905817,366,Health and wellness services,5,23-10-2021,26-03-2022
723,DE02655198100986171775,FI2219198455116224,110,Waste management services,2,08-11-2022,10-01-2023
724,SA3042VLBFLEND4YGUQOFAGX,SM21J8226711495E7QWVSFSIA8R,240,Software services,8,02-04-2022,07-12-2022
725,SA3042VLBFLEND4YGUQOFAGX,PL66688800934580256377748627,481,Construction services,12,26-11-2021,11-12-2022
726,SA3042VLBFLEND4YGUQOFAGX,FR1502944963172WZYK2TOUP756,420,Event planning services,5,29-07-2022,29-12-2022
727,LT515349342197999350,TN5478612701002964205356,443,Waste management services,8,24-03-2022,16-12-2022
728,LT515349342197999350,GL4455269002179975,114,Marketing services,6,23-05-2022,26-11-2022
729,LT515349342197999350,BG13JEIC509423NAXUKOLW,453,Travel services,8,08-03-2022,28-11-2022
730,GB76IQCB97160799774998,TR0242141JKJFDPUYFQ4BG1CHR,168,Construction services,2,07-07-2022,11-09-2022
731,GB76IQCB97160799774998,AT419337944819836915,375,Health and wellness services,6,20-04-2022,20-10-2022
732,GB76IQCB97160799774998,LB020531YBRENLULG71HLYYHAJFW,477,Travel services,6,27-04-2022,06-11-2022
733,PS02JZSFMNUORGS30HF7NQVLWYEHP,MT69HUPA88465GU9WRY2OMXLZEBAK28,400,Software services,4,30-05-2021,28-09-2021
734,PS02JZSFMNUORGS30HF7NQVLWYEHP,BG60XTTX845800OI22AMHG,89,Software services,1,03-12-2021,07-01-2022
735,PS02JZSFMNUORGS30HF7NQVLWYEHP,LU40354T9JDUQ2D13TJD,221,Waste management services,2,15-08-2021,11-11-2021
736,PK16JVLT9WUDT2GTNRJXDCWX,FR553701618541DD6XFVKOG0J19,75,Construction services,3,06-09-2021,09-12-2021
737,PK16JVLT9WUDT2GTNRJXDCWX,LV72XXYBH0G42VAO1QZAS,411,Consulting services,11,24-11-2021,02-11-2022
738,PK16JVLT9WUDT2GTNRJXDCWX,LV72XXYBH0G42VAO1QZAS,76,Construction services,2,23-11-2021,05-02-2022
739,BR6719619074764247260759846PC,FR433271943275Q7IKGEEUQOE62,41,Security services,6,10-05-2022,02-12-2022
740,IE64VVRQ32687269365888,ME65998433026079128554,68,Marketing services,5,07-07-2022,31-12-2022
741,IE64VVRQ32687269365888,MD62NVLXRWUOQ1BVDGBQ1HOW,480,Marketing services,1,03-06-2022,26-07-2022
742,PT96360701922156082244556,AE208442104089089423018,433,Travel services,1,09-10-2021,11-11-2021
743,PT96360701922156082244556,NO1086289381692,468,Marketing services,1,25-12-2021,27-01-2022
744,SA8805TF9YHK68JRJYE64GMK,FR8531903426929BVM9A1DXCW93,168,Consulting services,4,25-08-2022,12-01-2023
745,BR0310713915481509546647092WZ,BR7237078533304381976578605ED,328,Marketing services,1,23-10-2022,30-11-2022
746,BR0310713915481509546647092WZ,PT79958979704247087374884,71,Delivery services,1,02-02-2022,18-03-2022
747,BR0310713915481509546647092WZ,FR052117707973ENFZR7TSHFB68,165,Delivery services,7,06-12-2021,21-07-2022
748,IL563665854804309369837,DE02655198100986171775,362,Software services,3,09-09-2022,05-01-2023
749,IL563665854804309369837,IE72QVSZ87136645799851,349,Consulting services,9,01-11-2021,27-08-2022
750,MK34727GCD89ZBFDW30,FR828083090168ET6ILTDQURN59,321,Insurance services,2,18-05-2022,31-07-2022
751,MK34727GCD89ZBFDW30,HU78408361769375686963905817,278,Marketing services,3,01-10-2021,09-01-2022
752,MK34727GCD89ZBFDW30,BA975439577438062611,35,Construction services,1,02-10-2022,11-11-2022
753,FR052117707973ENFZR7TSHFB68,FR866323816569TBEYXL0UTTS96,251,Consulting services,3,20-06-2022,29-09-2022
754,FR266343225064PCVUZ6NADSB73,BE78314242337572,377,Health and wellness services,6,24-05-2022,04-12-2022
755,FR266343225064PCVUZ6NADSB73,AZ73BFASXO7TAC1SDXQLYB2RTNGJ,447,Finance services,10,25-01-2022,24-11-2022
756,TN2192558651311039733353,SA95663L8AYYQFUGNYDUDYGY,332,Delivery services,5,15-05-2022,18-10-2022
757,TN2192558651311039733353,AE791992291992682614433,248,Software services,2,09-04-2022,28-06-2022
758,CZ4646558313350058759499,KW34WPWJBK15F3I0MTKUOEIJI89LLT,283,Finance services,4,07-02-2022,30-06-2022
759,CZ4646558313350058759499,BG96DUOA015893RAOVD5AK,381,Finance services,1,01-02-2022,14-03-2022
760,CZ4646558313350058759499,DO65YOCL31275685388452922839,438,Insurance services,10,15-01-2022,16-11-2022
761,CZ4646558313350058759499,DE24606440803858670949,443,Construction services,4,16-06-2022,24-10-2022
762,BA975439577438062611,RO38TDIXDHGRSSBIIEBSAHNZ,106,Waste management services,11,01-01-2022,29-11-2022
763,FR972388823743M5JPHUZ8VN953,LU67780AHKNQAGUVIQCQ,234,Marketing services,10,16-01-2022,26-11-2022
764,FR972388823743M5JPHUZ8VN953,PT13236191257141033561499,269,Delivery services,1,25-09-2022,08-11-2022
765,VG31PSVD3306916511040551,CY9215826814N5WF0EAUVLRJNYEP,16,Training services,3,18-01-2022,10-05-2022
766,VG31PSVD3306916511040551,SE4479248889724865310316,381,Consulting services,1,18-05-2022,19-06-2022
767,AL0632649694SYHHMSPXSYAET4R2,SM79Q3694121719TOU8ASQA0WSB,258,Finance services,1,08-02-2022,15-03-2022
768,AL0632649694SYHHMSPXSYAET4R2,RO13UPSSRHMVA84JH0TPPTVX,355,Delivery services,4,26-04-2022,14-09-2022
769,AL0632649694SYHHMSPXSYAET4R2,AE953455736311284747558,472,Insurance services,4,13-07-2022,04-12-2022
770,LU40354T9JDUQ2D13TJD,BR6719619074764247260759846PC,476,Travel services,18,17-06-2021,03-01-2023
771,LU40354T9JDUQ2D13TJD,CY12037553938HANCACNARCJXUQ2,155,Travel services,16,21-07-2021,02-12-2022
772,LU40354T9JDUQ2D13TJD,EE853716562864970222,52,Marketing services,8,12-11-2021,12-07-2022
773,IE72QVSZ87136645799851,PL89877171017396818184443026,70,Delivery services,1,26-10-2022,30-11-2022
774,FR380744423606NAPDXC8TKRV13,BR7237078533304381976578605ED,33,Delivery services,8,23-10-2021,13-07-2022
775,FR380744423606NAPDXC8TKRV13,FR156859604172LTRQ0ETNXXL69,490,Health and wellness services,7,13-02-2022,03-10-2022
776,MU31UEWC1168158191908027236MKS,PT54876113908975191283835,268,Marketing services,1,27-06-2021,07-08-2021
777,MU31UEWC1168158191908027236MKS,PT54876113908975191283835,335,Software services,3,01-11-2021,07-02-2022
778,CH6569821IBPATSHZIOIH,SM79Q3694121719TOU8ASQA0WSB,136,Consulting services,7,24-03-2022,18-11-2022
779,CH6569821IBPATSHZIOIH,GR665961948ADBSX9QJRLACNGCS,307,Marketing services,1,26-05-2022,13-07-2022
780,FR273037025062NQTUZGL8HIC68,FR654459310157FSFJXHSE1FU24,18,Delivery services,4,19-07-2022,23-11-2022
781,FR273037025062NQTUZGL8HIC68,FR052117707973ENFZR7TSHFB68,365,Travel services,6,18-06-2022,31-12-2022
782,FR273037025062NQTUZGL8HIC68,RS27535419511289380411,363,Finance services,2,23-06-2022,05-09-2022
783,AD9218574272NDERR6HYZMER,IS467634787117169699889043,16,Health and wellness services,3,08-08-2021,08-11-2021
784,AD9218574272NDERR6HYZMER,LI7115490UEKKHC5HEOMC,368,Travel services,7,23-05-2022,28-12-2022
785,AD9218574272NDERR6HYZMER,SE2575710596688421800564,112,Consulting services,16,02-08-2021,23-12-2022
786,AD9218574272NDERR6HYZMER,HU90888651622857489620287790,230,Marketing services,6,05-05-2022,24-11-2022
787,DE40064213356819991051,BH54PCIVYK9ZY4NPXRS8O3,411,Consulting services,1,29-05-2022,24-07-2022
788,DE40064213356819991051,DE88503433710437310817,424,Training services,5,01-08-2021,05-01-2022
789,DE40064213356819991051,BH67DBGDTWOO98T1IIB1GE,484,Event planning services,5,22-07-2022,30-12-2022
790,FR637609456526U9RDEVHO5CB69,AL33908744009C521XY5QXTPUATG,480,Marketing services,4,15-10-2021,12-02-2022
791,AE595235723883635853522,LB941675UDL4DF8O5J2L71XJLEFK,157,Construction services,1,14-07-2022,02-09-2022
792,AE595235723883635853522,DK5795947186416720,439,Marketing services,1,01-11-2022,23-12-2022
793,AE595235723883635853522,KW22OLNPISJDMT4SNHFR0DSPN5ANKQ,376,Waste management services,6,02-03-2022,15-09-2022
794,RS23635468475653514503,BH28EQZSLZB0CFICEYOZHW,108,Consulting services,5,06-01-2022,22-06-2022
795,RS23635468475653514503,GR560395974CG6TT9ZR8OFADHFE,330,Travel services,2,03-01-2022,29-03-2022
796,RS23635468475653514503,PS81ZQCHDLD7M5SDZUWZNKSYSTCMO,464,Security services,2,03-01-2022,05-03-2022
797,BH68VDGEO3AQYIO5773CF6,GI02OSMLZCVPC3LI6P7EZUF,79,Construction services,9,28-02-2022,20-12-2022
798,BH68VDGEO3AQYIO5773CF6,BH80CEBOTKLJM2BUKX42VF,488,Insurance services,1,24-01-2022,01-03-2022
799,GR398289153L5EKN5JL8GVUGQ9D,PT29499781625205195427425,39,Consulting services,1,15-08-2022,29-09-2022
800,GR398289153L5EKN5JL8GVUGQ9D,FR553701618541DD6XFVKOG0J19,208,Training services,3,01-08-2022,05-11-2022
801,GR398289153L5EKN5JL8GVUGQ9D,FR1177144071868EIO0XBPAQH30,438,Security services,4,20-07-2022,10-12-2022
802,FR912313790044NAWFTQTOP3742,LI6447144YSY4Z7BZZZRK,22,Waste management services,4,17-07-2022,23-11-2022
803,FR912313790044NAWFTQTOP3742,TN9828137049969786960962,146,Waste management services,7,11-01-2022,23-08-2022
804,FR912313790044NAWFTQTOP3742,FR067220098632VIHYMPBGS8E97,491,Training services,2,25-10-2021,28-12-2021
805,DE77222806807739559532,ES1439225274313147027314,354,Finance services,2,06-10-2022,24-12-2022
806,DE77222806807739559532,SI16655849116473450,387,Consulting services,1,30-05-2022,03-07-2022
807,FR569310056713SC8KZOLNQYJ12,BG40TPDR774015VYLUI0BM,48,Legal services,1,03-10-2021,30-11-2021
808,FR569310056713SC8KZOLNQYJ12,BE73412981269660,39,Waste management services,7,29-11-2021,20-07-2022
809,FR569310056713SC8KZOLNQYJ12,NO7274412447600,217,Construction services,3,06-06-2022,07-09-2022
810,FR8950951953808OSTKJGGULZ02,LU70851H7LSUB3GSRLFG,149,Marketing services,4,22-05-2022,08-10-2022
811,FR8950951953808OSTKJGGULZ02,IT56S7325864523V7YMRWOSUY1J,109,Insurance services,11,10-12-2021,21-11-2022
812,FR8950951953808OSTKJGGULZ02,SM21J8226711495E7QWVSFSIA8R,498,Training services,3,06-06-2022,02-10-2022
813,FR269578997927ZXUFJFD0UIZ87,CZ7345444139802983588544,496,Consulting services,1,01-06-2022,10-07-2022
814,FR269578997927ZXUFJFD0UIZ87,ME17166678628475535698,224,Delivery services,3,25-07-2022,06-11-2022
815,FR269578997927ZXUFJFD0UIZ87,PT32784241761371374262171,200,Waste management services,4,16-03-2022,11-08-2022
816,LV85LQVR5CYMZNTJEAENO,FR6770020963208J1UCIEIWYZ93,102,Health and wellness services,3,30-05-2022,18-09-2022
817,LV85LQVR5CYMZNTJEAENO,FR912313790044NAWFTQTOP3742,350,Legal services,6,24-06-2022,06-01-2023
818,LV85LQVR5CYMZNTJEAENO,MU79EOTT8963977338902634213BSU,392,Marketing services,4,27-07-2022,13-12-2022
819,FR9236728895752YBZZQ60JCF08,AE669617962979556956338,304,Training services,2,19-09-2021,14-12-2021
820,FR9236728895752YBZZQ60JCF08,FR666537258783X8OMC04VFTC42,348,Construction services,1,06-07-2022,14-08-2022
821,FR9236728895752YBZZQ60JCF08,LB020531YBRENLULG71HLYYHAJFW,353,Construction services,1,05-08-2022,29-09-2022
822,FR9236728895752YBZZQ60JCF08,MD62NVLXRWUOQ1BVDGBQ1HOW,260,Consulting services,1,09-09-2022,29-10-2022
823,VG35WZDA4882933705963825,EE853716562864970222,418,Finance services,3,10-10-2022,13-01-2023
824,VG35WZDA4882933705963825,AL7735553150TGPITLB0SYRDI9PS,161,Finance services,16,12-05-2021,27-09-2022
825,FR156859604172LTRQ0ETNXXL69,AT406845176291948939,294,Health and wellness services,3,23-04-2022,28-07-2022
826,FR156859604172LTRQ0ETNXXL69,MK2390315VYRI0CKX34,365,Health and wellness services,2,20-02-2022,24-04-2022
827,FR156859604172LTRQ0ETNXXL69,MK885706QX8UYFKTF20,483,Consulting services,1,26-07-2022,26-08-2022
828,FR980951897243NIURNICRP1L79,BH28EQZSLZB0CFICEYOZHW,240,Legal services,8,20-01-2022,30-09-2022
829,FR980951897243NIURNICRP1L79,AE595235723883635853522,122,Software services,2,19-03-2022,30-05-2022
830,FR980951897243NIURNICRP1L79,PS81ZQCHDLD7M5SDZUWZNKSYSTCMO,379,Marketing services,5,10-11-2021,10-04-2022
831,CZ5240340767680109789049,MC252479540832T14TYUTCAJX17,99,Event planning services,3,19-02-2022,05-06-2022
832,CZ5240340767680109789049,DO39GE7C12482803957849368595,398,Health and wellness services,5,10-02-2022,26-07-2022
833,KZ22464M1ORDJRMKIJGA,HU15831059445261419254720391,189,Finance services,1,16-11-2022,17-12-2022
834,KZ22464M1ORDJRMKIJGA,HU68784313704422979806045343,331,Delivery services,3,28-08-2022,30-11-2022
835,PK91LXHIO89K2LVOSOZPAQWO,SE4479248889724865310316,170,Finance services,1,04-08-2022,17-09-2022
836,PK91LXHIO89K2LVOSOZPAQWO,CY8714298070SW8FV1GLHBWSTKYO,418,Security services,1,30-10-2022,30-11-2022
837,PK91LXHIO89K2LVOSOZPAQWO,IE64VVRQ32687269365888,41,Travel services,1,11-08-2022,05-10-2022
838,PK91LXHIO89K2LVOSOZPAQWO,CH6569821IBPATSHZIOIH,412,Software services,6,13-06-2022,05-01-2023
839,MR2233184551320834197541398,BG13JEIC509423NAXUKOLW,336,Training services,1,04-06-2022,01-08-2022
840,MR2233184551320834197541398,FR1502944963172WZYK2TOUP756,176,Training services,1,12-07-2022,02-09-2022
841,MR2233184551320834197541398,FR815550418281TQ84CJY8Q0X83,272,Legal services,1,07-09-2022,08-10-2022
842,SI90561448213410524,AD6546708196DCNFM1FYRYWR,500,Travel services,1,30-06-2021,09-08-2021
843,SI90561448213410524,BR6719619074764247260759846PC,336,Construction services,1,12-06-2021,07-08-2021
